dimension_id,maker,model,slug,generation,phase,trim,drive,transmission,length_mm,width_mm,height_mm,weight_kg,structural_check,manufacturer_check,checked_fields,findings,in_git_seed,sources,notes
"4328","トヨタ","アルファード","alphard","40系 (2023-)","現行型","Z 2.5L ガソリン","2WD","CVT","4995","1850","1935","2060","基礎整合性検査済み","未照合","","未判定","あり","",""
"4329","トヨタ","アルファード","alphard","40系 (2023-)","現行型","Z 2.5L ガソリン","4WD","CVT","4995","1850","1935","2120","基礎整合性検査済み","未照合","","未判定","あり","",""
"4330","トヨタ","アルファード","alphard","40系 (2023-)","現行型","Executive Lounge 2.5L HV","2WD","CVT","4995","1850","1935","2230","基礎整合性検査済み","未照合","","未判定","あり","",""
"4331","トヨタ","アルファード","alphard","40系 (2023-)","現行型","Executive Lounge 2.5L HV","4WD","CVT","4995","1850","1935","2290","基礎整合性検査済み","未照合","","未判定","あり","",""
"4332","トヨタ","アルファード","alphard","40系 (2023-)","現行型","Z PHEV","4WD","CVT","4995","1850","1945","2440","基礎整合性検査済み","未照合","","未判定","あり","",""
"4333","トヨタ","アルファード","alphard","30系後期 (2018-2022)","前期型","S-C 2.5L","2WD","CVT","4950","1850","1935","2010","基礎整合性検査済み","未照合","","未判定","あり","",""
"4334","トヨタ","アルファード","alphard","30系後期 (2018-2022)","前期型","S-C 2.5L","4WD","CVT","4950","1850","1935","2070","基礎整合性検査済み","未照合","","未判定","あり","",""
"4335","トヨタ","アルファード","alphard","30系後期 (2018-2022)","前期型","Executive Lounge 3.5L","2WD","8AT","4945","1850","1950","2100","基礎整合性検査済み","未照合","","未判定","あり","",""
"4336","トヨタ","アルファード","alphard","30系後期 (2018-2022)","前期型","Executive Lounge 3.5L","4WD","8AT","4945","1850","1950","2170","基礎整合性検査済み","未照合","","未判定","あり","",""
"4337","トヨタ","アルファード","alphard","30系後期 (2018-2022)","前期型","S HV","2WD","CVT","4950","1850","1935","2000","基礎整合性検査済み","未照合","","未判定","あり","",""
"4338","トヨタ","アルファード","alphard","30系後期 (2018-2022)","前期型","S HV","4WD","CVT","4950","1850","1935","2060","基礎整合性検査済み","未照合","","未判定","あり","",""
"4339","トヨタ","ヴォクシー","voxy","90系 (2022-)","現行型","S-G 2.0L","2WD","CVT","4695","1730","1895","1610","基礎整合性検査済み","資料照合実施（項目限定）","全長mm / 全幅mm / 全高mm","照合項目に不一致なし・未照合項目あり得る","あり","https://toyota.jp/pages/contents/carlineup/archive/voxy/2022-01/pdf/voxy_main_s_202201_202504.pdf","90系、2022年1月〜2025年改良前。重量は装備条件があるため別途確認。"
"4340","トヨタ","ヴォクシー","voxy","90系 (2022-)","現行型","S-G 2.0L","4WD","CVT","4695","1730","1895","1670","基礎整合性検査済み","資料照合実施（項目限定）","全長mm / 全幅mm / 全高mm","誤り確認","あり","https://toyota.jp/pages/contents/carlineup/archive/voxy/2022-01/pdf/voxy_main_s_202201_202504.pdf","90系、2022年1月〜2025年改良前。重量は装備条件があるため別途確認。"
"4341","トヨタ","ヴォクシー","voxy","90系 (2022-)","現行型","S-Z 2.0L","2WD","CVT","4695","1730","1895","1640","基礎整合性検査済み","資料照合実施（項目限定）","全長mm / 全幅mm / 全高mm","照合項目に不一致なし・未照合項目あり得る","あり","https://toyota.jp/pages/contents/carlineup/archive/voxy/2022-01/pdf/voxy_main_s_202201_202504.pdf","90系、2022年1月〜2025年改良前。重量は装備条件があるため別途確認。"
"4342","トヨタ","ヴォクシー","voxy","90系 (2022-)","現行型","S-Z HV","2WD","CVT","4695","1730","1895","1690","基礎整合性検査済み","資料照合実施（項目限定）","全長mm / 全幅mm / 全高mm","照合項目に不一致なし・未照合項目あり得る","あり","https://toyota.jp/pages/contents/carlineup/archive/voxy/2022-01/pdf/voxy_main_s_202201_202504.pdf","90系、2022年1月〜2025年改良前。重量は装備条件があるため別途確認。"
"4343","トヨタ","ヴォクシー","voxy","90系 (2022-)","現行型","S-Z HV","4WD","CVT","4695","1730","1895","1740","基礎整合性検査済み","資料照合実施（項目限定）","全長mm / 全幅mm / 全高mm","誤り確認","あり","https://toyota.jp/pages/contents/carlineup/archive/voxy/2022-01/pdf/voxy_main_s_202201_202504.pdf","90系、2022年1月〜2025年改良前。重量は装備条件があるため別途確認。"
"4344","トヨタ","ヴォクシー","voxy","80系後期 (2017-2021)","前期型","ZS 2.0L","2WD","CVT","4710","1735","1825","1570","基礎整合性検査済み","未照合","","未判定","あり","",""
"4345","トヨタ","ヴォクシー","voxy","80系後期 (2017-2021)","前期型","ZS 2.0L","4WD","CVT","4710","1735","1850","1620","基礎整合性検査済み","未照合","","未判定","あり","",""
"4346","トヨタ","ヴォクシー","voxy","80系後期 (2017-2021)","前期型","ZS HV","2WD","CVT","4710","1735","1825","1610","基礎整合性検査済み","未照合","","未判定","あり","",""
"4347","トヨタ","ハリアー","harrier","80系 (2020-)","現行型","S 2.0L","2WD","CVT","4740","1855","1660","1530","基礎整合性検査済み","資料照合実施（項目限定）","全長mm / 全幅mm / 全高mm","照合項目に不一致なし・未照合項目あり得る","あり","https://toyota.jp/pages/contents/harrier/004_p_001/pdf/harrier_spec_202310.pdf","Web取得内容で寸法照合。PDF直接ダウンロードは404のため保存なし。重量は未照合。"
"4348","トヨタ","ハリアー","harrier","80系 (2020-)","現行型","G 2.0L","2WD","CVT","4740","1855","1660","1570","基礎整合性検査済み","資料照合実施（項目限定）","全長mm / 全幅mm / 全高mm","照合項目に不一致なし・未照合項目あり得る","あり","https://toyota.jp/pages/contents/harrier/004_p_001/pdf/harrier_spec_202310.pdf","Web取得内容で寸法照合。PDF直接ダウンロードは404のため保存なし。重量は未照合。"
"4349","トヨタ","ハリアー","harrier","80系 (2020-)","現行型","G 2.0L","4WD","CVT","4740","1855","1660","1640","基礎整合性検査済み","資料照合実施（項目限定）","全長mm / 全幅mm / 全高mm","照合項目に不一致なし・未照合項目あり得る","あり","https://toyota.jp/pages/contents/harrier/004_p_001/pdf/harrier_spec_202310.pdf","Web取得内容で寸法照合。PDF直接ダウンロードは404のため保存なし。重量は未照合。"
"4350","トヨタ","ハリアー","harrier","80系 (2020-)","現行型","Z 2.0L","2WD","CVT","4740","1855","1660","1590","基礎整合性検査済み","資料照合実施（項目限定）","全長mm / 全幅mm / 全高mm","照合項目に不一致なし・未照合項目あり得る","あり","https://toyota.jp/pages/contents/harrier/004_p_001/pdf/harrier_spec_202310.pdf","Web取得内容で寸法照合。PDF直接ダウンロードは404のため保存なし。重量は未照合。"
"4351","トヨタ","ハリアー","harrier","80系 (2020-)","現行型","Z Leather Package 2.0L","4WD","CVT","4740","1855","1660","1660","基礎整合性検査済み","資料照合実施（項目限定）","全長mm / 全幅mm / 全高mm","照合項目に不一致なし・未照合項目あり得る","あり","https://toyota.jp/pages/contents/harrier/004_p_001/pdf/harrier_spec_202310.pdf","Web取得内容で寸法照合。PDF直接ダウンロードは404のため保存なし。重量は未照合。"
"4352","トヨタ","ハリアー","harrier","80系 (2020-)","現行型","G HV","2WD","CVT","4740","1855","1660","1620","基礎整合性検査済み","資料照合実施（項目限定）","全長mm / 全幅mm / 全高mm","照合項目に不一致なし・未照合項目あり得る","あり","https://toyota.jp/pages/contents/harrier/004_p_001/pdf/harrier_spec_202310.pdf","Web取得内容で寸法照合。PDF直接ダウンロードは404のため保存なし。重量は未照合。"
"4353","トヨタ","ハリアー","harrier","80系 (2020-)","現行型","G HV","4WD","CVT","4740","1855","1660","1680","基礎整合性検査済み","資料照合実施（項目限定）","全長mm / 全幅mm / 全高mm","照合項目に不一致なし・未照合項目あり得る","あり","https://toyota.jp/pages/contents/harrier/004_p_001/pdf/harrier_spec_202310.pdf","Web取得内容で寸法照合。PDF直接ダウンロードは404のため保存なし。重量は未照合。"
"4354","トヨタ","ハリアー","harrier","80系 (2020-)","現行型","Z HV","2WD","CVT","4740","1855","1660","1640","基礎整合性検査済み","資料照合実施（項目限定）","全長mm / 全幅mm / 全高mm","照合項目に不一致なし・未照合項目あり得る","あり","https://toyota.jp/pages/contents/harrier/004_p_001/pdf/harrier_spec_202310.pdf","Web取得内容で寸法照合。PDF直接ダウンロードは404のため保存なし。重量は未照合。"
"4355","トヨタ","ハリアー","harrier","80系 (2020-)","現行型","Z PHEV","4WD","CVT","4740","1855","1660","1880","基礎整合性検査済み","資料照合実施（項目限定）","全長mm / 全幅mm / 全高mm","照合項目に不一致なし・未照合項目あり得る","あり","https://toyota.jp/pages/contents/harrier/004_p_001/pdf/harrier_spec_202310.pdf","Web取得内容で寸法照合。PDF直接ダウンロードは404のため保存なし。重量は未照合。"
"4356","トヨタ","ハリアー","harrier","60系 (2013-2020)","前期型","PREMIUM 2.0L","2WD","CVT","4725","1835","1690","1580","基礎整合性検査済み","未照合","","未判定","あり","",""
"4357","トヨタ","ハリアー","harrier","60系 (2013-2020)","前期型","PREMIUM 2.0L","4WD","CVT","4725","1835","1690","1640","基礎整合性検査済み","未照合","","未判定","あり","",""
"4358","トヨタ","RAV4","rav4","5代目 (2019-)","現行型","X 2.0L","2WD","CVT","4600","1855","1685","1500","基礎整合性検査済み","未照合","","未判定","あり","",""
"4359","トヨタ","RAV4","rav4","5代目 (2019-)","現行型","G 2.0L","4WD","CVT","4600","1855","1685","1570","基礎整合性検査済み","未照合","","未判定","あり","",""
"4360","トヨタ","RAV4","rav4","5代目 (2019-)","現行型","Adventure 2.0L","4WD","CVT","4610","1865","1690","1630","基礎整合性検査済み","未照合","","未判定","あり","",""
"4361","トヨタ","RAV4","rav4","5代目 (2019-)","現行型","G HV","2WD","CVT","4600","1855","1685","1590","基礎整合性検査済み","未照合","","未判定","あり","",""
"4362","トヨタ","RAV4","rav4","5代目 (2019-)","現行型","G HV","4WD","CVT","4600","1855","1685","1640","基礎整合性検査済み","未照合","","未判定","あり","",""
"4363","トヨタ","RAV4","rav4","5代目 (2019-)","現行型","Adventure PHEV","4WD","CVT","4600","1855","1695","1900","基礎整合性検査済み","未照合","","未判定","あり","",""
"4364","トヨタ","ヤリス","yaris","初代 (2020-)","現行型","X 1.0L","2WD","CVT","3940","1695","1500","940","基礎整合性検査済み","資料照合実施（項目限定）","全長mm / 全幅mm / 全高mm","照合項目に不一致なし・未照合項目あり得る","あり","https://toyota.jp/pages/contents/yaris/001_p_001/pdf/spec/yaris_spec_201912.pdf","2020年発売時。4WD/E-Fourの高さを区別。GR SPORTは国内グレードの特定が別途必要。"
"4365","トヨタ","ヤリス","yaris","初代 (2020-)","現行型","G 1.5L","2WD","CVT","3940","1695","1500","1020","基礎整合性検査済み","資料照合実施（項目限定）","全長mm / 全幅mm / 全高mm","照合項目に不一致なし・未照合項目あり得る","あり","https://toyota.jp/pages/contents/yaris/001_p_001/pdf/spec/yaris_spec_201912.pdf","2020年発売時。4WD/E-Fourの高さを区別。GR SPORTは国内グレードの特定が別途必要。"
"4366","トヨタ","ヤリス","yaris","初代 (2020-)","現行型","G 1.5L","4WD","CVT","3940","1695","1500","1060","基礎整合性検査済み","資料照合実施（項目限定）","全長mm / 全幅mm / 全高mm","誤り確認","あり","https://toyota.jp/pages/contents/yaris/001_p_001/pdf/spec/yaris_spec_201912.pdf","2020年発売時。4WD/E-Fourの高さを区別。GR SPORTは国内グレードの特定が別途必要。"
"4367","トヨタ","ヤリス","yaris","初代 (2020-)","現行型","Z 1.5L","2WD","CVT","3940","1695","1500","1050","基礎整合性検査済み","資料照合実施（項目限定）","全長mm / 全幅mm / 全高mm","照合項目に不一致なし・未照合項目あり得る","あり","https://toyota.jp/pages/contents/yaris/001_p_001/pdf/spec/yaris_spec_201912.pdf","2020年発売時。4WD/E-Fourの高さを区別。GR SPORTは国内グレードの特定が別途必要。"
"4368","トヨタ","ヤリス","yaris","初代 (2020-)","現行型","Z HV","2WD","CVT","3940","1695","1500","1050","基礎整合性検査済み","資料照合実施（項目限定）","全長mm / 全幅mm / 全高mm","照合項目に不一致なし・未照合項目あり得る","あり","https://toyota.jp/pages/contents/yaris/001_p_001/pdf/spec/yaris_spec_201912.pdf","2020年発売時。4WD/E-Fourの高さを区別。GR SPORTは国内グレードの特定が別途必要。"
"4369","トヨタ","ヤリス","yaris","初代 (2020-)","現行型","Z HV","4WD","CVT","3940","1695","1500","1110","基礎整合性検査済み","資料照合実施（項目限定）","全長mm / 全幅mm / 全高mm","誤り確認","あり","https://toyota.jp/pages/contents/yaris/001_p_001/pdf/spec/yaris_spec_201912.pdf","2020年発売時。4WD/E-Fourの高さを区別。GR SPORTは国内グレードの特定が別途必要。"
"4370","トヨタ","ヤリス","yaris","初代 (2020-)","現行型","GR SPORT 1.5L","2WD","CVT","3940","1695","1500","1040","基礎整合性検査済み","未照合","","未判定","あり","",""
"4371","トヨタ","ヤリスクロス","yaris-cross","初代 (2020-)","現行型","X 1.5L ガソリン","2WD","CVT","4180","1765","1590","1110","基礎整合性検査済み","未照合","","未判定","あり","",""
"4372","トヨタ","ヤリスクロス","yaris-cross","初代 (2020-)","現行型","G 1.5L ガソリン","2WD","CVT","4180","1765","1590","1120","基礎整合性検査済み","未照合","","未判定","あり","",""
"4373","トヨタ","ヤリスクロス","yaris-cross","初代 (2020-)","現行型","G 1.5L ガソリン","4WD","CVT","4180","1765","1590","1180","基礎整合性検査済み","資料照合実施（項目限定）","全長mm / 全幅mm / 全高mm / 車両重量kg","誤り確認","あり","https://toyota.jp/ucar/catalog/brand-TOYOTA/car-YARIS_CROSS/202008/10130869/","2020年ガソリンG 4WD、登録1180kgとの差。"
"4374","トヨタ","ヤリスクロス","yaris-cross","初代 (2020-)","現行型","Z 1.5L ガソリン","2WD","CVT","4180","1765","1590","1140","基礎整合性検査済み","未照合","","未判定","あり","",""
"4375","トヨタ","ヤリスクロス","yaris-cross","初代 (2020-)","現行型","Z 1.5L ガソリン","4WD","CVT","4180","1765","1590","1200","基礎整合性検査済み","未照合","","未判定","あり","",""
"4376","トヨタ","ヤリスクロス","yaris-cross","初代 (2020-)","現行型","Z Adventure 1.5L ガソリン","2WD","CVT","4200","1765","1590","1150","基礎整合性検査済み","未照合","","未判定","あり","",""
"4377","トヨタ","ヤリスクロス","yaris-cross","初代 (2020-)","現行型","Z Adventure 1.5L ガソリン","4WD","CVT","4200","1765","1590","1210","基礎整合性検査済み","未照合","","未判定","あり","",""
"4378","トヨタ","ヤリスクロス","yaris-cross","初代 (2020-)","現行型","G HV","2WD","CVT","4180","1765","1590","1160","基礎整合性検査済み","未照合","","未判定","あり","",""
"4379","トヨタ","ヤリスクロス","yaris-cross","初代 (2020-)","現行型","G HV E-Four","4WD","CVT","4180","1765","1590","1250","基礎整合性検査済み","未照合","","未判定","あり","",""
"4380","トヨタ","ヤリスクロス","yaris-cross","初代 (2020-)","現行型","Z HV","2WD","CVT","4180","1765","1590","1190","基礎整合性検査済み","未照合","","未判定","あり","",""
"4381","トヨタ","ヤリスクロス","yaris-cross","初代 (2020-)","現行型","Z HV E-Four","4WD","CVT","4180","1765","1590","1260","基礎整合性検査済み","資料照合実施（項目限定）","全長mm / 全幅mm / 全高mm / 車両重量kg","誤り確認","あり","https://toyota.jp/ucar/catalog/brand-TOYOTA/car-YARIS_CROSS/202008/10130861/","2020年HYBRID Z E-Four、登録1260kgとの差。"
"4382","トヨタ","ヤリスクロス","yaris-cross","初代 (2020-)","現行型","GR SPORT 1.5L HV","2WD","CVT","4185","1765","1580","1190","基礎整合性検査済み","未照合","","未判定","あり","",""
"4383","トヨタ","プリウス","prius","60系 5代目 (2023-)","現行型","G HV","2WD","CVT","4600","1780","1420","1360","基礎整合性検査済み","資料照合実施（項目限定）","全長mm / 全幅mm","誤り確認","あり","https://toyota.jp/pages/contents/carlineup/archive/prius/2024-03/pdf/prius_main_s_202403.pdf","2024年3月カタログ。G/Zはタイヤ選択による全高・重量の変化あり。 | G HEV 2WD標準は全高1,430mm・1,400kg。17インチ仕様は全高1,420mm・1,380kg。DB1,360kgはUの値で、Gのいずれのタイヤ仕様とも一致しない。"
"4384","トヨタ","プリウス","prius","60系 5代目 (2023-)","現行型","G HV","4WD","CVT","4600","1780","1420","1420","基礎整合性検査済み","資料照合実施（項目限定）","全長mm / 全幅mm","誤り確認","あり","https://toyota.jp/pages/contents/carlineup/archive/prius/2024-03/pdf/prius_main_s_202403.pdf","2024年3月カタログ。G/Zはタイヤ選択による全高・重量の変化あり。 | G HEV E-Four標準は全高1,430mm・1,460kg。17インチ仕様は全高1,420mm・1,440kg。DB1,420kgはUの値で、Gのいずれのタイヤ仕様とも一致しない。"
"4385","トヨタ","プリウス","prius","60系 5代目 (2023-)","現行型","Z HV","2WD","CVT","4600","1780","1430","1400","基礎整合性検査済み","資料照合実施（項目限定）","全長mm / 全幅mm","条件注記不足","あり","https://toyota.jp/pages/contents/carlineup/archive/prius/2024-03/pdf/prius_main_s_202403.pdf","2024年3月カタログ。G/Zはタイヤ選択による全高・重量の変化あり。 | Z HEV 2WD標準は全高1,430mm・1,420kg、17インチ仕様は1,420mm・1,400kg。DBは全高1,430mm・1,400kgでタイヤ条件が混在。"
"4386","トヨタ","プリウス","prius","60系 5代目 (2023-)","現行型","Z PHEV","2WD","CVT","4600","1780","1430","1570","基礎整合性検査済み","資料照合実施（項目限定）","全長mm / 全幅mm / 全高mm / 車両重量kg","照合項目に不一致なし・未照合項目あり得る","あり","https://toyota.jp/pages/contents/carlineup/archive/prius/2024-03/pdf/prius_main_s_202403.pdf","2024年3月カタログ。G/Zはタイヤ選択による全高・重量の変化あり。 | Z PHEV標準19インチ仕様。"
"4387","トヨタ","プリウス","prius","50系 4代目 (2015-2022)","前期型","S HV","2WD","CVT","4540","1760","1470","1360","基礎整合性検査済み","未照合","","未判定","あり","",""
"4388","トヨタ","プリウス","prius","50系 4代目 (2015-2022)","前期型","S HV","4WD","CVT","4540","1760","1470","1410","基礎整合性検査済み","未照合","","未判定","あり","",""
"4389","トヨタ","プリウス","prius","50系 4代目 (2015-2022)","前期型","A HV","2WD","CVT","4540","1760","1470","1380","基礎整合性検査済み","未照合","","未判定","あり","",""
"4390","トヨタ","ランドクルーザー300","land-cruiser-300","300系 (2021-)","現行型","GX 3.5L ガソリン","4WD","10AT","4950","1980","1925","2350","基礎整合性検査済み","未照合","","未判定","あり","",""
"4391","トヨタ","ランドクルーザー300","land-cruiser-300","300系 (2021-)","現行型","AX 3.5L ガソリン","4WD","10AT","4950","1980","1925","2430","基礎整合性検査済み","未照合","","未判定","あり","",""
"4392","トヨタ","ランドクルーザー300","land-cruiser-300","300系 (2021-)","現行型","VX 3.5L ガソリン","4WD","10AT","4985","1980","1925","2480","基礎整合性検査済み","未照合","","未判定","あり","",""
"4393","トヨタ","ランドクルーザー300","land-cruiser-300","300系 (2021-)","現行型","ZX 3.5L ガソリン","4WD","10AT","4985","1980","1925","2550","基礎整合性検査済み","未照合","","未判定","あり","",""
"4394","トヨタ","ランドクルーザー300","land-cruiser-300","300系 (2021-)","現行型","GR SPORT 3.3L ディーゼル","4WD","10AT","4965","1990","1925","2560","基礎整合性検査済み","未照合","","未判定","あり","",""
"4395","トヨタ","ランドクルーザー300","land-cruiser-300","300系 (2021-)","現行型","ZX 3.3L ディーゼル","4WD","10AT","4985","1980","1925","2530","基礎整合性検査済み","未照合","","未判定","あり","",""
"4396","ホンダ","N-BOX","n-box","3代目 JF5/JF6 (2023-)","現行型","ベースグレード","2WD","CVT","3395","1475","1790","910","基礎整合性検査済み","資料照合実施（項目限定）","全長mm / 全幅mm / 全高mm","照合項目に不一致なし・未照合項目あり得る","あり","https://www.honda.co.jp/factbook/auto/nbox/202409/4240926-n-box.pdf",""
"4397","ホンダ","N-BOX","n-box","3代目 JF5/JF6 (2023-)","現行型","ベースグレード","4WD","CVT","3395","1475","1815","960","基礎整合性検査済み","資料照合実施（項目限定）","全長mm / 全幅mm / 全高mm / 車両重量kg","誤り確認","あり","https://www.honda.co.jp/factbook/auto/nbox/202409/4240926-n-box.pdf","2024年9月のベースグレード4WD。"
"4398","ホンダ","N-BOX","n-box","3代目 JF5/JF6 (2023-)","現行型","ファッションスタイル","2WD","CVT","3395","1475","1790","920","基礎整合性検査済み","資料照合実施（項目限定）","全長mm / 全幅mm / 全高mm","照合項目に不一致なし・未照合項目あり得る","あり","https://www.honda.co.jp/factbook/auto/nbox/202409/4240926-n-box.pdf",""
"4399","ホンダ","N-BOX","n-box","3代目 JF5/JF6 (2023-)","現行型","ファッションスタイル","4WD","CVT","3395","1475","1815","970","基礎整合性検査済み","資料照合実施（項目限定）","全長mm / 全幅mm / 全高mm","照合項目に不一致なし・未照合項目あり得る","あり","https://www.honda.co.jp/factbook/auto/nbox/202409/4240926-n-box.pdf",""
"4400","ホンダ","N-BOX","n-box","3代目 JF5/JF6 (2023-)","現行型","Custom ベースグレード","2WD","CVT","3395","1475","1790","920","基礎整合性検査済み","資料照合実施（項目限定）","全長mm / 全幅mm / 全高mm","照合項目に不一致なし・未照合項目あり得る","あり","https://www.honda.co.jp/factbook/auto/nbox/202409/4240926-n-box.pdf",""
"4401","ホンダ","N-BOX","n-box","3代目 JF5/JF6 (2023-)","現行型","Custom ベースグレード","4WD","CVT","3395","1475","1815","980","基礎整合性検査済み","資料照合実施（項目限定）","全長mm / 全幅mm / 全高mm","照合項目に不一致なし・未照合項目あり得る","あり","https://www.honda.co.jp/factbook/auto/nbox/202409/4240926-n-box.pdf",""
"4402","ホンダ","N-BOX","n-box","3代目 JF5/JF6 (2023-)","現行型","Custom ターボ","2WD","CVT","3395","1475","1790","940","基礎整合性検査済み","資料照合実施（項目限定）","全長mm / 全幅mm / 全高mm","照合項目に不一致なし・未照合項目あり得る","あり","https://www.honda.co.jp/factbook/auto/nbox/202409/4240926-n-box.pdf",""
"4403","ホンダ","N-BOX","n-box","3代目 JF5/JF6 (2023-)","現行型","Custom ターボ","4WD","CVT","3395","1475","1815","990","基礎整合性検査済み","資料照合実施（項目限定）","全長mm / 全幅mm / 全高mm / 車両重量kg","誤り確認","あり","https://www.honda.co.jp/factbook/auto/nbox/202409/4240926-n-box.pdf","2024年9月CUSTOMターボ4WD。"
"4404","ホンダ","N-BOX","n-box","3代目 JF5/JF6 (2023-)","現行型","Custom コーディネートスタイル","2WD","CVT","3395","1475","1790","920","基礎整合性検査済み","資料照合実施（項目限定）","全長mm / 全幅mm / 全高mm","照合項目に不一致なし・未照合項目あり得る","あり","https://www.honda.co.jp/factbook/auto/nbox/202409/4240926-n-box.pdf",""
"4405","ホンダ","N-BOX","n-box","3代目 JF5/JF6 (2023-)","現行型","Custom コーディネートスタイル","4WD","CVT","3395","1475","1815","980","基礎整合性検査済み","資料照合実施（項目限定）","全長mm / 全幅mm / 全高mm","照合項目に不一致なし・未照合項目あり得る","あり","https://www.honda.co.jp/factbook/auto/nbox/202409/4240926-n-box.pdf",""
"4406","ホンダ","N-BOX","n-box","2代目 JF3/JF4 (2017-2023)","前期型","G","2WD","CVT","3395","1475","1790","890","基礎整合性検査済み","資料照合実施（項目限定）","全長mm / 全幅mm / 全高mm","照合項目に不一致なし・未照合項目あり得る","あり","https://www.honda.co.jp/auto-archive/nbox/2023/common/pdf/nbox_spec_list.pdf",""
"4407","ホンダ","N-BOX","n-box","2代目 JF3/JF4 (2017-2023)","前期型","G","4WD","CVT","3395","1475","1815","950","基礎整合性検査済み","資料照合実施（項目限定）","全長mm / 全幅mm / 全高mm","照合項目に不一致なし・未照合項目あり得る","あり","https://www.honda.co.jp/auto-archive/nbox/2023/common/pdf/nbox_spec_list.pdf",""
"4408","ホンダ","N-BOX","n-box","2代目 JF3/JF4 (2017-2023)","前期型","L","2WD","CVT","3395","1475","1790","900","基礎整合性検査済み","資料照合実施（項目限定）","全長mm / 全幅mm / 全高mm","照合項目に不一致なし・未照合項目あり得る","あり","https://www.honda.co.jp/auto-archive/nbox/2023/common/pdf/nbox_spec_list.pdf",""
"4409","ホンダ","N-BOX","n-box","2代目 JF3/JF4 (2017-2023)","前期型","L","4WD","CVT","3395","1475","1815","960","基礎整合性検査済み","資料照合実施（項目限定）","全長mm / 全幅mm / 全高mm","照合項目に不一致なし・未照合項目あり得る","あり","https://www.honda.co.jp/auto-archive/nbox/2023/common/pdf/nbox_spec_list.pdf",""
"4410","ホンダ","N-BOX","n-box","2代目 JF3/JF4 (2017-2023)","前期型","EX","2WD","CVT","3395","1475","1790","900","基礎整合性検査済み","資料照合実施（項目限定）","全長mm / 全幅mm / 全高mm","照合項目に不一致なし・未照合項目あり得る","あり","https://www.honda.co.jp/auto-archive/nbox/2023/common/pdf/nbox_spec_list.pdf",""
"4411","ホンダ","N-BOX","n-box","2代目 JF3/JF4 (2017-2023)","前期型","EX","4WD","CVT","3395","1475","1815","960","基礎整合性検査済み","資料照合実施（項目限定）","全長mm / 全幅mm / 全高mm","照合項目に不一致なし・未照合項目あり得る","あり","https://www.honda.co.jp/auto-archive/nbox/2023/common/pdf/nbox_spec_list.pdf",""
"4412","ホンダ","N-BOX","n-box","2代目 JF3/JF4 (2017-2023)","前期型","Custom L","2WD","CVT","3395","1475","1790","910","基礎整合性検査済み","資料照合実施（項目限定）","全長mm / 全幅mm / 全高mm","照合項目に不一致なし・未照合項目あり得る","あり","https://www.honda.co.jp/auto-archive/nbox/2023/common/pdf/nbox_spec_list.pdf",""
"4413","ホンダ","N-BOX","n-box","2代目 JF3/JF4 (2017-2023)","前期型","Custom L","4WD","CVT","3395","1475","1815","970","基礎整合性検査済み","資料照合実施（項目限定）","全長mm / 全幅mm / 全高mm","照合項目に不一致なし・未照合項目あり得る","あり","https://www.honda.co.jp/auto-archive/nbox/2023/common/pdf/nbox_spec_list.pdf",""
"4414","ホンダ","N-BOX","n-box","2代目 JF3/JF4 (2017-2023)","前期型","Custom L ターボ","2WD","CVT","3395","1475","1790","920","基礎整合性検査済み","資料照合実施（項目限定）","全長mm / 全幅mm / 全高mm","照合項目に不一致なし・未照合項目あり得る","あり","https://www.honda.co.jp/auto-archive/nbox/2023/common/pdf/nbox_spec_list.pdf",""
"4415","ホンダ","N-BOX","n-box","2代目 JF3/JF4 (2017-2023)","前期型","Custom L ターボ","4WD","CVT","3395","1475","1815","980","基礎整合性検査済み","資料照合実施（項目限定）","全長mm / 全幅mm / 全高mm","照合項目に不一致なし・未照合項目あり得る","あり","https://www.honda.co.jp/auto-archive/nbox/2023/common/pdf/nbox_spec_list.pdf",""
"4416","ホンダ","N-BOX","n-box","2代目 JF3/JF4 (2017-2023)","前期型","Custom EX ターボ","2WD","CVT","3395","1475","1790","930","基礎整合性検査済み","資料照合実施（項目限定）","全長mm / 全幅mm / 全高mm","照合項目に不一致なし・未照合項目あり得る","あり","https://www.honda.co.jp/auto-archive/nbox/2023/common/pdf/nbox_spec_list.pdf",""
"4417","ホンダ","N-BOX","n-box","2代目 JF3/JF4 (2017-2023)","前期型","Custom EX ターボ","4WD","CVT","3395","1475","1815","990","基礎整合性検査済み","資料照合実施（項目限定）","全長mm / 全幅mm / 全高mm","照合項目に不一致なし・未照合項目あり得る","あり","https://www.honda.co.jp/auto-archive/nbox/2023/common/pdf/nbox_spec_list.pdf",""
"4418","ホンダ","フリード","freed","3代目 (2024-)","現行型","AIR","2WD","CVT","4310","1695","1755","1370","基礎整合性検査済み","資料照合実施（項目限定）","全長mm / 全幅mm / 全高mm","照合項目に不一致なし・未照合項目あり得る","あり","https://www.honda.co.jp/factbook/auto/FREED/202406/4240627-freed.pdf",""
"4419","ホンダ","フリード","freed","3代目 (2024-)","現行型","AIR","4WD","CVT","4310","1695","1780","1440","基礎整合性検査済み","資料照合実施（項目限定）","全長mm / 全幅mm / 全高mm / 車両重量kg","誤り確認","あり","https://www.honda.co.jp/factbook/auto/FREED/202406/4240627-freed.pdf","2024年発売時 AIR 4WD 6人乗り。"
"4420","ホンダ","フリード","freed","3代目 (2024-)","現行型","AIR EX","2WD","CVT","4310","1695","1755","1380","基礎整合性検査済み","資料照合実施（項目限定）","全長mm / 全幅mm / 全高mm","照合項目に不一致なし・未照合項目あり得る","あり","https://www.honda.co.jp/factbook/auto/FREED/202406/4240627-freed.pdf",""
"4421","ホンダ","フリード","freed","3代目 (2024-)","現行型","AIR EX","4WD","CVT","4310","1695","1780","1450","基礎整合性検査済み","資料照合実施（項目限定）","全長mm / 全幅mm / 全高mm / 車両重量kg","誤り確認","あり","https://www.honda.co.jp/factbook/auto/FREED/202406/4240627-freed.pdf","2024年発売時 AIR EX 4WD 6人乗り。"
"4422","ホンダ","フリード","freed","3代目 (2024-)","現行型","CROSSTAR","2WD","CVT","4310","1720","1755","1400","基礎整合性検査済み","資料照合実施（項目限定）","全長mm / 全幅mm / 全高mm","照合項目に不一致なし・未照合項目あり得る","あり","https://www.honda.co.jp/factbook/auto/FREED/202406/4240627-freed.pdf",""
"4423","ホンダ","フリード","freed","3代目 (2024-)","現行型","CROSSTAR","4WD","CVT","4310","1720","1780","1470","基礎整合性検査済み","資料照合実施（項目限定）","全長mm / 全幅mm / 全高mm","照合項目に不一致なし・未照合項目あり得る","あり","https://www.honda.co.jp/factbook/auto/FREED/202406/4240627-freed.pdf",""
"4424","ホンダ","フリード","freed","3代目 (2024-)","現行型","e:HEV AIR","2WD","CVT","4310","1695","1755","1410","基礎整合性検査済み","資料照合実施（項目限定）","全長mm / 全幅mm / 全高mm / 車両重量kg","誤り確認","あり","https://www.honda.co.jp/factbook/auto/FREED/202406/4240627-freed.pdf","e:HEV AIR FF 6人乗り、2024年6月発売時。"
"4425","ホンダ","フリード","freed","3代目 (2024-)","現行型","e:HEV AIR","4WD","CVT","4310","1695","1780","1490","基礎整合性検査済み","資料照合実施（項目限定）","全長mm / 全幅mm / 全高mm / 車両重量kg","誤り確認","あり","https://www.honda.co.jp/factbook/auto/FREED/202406/4240627-freed.pdf","e:HEV AIR 4WD 6人乗り、2024年6月発売時。"
"4426","ホンダ","フリード","freed","3代目 (2024-)","現行型","e:HEV AIR EX","2WD","CVT","4310","1695","1755","1420","基礎整合性検査済み","資料照合実施（項目限定）","全長mm / 全幅mm / 全高mm / 車両重量kg","誤り確認","あり","https://www.honda.co.jp/factbook/auto/FREED/202406/4240627-freed.pdf","e:HEV AIR EX FF、6/7人とも1480kg。"
"4427","ホンダ","フリード","freed","3代目 (2024-)","現行型","e:HEV AIR EX","4WD","CVT","4310","1695","1780","1500","基礎整合性検査済み","資料照合実施（項目限定）","全長mm / 全幅mm / 全高mm / 車両重量kg","誤り確認","あり","https://www.honda.co.jp/factbook/auto/FREED/202406/4240627-freed.pdf","e:HEV AIR EX 4WD 6人乗り。"
"4428","ホンダ","フリード","freed","3代目 (2024-)","現行型","e:HEV CROSSTAR","2WD","CVT","4310","1720","1755","1440","基礎整合性検査済み","資料照合実施（項目限定）","全長mm / 全幅mm / 全高mm","誤り確認","あり","https://www.honda.co.jp/factbook/auto/FREED/202406/4240627-freed.pdf","e:HEV CROSSTAR FFは5人乗り1,480kg、6人乗り1,490kg。DB1,440kgはどちらよりも軽い。乗車定員を特定して修正する。"
"4429","ホンダ","フリード","freed","3代目 (2024-)","現行型","e:HEV CROSSTAR","4WD","CVT","4310","1720","1780","1520","基礎整合性検査済み","資料照合実施（項目限定）","全長mm / 全幅mm / 全高mm","誤り確認","あり","https://www.honda.co.jp/factbook/auto/FREED/202406/4240627-freed.pdf","e:HEV CROSSTAR 4WDは5人乗り1,560kg、6人乗り1,580kg。DB1,520kgはどちらよりも軽い。乗車定員を特定して修正する。"
"4430","ホンダ","フリード","freed","2代目 GB5/6/7/8 (2016-2024)","前期型","G (7人)","2WD","CVT","4265","1695","1710","1360","基礎整合性検査済み","資料照合実施（項目限定）","全長mm / 全幅mm / 全高mm","照合項目に不一致なし・未照合項目あり得る","あり","https://www.honda.co.jp/auto-archive/freed/2024/common/pdf/freed_spec_list.pdf",""
"4431","ホンダ","フリード","freed","2代目 GB5/6/7/8 (2016-2024)","前期型","G (6人)","2WD","CVT","4265","1695","1710","1350","基礎整合性検査済み","資料照合実施（項目限定）","全長mm / 全幅mm / 全高mm","照合項目に不一致なし・未照合項目あり得る","あり","https://www.honda.co.jp/auto-archive/freed/2024/common/pdf/freed_spec_list.pdf",""
"4432","ホンダ","フリード","freed","2代目 GB5/6/7/8 (2016-2024)","前期型","G (6人)","4WD","CVT","4265","1695","1735","1410","基礎整合性検査済み","資料照合実施（項目限定）","全長mm / 全幅mm / 全高mm","照合項目に不一致なし・未照合項目あり得る","あり","https://www.honda.co.jp/auto-archive/freed/2024/common/pdf/freed_spec_list.pdf",""
"4433","ホンダ","フリード","freed","2代目 GB5/6/7/8 (2016-2024)","前期型","CROSSTAR (6人)","2WD","CVT","4265","1695","1710","1380","基礎整合性検査済み","資料照合実施（項目限定）","全長mm / 全幅mm / 全高mm","照合項目に不一致なし・未照合項目あり得る","あり","https://www.honda.co.jp/auto-archive/freed/2024/common/pdf/freed_spec_list.pdf",""
"4434","ホンダ","フリード","freed","2代目 GB5/6/7/8 (2016-2024)","前期型","CROSSTAR (6人)","4WD","CVT","4265","1695","1735","1440","基礎整合性検査済み","資料照合実施（項目限定）","全長mm / 全幅mm / 全高mm","照合項目に不一致なし・未照合項目あり得る","あり","https://www.honda.co.jp/auto-archive/freed/2024/common/pdf/freed_spec_list.pdf",""
"4435","ホンダ","フリード","freed","2代目 GB5/6/7/8 (2016-2024)","前期型","HYBRID G (7人)","2WD","7DCT","4265","1695","1710","1430","基礎整合性検査済み","資料照合実施（項目限定）","全長mm / 全幅mm / 全高mm","照合項目に不一致なし・未照合項目あり得る","あり","https://www.honda.co.jp/auto-archive/freed/2024/common/pdf/freed_spec_list.pdf",""
"4436","ホンダ","フリード","freed","2代目 GB5/6/7/8 (2016-2024)","前期型","HYBRID G (6人)","2WD","7DCT","4265","1695","1710","1410","基礎整合性検査済み","資料照合実施（項目限定）","全長mm / 全幅mm / 全高mm","照合項目に不一致なし・未照合項目あり得る","あり","https://www.honda.co.jp/auto-archive/freed/2024/common/pdf/freed_spec_list.pdf",""
"4437","ホンダ","フリード","freed","2代目 GB5/6/7/8 (2016-2024)","前期型","HYBRID G (6人)","4WD","7DCT","4265","1695","1735","1480","基礎整合性検査済み","資料照合実施（項目限定）","全長mm / 全幅mm / 全高mm","照合項目に不一致なし・未照合項目あり得る","あり","https://www.honda.co.jp/auto-archive/freed/2024/common/pdf/freed_spec_list.pdf",""
"4438","ホンダ","フリード","freed","2代目 GB5/6/7/8 (2016-2024)","前期型","HYBRID CROSSTAR (6人)","2WD","7DCT","4265","1695","1710","1440","基礎整合性検査済み","資料照合実施（項目限定）","全長mm / 全幅mm / 全高mm","照合項目に不一致なし・未照合項目あり得る","あり","https://www.honda.co.jp/auto-archive/freed/2024/common/pdf/freed_spec_list.pdf",""
"4439","ホンダ","フリード","freed","2代目 GB5/6/7/8 (2016-2024)","前期型","HYBRID CROSSTAR (6人)","4WD","7DCT","4265","1695","1735","1510","基礎整合性検査済み","資料照合実施（項目限定）","全長mm / 全幅mm / 全高mm","照合項目に不一致なし・未照合項目あり得る","あり","https://www.honda.co.jp/auto-archive/freed/2024/common/pdf/freed_spec_list.pdf",""
"4440","日産","セレナ","serena","C28型 (2022-)","現行型","X","2WD","CVT","4690","1695","1870","1670","基礎整合性検査済み","資料照合実施（項目限定）","全長mm / 全幅mm / 全高mm / 車両重量kg","照合項目に不一致なし・未照合項目あり得る","あり","https://history.nissan.co.jp/ARCHIVES/PDF/SERENA/C28/20221128/serena_specsheet.pdf","C28発売期公式表、標準車両重量。"
"4441","日産","セレナ","serena","C28型 (2022-)","現行型","X","4WD","CVT","4690","1695","1870","1740","基礎整合性検査済み","資料照合実施（項目限定）","全長mm / 全幅mm / 全高mm / 車両重量kg","誤り確認","あり","https://history.nissan.co.jp/ARCHIVES/PDF/SERENA/C28/20221128/serena_specsheet.pdf","C28発売期公式表、標準車両重量。"
"4442","日産","セレナ","serena","C28型 (2022-)","現行型","XV","2WD","CVT","4690","1695","1870","1680","基礎整合性検査済み","資料照合実施（項目限定）","全長mm / 全幅mm / 全高mm / 車両重量kg","照合項目に不一致なし・未照合項目あり得る","あり","https://history.nissan.co.jp/ARCHIVES/PDF/SERENA/C28/20221128/serena_specsheet.pdf","C28発売期公式表、標準車両重量。"
"4443","日産","セレナ","serena","C28型 (2022-)","現行型","XV","4WD","CVT","4690","1695","1870","1750","基礎整合性検査済み","資料照合実施（項目限定）","全長mm / 全幅mm / 全高mm / 車両重量kg","誤り確認","あり","https://history.nissan.co.jp/ARCHIVES/PDF/SERENA/C28/20221128/serena_specsheet.pdf","C28発売期公式表、標準車両重量。"
"4444","日産","セレナ","serena","C28型 (2022-)","現行型","ハイウェイスターV","2WD","CVT","4765","1715","1870","1690","基礎整合性検査済み","資料照合実施（項目限定）","全長mm / 全幅mm / 全高mm / 車両重量kg","照合項目に不一致なし・未照合項目あり得る","あり","https://history.nissan.co.jp/ARCHIVES/PDF/SERENA/C28/20221128/serena_specsheet.pdf","C28発売期公式表、標準車両重量。"
"4445","日産","セレナ","serena","C28型 (2022-)","現行型","ハイウェイスターV","4WD","CVT","4765","1715","1870","1760","基礎整合性検査済み","資料照合実施（項目限定）","全長mm / 全幅mm / 全高mm / 車両重量kg","誤り確認","あり","https://history.nissan.co.jp/ARCHIVES/PDF/SERENA/C28/20221128/serena_specsheet.pdf","C28発売期公式表、標準車両重量。"
"4446","日産","セレナ","serena","C28型 (2022-)","現行型","e-POWER X","2WD","e-POWER","4690","1695","1870","1760","基礎整合性検査済み","資料照合実施（項目限定）","全長mm / 全幅mm / 全高mm / 車両重量kg","誤り確認","あり","https://history.nissan.co.jp/ARCHIVES/PDF/SERENA/C28/20221128/serena_specsheet.pdf","C28発売期公式表、標準車両重量。"
"4447","日産","セレナ","serena","C28型 (2022-)","現行型","e-POWER XV","2WD","e-POWER","4690","1695","1870","1770","基礎整合性検査済み","資料照合実施（項目限定）","全長mm / 全幅mm / 全高mm / 車両重量kg","誤り確認","あり","https://history.nissan.co.jp/ARCHIVES/PDF/SERENA/C28/20221128/serena_specsheet.pdf","C28発売期公式表、標準車両重量。"
"4448","日産","セレナ","serena","C28型 (2022-)","現行型","e-POWER ハイウェイスターV","2WD","e-POWER","4765","1715","1870","1790","基礎整合性検査済み","資料照合実施（項目限定）","全長mm / 全幅mm / 全高mm / 車両重量kg","誤り確認","あり","https://history.nissan.co.jp/ARCHIVES/PDF/SERENA/C28/20221128/serena_specsheet.pdf","C28発売期公式表、標準車両重量。"
"4449","日産","セレナ","serena","C28型 (2022-)","現行型","e-POWER LUXION","2WD","e-POWER","4765","1715","1885","1810","基礎整合性検査済み","資料照合実施（項目限定）","全長mm / 全幅mm / 全高mm / 車両重量kg","誤り確認","あり","https://history.nissan.co.jp/ARCHIVES/PDF/SERENA/C28/20221128/serena_specsheet.pdf","C28発売期公式表、標準車両重量。"
"4450","日産","セレナ","serena","C27型 (2016-2022)","前期型","X","2WD","CVT","4690","1695","1865","1650","基礎整合性検査済み","未照合","","未判定","あり","",""
"4451","日産","セレナ","serena","C27型 (2016-2022)","前期型","X","4WD","CVT","4690","1695","1875","1730","基礎整合性検査済み","未照合","","未判定","あり","",""
"4452","日産","セレナ","serena","C27型 (2016-2022)","前期型","XV","2WD","CVT","4690","1695","1865","1660","基礎整合性検査済み","未照合","","未判定","あり","",""
"4453","日産","セレナ","serena","C27型 (2016-2022)","前期型","ハイウェイスター","2WD","CVT","4770","1740","1865","1680","基礎整合性検査済み","未照合","","未判定","あり","",""
"4454","日産","セレナ","serena","C27型 (2016-2022)","前期型","ハイウェイスター","4WD","CVT","4770","1740","1875","1760","基礎整合性検査済み","未照合","","未判定","あり","",""
"4455","日産","セレナ","serena","C27型 (2016-2022)","前期型","ハイウェイスターV","2WD","CVT","4770","1740","1865","1700","基礎整合性検査済み","未照合","","未判定","あり","",""
"4456","日産","セレナ","serena","C27型 (2016-2022)","前期型","e-POWER X","2WD","e-POWER","4690","1695","1865","1740","基礎整合性検査済み","未照合","","未判定","あり","",""
"4457","日産","セレナ","serena","C27型 (2016-2022)","前期型","e-POWER ハイウェイスターV","2WD","e-POWER","4770","1740","1865","1760","基礎整合性検査済み","未照合","","未判定","あり","",""
"4458","マツダ","CX-5","cx-5","2代目 (2017-)","現行型","20S","2WD","6AT","4545","1840","1690","1520","基礎整合性検査済み","資料照合実施（項目限定）","全長mm / 全幅mm / 全高mm","照合項目に不一致なし・未照合項目あり得る","あり","https://newsroom.mazda.com/ja/publicity/release/2018/201802/180208aa.pdf","2018年前期の寸法と一致。2025年版は4575×1845×1690。全行の重量・グレード設定が同じ年式とは限らない。"
"4459","マツダ","CX-5","cx-5","2代目 (2017-)","現行型","20S","4WD","6AT","4545","1840","1690","1590","基礎整合性検査済み","資料照合実施（項目限定）","全長mm / 全幅mm / 全高mm","照合項目に不一致なし・未照合項目あり得る","あり","https://newsroom.mazda.com/ja/publicity/release/2018/201802/180208aa.pdf","2018年前期の寸法と一致。2025年版は4575×1845×1690。全行の重量・グレード設定が同じ年式とは限らない。"
"4460","マツダ","CX-5","cx-5","2代目 (2017-)","現行型","25S L Package","2WD","6AT","4545","1840","1690","1560","基礎整合性検査済み","資料照合実施（項目限定）","全長mm / 全幅mm / 全高mm","照合項目に不一致なし・未照合項目あり得る","あり","https://newsroom.mazda.com/ja/publicity/release/2018/201802/180208aa.pdf","2018年前期の寸法と一致。2025年版は4575×1845×1690。全行の重量・グレード設定が同じ年式とは限らない。"
"4461","マツダ","CX-5","cx-5","2代目 (2017-)","現行型","25S L Package","4WD","6AT","4545","1840","1690","1620","基礎整合性検査済み","資料照合実施（項目限定）","全長mm / 全幅mm / 全高mm","照合項目に不一致なし・未照合項目あり得る","あり","https://newsroom.mazda.com/ja/publicity/release/2018/201802/180208aa.pdf","2018年前期の寸法と一致。2025年版は4575×1845×1690。全行の重量・グレード設定が同じ年式とは限らない。"
"4462","マツダ","CX-5","cx-5","2代目 (2017-)","現行型","XD","2WD","6AT","4545","1840","1690","1600","基礎整合性検査済み","資料照合実施（項目限定）","全長mm / 全幅mm / 全高mm","照合項目に不一致なし・未照合項目あり得る","あり","https://newsroom.mazda.com/ja/publicity/release/2018/201802/180208aa.pdf","2018年前期の寸法と一致。2025年版は4575×1845×1690。全行の重量・グレード設定が同じ年式とは限らない。"
"4463","マツダ","CX-5","cx-5","2代目 (2017-)","現行型","XD L Package","2WD","6AT","4545","1840","1690","1620","基礎整合性検査済み","資料照合実施（項目限定）","全長mm / 全幅mm / 全高mm","照合項目に不一致なし・未照合項目あり得る","あり","https://newsroom.mazda.com/ja/publicity/release/2018/201802/180208aa.pdf","2018年前期の寸法と一致。2025年版は4575×1845×1690。全行の重量・グレード設定が同じ年式とは限らない。"
"4464","マツダ","CX-5","cx-5","2代目 (2017-)","現行型","XD L Package","4WD","6AT","4545","1840","1690","1680","基礎整合性検査済み","資料照合実施（項目限定）","全長mm / 全幅mm / 全高mm","照合項目に不一致なし・未照合項目あり得る","あり","https://newsroom.mazda.com/ja/publicity/release/2018/201802/180208aa.pdf","2018年前期の寸法と一致。2025年版は4575×1845×1690。全行の重量・グレード設定が同じ年式とは限らない。"
"4465","マツダ","CX-5","cx-5","2代目 (2017-)","現行型","XD Exclusive Mode","4WD","6AT","4545","1840","1690","1690","基礎整合性検査済み","資料照合実施（項目限定）","全長mm / 全幅mm / 全高mm","照合項目に不一致なし・未照合項目あり得る","あり","https://newsroom.mazda.com/ja/publicity/release/2018/201802/180208aa.pdf","2018年前期の寸法と一致。2025年版は4575×1845×1690。全行の重量・グレード設定が同じ年式とは限らない。"
"4466","マツダ","CX-60","cx-60","初代 (2022-)","現行型","25S S Package","2WD","8AT","4740","1890","1685","1680","基礎整合性検査済み","資料照合実施（項目限定）","全長mm / 全幅mm / 全高mm","照合項目に不一致なし・未照合項目あり得る","あり","https://www.mazda.co.jp/globalassets/assets/cars/cx-60/common/pdf/cx-60_catalog.pdf","2025年10月カタログ。寸法3項目のみ。重量は年式・装備条件が変わるため未確認。"
"4467","マツダ","CX-60","cx-60","初代 (2022-)","現行型","25S L Package","2WD","8AT","4740","1890","1685","1710","基礎整合性検査済み","資料照合実施（項目限定）","全長mm / 全幅mm / 全高mm","照合項目に不一致なし・未照合項目あり得る","あり","https://www.mazda.co.jp/globalassets/assets/cars/cx-60/common/pdf/cx-60_catalog.pdf","2025年10月カタログ。寸法3項目のみ。重量は年式・装備条件が変わるため未確認。"
"4468","マツダ","CX-60","cx-60","初代 (2022-)","現行型","XD S Package","2WD","8AT","4740","1890","1685","1760","基礎整合性検査済み","資料照合実施（項目限定）","全長mm / 全幅mm / 全高mm","照合項目に不一致なし・未照合項目あり得る","あり","https://www.mazda.co.jp/globalassets/assets/cars/cx-60/common/pdf/cx-60_catalog.pdf","2025年10月カタログ。寸法3項目のみ。重量は年式・装備条件が変わるため未確認。"
"4469","マツダ","CX-60","cx-60","初代 (2022-)","現行型","XD L Package","4WD","8AT","4740","1890","1685","1890","基礎整合性検査済み","資料照合実施（項目限定）","全長mm / 全幅mm / 全高mm","照合項目に不一致なし・未照合項目あり得る","あり","https://www.mazda.co.jp/globalassets/assets/cars/cx-60/common/pdf/cx-60_catalog.pdf","2025年10月カタログ。寸法3項目のみ。重量は年式・装備条件が変わるため未確認。"
"4470","マツダ","CX-60","cx-60","初代 (2022-)","現行型","XD-HYBRID Premium Sports","4WD","8AT","4740","1890","1685","1920","基礎整合性検査済み","資料照合実施（項目限定）","全長mm / 全幅mm / 全高mm","照合項目に不一致なし・未照合項目あり得る","あり","https://www.mazda.co.jp/globalassets/assets/cars/cx-60/common/pdf/cx-60_catalog.pdf","2025年10月カタログ。寸法3項目のみ。重量は年式・装備条件が変わるため未確認。"
"4471","マツダ","CX-60","cx-60","初代 (2022-)","現行型","PHEV S Package","4WD","8AT","4740","1890","1685","2010","基礎整合性検査済み","資料照合実施（項目限定）","全長mm / 全幅mm / 全高mm","照合項目に不一致なし・未照合項目あり得る","あり","https://www.mazda.co.jp/globalassets/assets/cars/cx-60/common/pdf/cx-60_catalog.pdf","2025年10月カタログ。寸法3項目のみ。重量は年式・装備条件が変わるため未確認。"
"4472","マツダ","CX-60","cx-60","初代 (2022-)","現行型","PHEV Premium Sports","4WD","8AT","4740","1890","1685","2060","基礎整合性検査済み","資料照合実施（項目限定）","全長mm / 全幅mm / 全高mm","照合項目に不一致なし・未照合項目あり得る","あり","https://www.mazda.co.jp/globalassets/assets/cars/cx-60/common/pdf/cx-60_catalog.pdf","2025年10月カタログ。寸法3項目のみ。重量は年式・装備条件が変わるため未確認。"
"4473","スバル","フォレスター","forester","6代目 (2024-)","現行型","Touring","AWD","CVT","4655","1830","1730","1600","基礎整合性検査済み","資料照合実施（項目限定）","","世代・グレード不整合","あり","https://www.subaru.co.jp/news/2025_04_17_164724/","6代目の日本発売は2025年4月。グレードはSPORT/X-BREAK S:HEV/Premium S:HEV（EXあり）。DBのTouring/Advance/S Limitedと世代の組合せが不整合。現行型の重量1600〜1630kgも公式1640〜1780kgの範囲外。"
"4474","スバル","フォレスター","forester","6代目 (2024-)","現行型","X-BREAK","AWD","CVT","4655","1830","1730","1610","基礎整合性検査済み","資料照合実施（項目限定）","","世代・グレード不整合","あり","https://www.subaru.co.jp/news/2025_04_17_164724/","6代目の日本発売は2025年4月。グレードはSPORT/X-BREAK S:HEV/Premium S:HEV（EXあり）。DBのTouring/Advance/S Limitedと世代の組合せが不整合。現行型の重量1600〜1630kgも公式1640〜1780kgの範囲外。"
"4475","スバル","フォレスター","forester","6代目 (2024-)","現行型","Advance","AWD","CVT","4655","1830","1730","1620","基礎整合性検査済み","資料照合実施（項目限定）","","世代・グレード不整合","あり","https://www.subaru.co.jp/news/2025_04_17_164724/","6代目の日本発売は2025年4月。グレードはSPORT/X-BREAK S:HEV/Premium S:HEV（EXあり）。DBのTouring/Advance/S Limitedと世代の組合せが不整合。現行型の重量1600〜1630kgも公式1640〜1780kgの範囲外。"
"4476","スバル","フォレスター","forester","6代目 (2024-)","現行型","S Limited","AWD","CVT","4655","1830","1730","1630","基礎整合性検査済み","資料照合実施（項目限定）","","世代・グレード不整合","あり","https://www.subaru.co.jp/news/2025_04_17_164724/","6代目の日本発売は2025年4月。グレードはSPORT/X-BREAK S:HEV/Premium S:HEV（EXあり）。DBのTouring/Advance/S Limitedと世代の組合せが不整合。現行型の重量1600〜1630kgも公式1640〜1780kgの範囲外。"
"4477","スバル","フォレスター","forester","5代目 SK (2018-2024)","前期型","Touring","AWD","CVT","4640","1815","1715","1570","基礎整合性検査済み","未照合","","未判定","あり","",""
"4478","スバル","フォレスター","forester","5代目 SK (2018-2024)","前期型","X-BREAK","AWD","CVT","4640","1815","1715","1580","基礎整合性検査済み","未照合","","未判定","あり","",""
"4479","スバル","フォレスター","forester","5代目 SK (2018-2024)","前期型","Advance e-BOXER","AWD","CVT","4640","1815","1715","1640","基礎整合性検査済み","未照合","","未判定","あり","",""
"4480","スバル","フォレスター","forester","5代目 SK (2018-2024)","前期型","Sport","AWD","CVT","4640","1815","1715","1570","基礎整合性検査済み","未照合","","未判定","あり","",""
"4481","スバル","フォレスター","forester","5代目 SK (2018-2024)","前期型","STI Sport","AWD","CVT","4640","1815","1715","1580","基礎整合性検査済み","未照合","","未判定","あり","",""
"4482","レクサス","RX","rx","5代目 (2022-)","現行型","RX350","2WD","8AT","4890","1920","1705","1870","基礎整合性検査済み","未照合","","未判定","あり","",""
"4483","レクサス","RX","rx","5代目 (2022-)","現行型","RX350","AWD","8AT","4890","1920","1705","1950","基礎整合性検査済み","未照合","","未判定","あり","",""
"4484","レクサス","RX","rx","5代目 (2022-)","現行型","RX350 version L","2WD","8AT","4890","1920","1705","1870","基礎整合性検査済み","未照合","","未判定","あり","",""
"4485","レクサス","RX","rx","5代目 (2022-)","現行型","RX350h","AWD","CVT","4890","1920","1700","2010","基礎整合性検査済み","未照合","","未判定","あり","",""
"4486","レクサス","RX","rx","5代目 (2022-)","現行型","RX350h version L","AWD","CVT","4890","1920","1700","2010","基礎整合性検査済み","未照合","","未判定","あり","",""
"4487","レクサス","RX","rx","5代目 (2022-)","現行型","RX450h+ PHEV","AWD","CVT","4890","1920","1700","2160","基礎整合性検査済み","未照合","","未判定","あり","",""
"4488","レクサス","RX","rx","5代目 (2022-)","現行型","RX500h F SPORT Performance","AWD","6AT","4890","1920","1700","2100","基礎整合性検査済み","未照合","","未判定","あり","",""
"4489","レクサス","RX","rx","4代目 (2015-2022)","前期型","RX300","2WD","6AT","4890","1895","1710","1890","基礎整合性検査済み","未照合","","未判定","あり","",""
"4490","レクサス","RX","rx","4代目 (2015-2022)","前期型","RX300","AWD","6AT","4890","1895","1710","1940","基礎整合性検査済み","未照合","","未判定","あり","",""
"4491","レクサス","RX","rx","4代目 (2015-2022)","前期型","RX450h","2WD","CVT","4890","1895","1710","2010","基礎整合性検査済み","未照合","","未判定","あり","",""
"4492","レクサス","RX","rx","4代目 (2015-2022)","前期型","RX450h","AWD","CVT","4890","1895","1710","2100","基礎整合性検査済み","未照合","","未判定","あり","",""
"4493","レクサス","NX","nx","2代目 (2021-)","現行型","NX250","2WD","8AT","4660","1865","1660","1620","基礎整合性検査済み","資料照合実施（項目限定）","全長mm / 全幅mm / 全高mm / 車両重量kg","照合項目に不一致なし・未照合項目あり得る","あり","https://cpo.lexus.jp/resource/pdf/nx_202110.pdf","2021年10月標準装備、NX350はF SPORT。NX350は18インチ選択時1760kgでも登録1740kgとは一致しない。"
"4494","レクサス","NX","nx","2代目 (2021-)","現行型","NX250","AWD","8AT","4660","1865","1660","1680","基礎整合性検査済み","資料照合実施（項目限定）","全長mm / 全幅mm / 全高mm / 車両重量kg","照合項目に不一致なし・未照合項目あり得る","あり","https://cpo.lexus.jp/resource/pdf/nx_202110.pdf","2021年10月標準装備、NX350はF SPORT。NX350は18インチ選択時1760kgでも登録1740kgとは一致しない。"
"4495","レクサス","NX","nx","2代目 (2021-)","現行型","NX350h","2WD","CVT","4660","1865","1660","1720","基礎整合性検査済み","資料照合実施（項目限定）","全長mm / 全幅mm / 全高mm / 車両重量kg","誤り確認","あり","https://cpo.lexus.jp/resource/pdf/nx_202110.pdf","2021年10月標準装備、NX350はF SPORT。NX350は18インチ選択時1760kgでも登録1740kgとは一致しない。"
"4496","レクサス","NX","nx","2代目 (2021-)","現行型","NX350h","AWD","CVT","4660","1865","1660","1790","基礎整合性検査済み","資料照合実施（項目限定）","全長mm / 全幅mm / 全高mm / 車両重量kg","照合項目に不一致なし・未照合項目あり得る","あり","https://cpo.lexus.jp/resource/pdf/nx_202110.pdf","2021年10月標準装備、NX350はF SPORT。NX350は18インチ選択時1760kgでも登録1740kgとは一致しない。"
"4497","レクサス","NX","nx","2代目 (2021-)","現行型","NX350","AWD","8AT","4660","1865","1660","1740","基礎整合性検査済み","資料照合実施（項目限定）","全長mm / 全幅mm / 全高mm / 車両重量kg","誤り確認","あり","https://cpo.lexus.jp/resource/pdf/nx_202110.pdf","2021年10月標準装備、NX350はF SPORT。NX350は18インチ選択時1760kgでも登録1740kgとは一致しない。"
"4498","レクサス","NX","nx","2代目 (2021-)","現行型","NX450h+ PHEV","AWD","CVT","4660","1865","1660","1990","基礎整合性検査済み","資料照合実施（項目限定）","全長mm / 全幅mm / 全高mm","条件注記不足","あり","https://cpo.lexus.jp/resource/pdf/nx_202110.pdf","NX450h+の1990kgは18インチ選択時の値。標準20インチは2010kg。装備条件を明示する必要あり。"
"4499","レクサス","NX","nx","初代 (2014-2021)","前期型","NX300","2WD","6AT","4640","1845","1645","1710","基礎整合性検査済み","未照合","","未判定","あり","",""
"4500","レクサス","NX","nx","初代 (2014-2021)","前期型","NX300","AWD","6AT","4640","1845","1645","1770","基礎整合性検査済み","未照合","","未判定","あり","",""
"4501","レクサス","NX","nx","初代 (2014-2021)","前期型","NX300h","2WD","CVT","4640","1845","1645","1780","基礎整合性検査済み","未照合","","未判定","あり","",""
"4502","BMW","X3","x3","G45 (2024-)","現行型","xDrive20d","AWD","8AT","4755","1920","1660","1965","基礎整合性検査済み","資料照合実施（項目限定）","全長mm / 全幅mm / 全高mm / 車両重量kg","誤り確認","あり","https://www.bmw.co.jp/content/dam/bmw/marketJP/bmw_co_jp/pdf/all-models/X/X3/X3_EPL_202504V1.pdf","日本仕様20d xDrive M Sportの標準1930kg（サンルーフ1950kg）。DBは旧称xDrive20d。グレード名も整理が必要。"
"4503","BMW","X3","x3","G45 (2024-)","現行型","xDrive30e PHEV","AWD","8AT","4755","1920","1660","2195","基礎整合性検査済み","資料照合実施（項目限定）","全長mm / 全幅mm / 全高mm","仕様特定必要","あり","https://www.bmw.co.jp/content/dam/bmw/marketJP/bmw_co_jp/pdf/all-models/X/X3/X3_EPL_202504V1.pdf","寸法のみ照合。30eの日本仕様・導入年は別途確認が必要。 | 登録G45 xDrive30e PHEVは参照した日本向け価格・諸元表に掲載なし。世界向けグレードと日本仕様の区別を確認。不存在と断定せず、日本での対象仕様特定待ち。"
"4504","BMW","X3","x3","G01 (2017-2024)","前期型","xDrive20d","AWD","8AT","4720","1890","1675","1850","基礎整合性検査済み","未照合","","未判定","あり","",""
"4505","BMW","X3","x3","G01 (2017-2024)","前期型","xDrive20i","AWD","8AT","4720","1890","1675","1770","基礎整合性検査済み","未照合","","未判定","あり","",""
"4506","BMW","X3","x3","G01 (2017-2024)","前期型","M40d","AWD","8AT","4720","1890","1675","1950","基礎整合性検査済み","未照合","","未判定","あり","",""
"4507","BMW","X3","x3","G01 (2017-2024)","前期型","xDrive30e PHEV","AWD","8AT","4720","1890","1675","2040","基礎整合性検査済み","未照合","","未判定","あり","",""
"4508","BMW","3シリーズ","3-series","G20 (2019-)","現行型","318i","2WD","8AT","4715","1825","1440","1480","基礎整合性検査済み","未照合","","未判定","あり","",""
"4509","BMW","3シリーズ","3-series","G20 (2019-)","現行型","320i","2WD","8AT","4715","1825","1440","1520","基礎整合性検査済み","未照合","","未判定","あり","",""
"4510","BMW","3シリーズ","3-series","G20 (2019-)","現行型","320d xDrive","AWD","8AT","4715","1825","1440","1680","基礎整合性検査済み","未照合","","未判定","あり","",""
"4511","BMW","3シリーズ","3-series","G20 (2019-)","現行型","330i","2WD","8AT","4715","1825","1440","1580","基礎整合性検査済み","未照合","","未判定","あり","",""
"4512","BMW","3シリーズ","3-series","G20 (2019-)","現行型","M340i xDrive","AWD","8AT","4715","1825","1440","1740","基礎整合性検査済み","未照合","","未判定","あり","",""
"4513","メルセデス・ベンツ","GLC","glc","X254 (2022-)","現行型","GLC200d 4MATIC","AWD","9AT","4720","1890","1640","1930","基礎整合性検査済み","未照合","","未判定","あり","",""
"4514","メルセデス・ベンツ","GLC","glc","X254 (2022-)","現行型","GLC220d 4MATIC","AWD","9AT","4720","1890","1640","1950","基礎整合性検査済み","未照合","","未判定","あり","",""
"4515","メルセデス・ベンツ","GLC","glc","X254 (2022-)","現行型","GLC300 4MATIC","AWD","9AT","4720","1890","1640","1880","基礎整合性検査済み","未照合","","未判定","あり","",""
"4516","メルセデス・ベンツ","GLC","glc","X254 (2022-)","現行型","GLC350e 4MATIC PHEV","AWD","9AT","4720","1890","1640","2170","基礎整合性検査済み","未照合","","未判定","あり","",""
"4517","メルセデス・ベンツ","GLC","glc","X253 (2016-2022)","前期型","GLC200","2WD","9AT","4670","1890","1645","1760","基礎整合性検査済み","未照合","","未判定","あり","",""
"4518","メルセデス・ベンツ","GLC","glc","X253 (2016-2022)","前期型","GLC220d 4MATIC","AWD","9AT","4670","1890","1645","1860","基礎整合性検査済み","未照合","","未判定","あり","",""
"4519","メルセデス・ベンツ","GLC","glc","X253 (2016-2022)","前期型","GLC300 4MATIC","AWD","9AT","4670","1890","1645","1820","基礎整合性検査済み","未照合","","未判定","あり","",""
"4520","アウディ","Q5","q5","FY (2017-)","現行型","40 TDI quattro","AWD","7AT","4680","1900","1665","1920","基礎整合性検査済み","未照合","","未判定","あり","",""
"4521","アウディ","Q5","q5","FY (2017-)","現行型","45 TFSI quattro","AWD","7AT","4680","1900","1665","1870","基礎整合性検査済み","未照合","","未判定","あり","",""
"4522","アウディ","Q5","q5","FY (2017-)","現行型","55 TFSI e quattro PHEV","AWD","7AT","4680","1900","1665","2110","基礎整合性検査済み","未照合","","未判定","あり","",""
"4523","アウディ","Q5","q5","FY (2017-)","現行型","SQ5 3.0 TFSI quattro","AWD","8AT","4680","1900","1665","1960","基礎整合性検査済み","未照合","","未判定","あり","",""
"4524","ボルボ","XC60","xc60","2代目 (2017-)","現行型","B5 AWD Momentum","AWD","8AT","4710","1900","1660","1890","基礎整合性検査済み","未照合","","未判定","あり","",""
"4525","ボルボ","XC60","xc60","2代目 (2017-)","現行型","B5 AWD Inscription","AWD","8AT","4710","1900","1660","1910","基礎整合性検査済み","未照合","","未判定","あり","",""
"4526","ボルボ","XC60","xc60","2代目 (2017-)","現行型","T8 Recharge PHEV","AWD","8AT","4710","1900","1660","2150","基礎整合性検査済み","未照合","","未判定","あり","",""
"4527","ボルボ","XC60","xc60","2代目 (2017-)","現行型","Ultimate B5","AWD","8AT","4710","1900","1660","1920","基礎整合性検査済み","未照合","","未判定","あり","",""
"4528","トヨタ","ヴェルファイア","vellfire","40系 (2023-)","現行型","Z Premier 2.4L ターボ","2WD","8AT","4995","1850","1945","2180","基礎整合性検査済み","資料照合実施（項目限定）","全長mm / 全幅mm / 全高mm / 車両重量kg","照合項目に不一致なし・未照合項目あり得る","あり","https://toyota.jp/pages/contents/carlineup/archive/vellfire/2023-06/pdf/vellfire_main_s_202306_202411.pdf","2023年標準19インチ。17インチ仕様は全高1935mm、装備により重量差あり。"
"4529","トヨタ","ヴェルファイア","vellfire","40系 (2023-)","現行型","Z Premier 2.4L ターボ","4WD","8AT","4995","1850","1945","2240","基礎整合性検査済み","資料照合実施（項目限定）","全長mm / 全幅mm / 全高mm / 車両重量kg","照合項目に不一致なし・未照合項目あり得る","あり","https://toyota.jp/pages/contents/carlineup/archive/vellfire/2023-06/pdf/vellfire_main_s_202306_202411.pdf","2023年標準19インチ。17インチ仕様は全高1935mm、装備により重量差あり。"
"4530","トヨタ","ヴェルファイア","vellfire","40系 (2023-)","現行型","Executive Lounge 2.5L HV","2WD","CVT","4995","1850","1945","2250","基礎整合性検査済み","資料照合実施（項目限定）","全長mm / 全幅mm / 全高mm / 車両重量kg","照合項目に不一致なし・未照合項目あり得る","あり","https://toyota.jp/pages/contents/carlineup/archive/vellfire/2023-06/pdf/vellfire_main_s_202306_202411.pdf","2023年標準19インチ。17インチ仕様は全高1935mm、装備により重量差あり。"
"4531","トヨタ","ヴェルファイア","vellfire","40系 (2023-)","現行型","Executive Lounge 2.5L HV","4WD","CVT","4995","1850","1945","2310","基礎整合性検査済み","資料照合実施（項目限定）","全長mm / 全幅mm / 全高mm / 車両重量kg","照合項目に不一致なし・未照合項目あり得る","あり","https://toyota.jp/pages/contents/carlineup/archive/vellfire/2023-06/pdf/vellfire_main_s_202306_202411.pdf","2023年標準19インチ。17インチ仕様は全高1935mm、装備により重量差あり。"
"4532","トヨタ","ヴェルファイア","vellfire","30系後期 (2018-2022)","前期型","2.5Z Gエディション","2WD","CVT","4935","1850","1935","2010","基礎整合性検査済み","未照合","","未判定","あり","",""
"4533","トヨタ","ヴェルファイア","vellfire","30系後期 (2018-2022)","前期型","3.5Z G","4WD","8AT","4935","1850","1950","2150","基礎整合性検査済み","未照合","","未判定","あり","",""
"4534","トヨタ","ヴェルファイア","vellfire","30系後期 (2018-2022)","前期型","HV ZR Gエディション","4WD","CVT","4935","1850","1950","2190","基礎整合性検査済み","未照合","","未判定","あり","",""
"4535","トヨタ","ノア","noah","90系 (2022-)","現行型","S-Z 2.0L","2WD","CVT","4695","1730","1895","1640","基礎整合性検査済み","資料照合実施（項目限定）","全長mm / 全幅mm / 全高mm / 車両重量kg","照合項目に不一致なし・未照合項目あり得る","あり","https://toyota.jp/pages/contents/carlineup/archive/noah/2022-01/pdf/noah_main_s_202201_202504.pdf","2022年1月～2025年4月仕様。S-Z HV 2WDの重量は装備条件が未特定のため未照合。"
"4536","トヨタ","ノア","noah","90系 (2022-)","現行型","X 2.0L","2WD","CVT","4695","1730","1895","1600","基礎整合性検査済み","資料照合実施（項目限定）","全長mm / 全幅mm / 全高mm / 車両重量kg","照合項目に不一致なし・未照合項目あり得る","あり","https://toyota.jp/pages/contents/carlineup/archive/noah/2022-01/pdf/noah_main_s_202201_202504.pdf","2022年1月～2025年4月仕様。S-Z HV 2WDの重量は装備条件が未特定のため未照合。"
"4537","トヨタ","ノア","noah","90系 (2022-)","現行型","S-Z 2.0L","4WD","CVT","4695","1730","1925","1700","基礎整合性検査済み","資料照合実施（項目限定）","全長mm / 全幅mm / 全高mm / 車両重量kg","照合項目に不一致なし・未照合項目あり得る","あり","https://toyota.jp/pages/contents/carlineup/archive/noah/2022-01/pdf/noah_main_s_202201_202504.pdf","2022年1月～2025年4月仕様。S-Z HV 2WDの重量は装備条件が未特定のため未照合。"
"4538","トヨタ","ノア","noah","90系 (2022-)","現行型","S-Z HV","2WD","CVT","4695","1730","1895","1690","基礎整合性検査済み","資料照合実施（項目限定）","全長mm / 全幅mm / 全高mm","照合項目に不一致なし・未照合項目あり得る","あり","https://toyota.jp/pages/contents/carlineup/archive/noah/2022-01/pdf/noah_main_s_202201_202504.pdf","2022年1月～2025年4月仕様。S-Z HV 2WDの重量は装備条件が未特定のため未照合。"
"4539","トヨタ","ノア","noah","90系 (2022-)","現行型","S-Z HV","4WD","CVT","4695","1730","1925","1710","基礎整合性検査済み","資料照合実施（項目限定）","全長mm / 全幅mm / 全高mm / 車両重量kg","照合項目に不一致なし・未照合項目あり得る","あり","https://toyota.jp/pages/contents/carlineup/archive/noah/2022-01/pdf/noah_main_s_202201_202504.pdf","2022年1月～2025年4月仕様。S-Z HV 2WDの重量は装備条件が未特定のため未照合。"
"4540","トヨタ","シエンタ","sienta","3代目 (2022-)","現行型","X 1.5L","2WD","CVT","4260","1695","1695","1270","基礎整合性検査済み","資料照合実施（項目限定）","全長mm / 全幅mm / 全高mm","照合項目に不一致なし・未照合項目あり得る","あり","https://toyota.jp/pages/contents/sienta/003_p_001/pdf/sienta_spec_202608.pdf","寸法3項目のみ。年式・5/7人乗り条件未特定のため重量は未照合。"
"4541","トヨタ","シエンタ","sienta","3代目 (2022-)","現行型","Z 1.5L","2WD","CVT","4260","1695","1695","1300","基礎整合性検査済み","資料照合実施（項目限定）","全長mm / 全幅mm / 全高mm","照合項目に不一致なし・未照合項目あり得る","あり","https://toyota.jp/pages/contents/sienta/003_p_001/pdf/sienta_spec_202608.pdf","寸法3項目のみ。年式・5/7人乗り条件未特定のため重量は未照合。"
"4542","トヨタ","シエンタ","sienta","3代目 (2022-)","現行型","Z HV","2WD","CVT","4260","1695","1695","1370","基礎整合性検査済み","資料照合実施（項目限定）","全長mm / 全幅mm / 全高mm","照合項目に不一致なし・未照合項目あり得る","あり","https://toyota.jp/pages/contents/sienta/003_p_001/pdf/sienta_spec_202608.pdf","寸法3項目のみ。年式・5/7人乗り条件未特定のため重量は未照合。"
"4543","トヨタ","シエンタ","sienta","3代目 (2022-)","現行型","G HV","4WD","CVT","4260","1695","1715","1410","基礎整合性検査済み","資料照合実施（項目限定）","全長mm / 全幅mm / 全高mm","照合項目に不一致なし・未照合項目あり得る","あり","https://toyota.jp/pages/contents/sienta/003_p_001/pdf/sienta_spec_202608.pdf","寸法3項目のみ。年式・5/7人乗り条件未特定のため重量は未照合。"
"4544","トヨタ","クラウン セダン","crown-sedan","16代目 (2023-)","現行型","Z 2.5L マルチステージHV","2WD","CVT","5030","1890","1475","2020","基礎整合性検査済み","未照合","","未判定","あり","",""
"4545","トヨタ","クラウン スポーツ","crown-sport","初代 (2023-)","現行型","Z 2.5L HV","4WD","CVT","4720","1880","1565","1810","基礎整合性検査済み","未照合","","未判定","あり","",""
"4546","トヨタ","クラウン スポーツ","crown-sport","初代 (2023-)","現行型","RS 2.5L PHEV","4WD","CVT","4720","1880","1570","2030","基礎整合性検査済み","未照合","","未判定","あり","",""
"4547","トヨタ","クラウン クロスオーバー","crown-crossover","初代 (2022-)","現行型","X 2.5L HV","4WD","CVT","4930","1840","1540","1750","基礎整合性検査済み","未照合","","未判定","あり","",""
"4548","トヨタ","クラウン クロスオーバー","crown-crossover","初代 (2022-)","現行型","G Advanced Leather Package 2.5L HV","4WD","CVT","4930","1840","1540","1790","基礎整合性検査済み","未照合","","未判定","あり","",""
"4549","トヨタ","クラウン クロスオーバー","crown-crossover","初代 (2022-)","現行型","RS 2.4L ターボHV","4WD","6AT","4930","1840","1540","1920","基礎整合性検査済み","未照合","","未判定","あり","",""
"4550","トヨタ","bZ4X","bz4x","初代 (2022-)","現行型","Z","2WD","1AT(EV)","4690","1860","1650","1880","基礎整合性検査済み","未照合","","未判定","あり","",""
"4551","トヨタ","bZ4X","bz4x","初代 (2022-)","現行型","Z","4WD","1AT(EV)","4690","1860","1650","1990","基礎整合性検査済み","未照合","","未判定","あり","",""
"4552","トヨタ","ランドクルーザー250","land-cruiser-250","250系 (2024-)","現行型","GX 2.8L ディーゼルターボ","4WD","8AT","4925","1940","1925","2320","基礎整合性検査済み","未照合","","未判定","あり","",""
"4553","トヨタ","ランドクルーザー250","land-cruiser-250","250系 (2024-)","現行型","VX 2.8L ディーゼルターボ","4WD","8AT","4925","1980","1925","2380","基礎整合性検査済み","未照合","","未判定","あり","",""
"4554","トヨタ","ランドクルーザー250","land-cruiser-250","250系 (2024-)","現行型","ZX 2.8L ディーゼルターボ","4WD","8AT","4925","1980","1935","2410","基礎整合性検査済み","未照合","","未判定","あり","",""
"4555","トヨタ","ランドクルーザープラド","land-cruiser-prado","150系後期 (2017-2024)","前期型","TX 2.7L ガソリン","4WD","6AT","4825","1885","1850","2050","基礎整合性検査済み","未照合","","未判定","あり","",""
"4556","トヨタ","ランドクルーザープラド","land-cruiser-prado","150系後期 (2017-2024)","前期型","TX 2.8L ディーゼルターボ","4WD","6AT","4825","1885","1850","2220","基礎整合性検査済み","未照合","","未判定","あり","",""
"4557","トヨタ","ランドクルーザープラド","land-cruiser-prado","150系後期 (2017-2024)","前期型","TZ-G 2.8L ディーゼルターボ","4WD","6AT","4825","1885","1835","2330","基礎整合性検査済み","未照合","","未判定","あり","",""
"4558","レクサス","UX","ux","初代 (2018-)","現行型","UX300h","2WD","CVT","4495","1840","1540","1510","基礎整合性検査済み","未照合","","未判定","あり","",""
"4559","レクサス","UX","ux","初代 (2018-)","現行型","UX300h","4WD","CVT","4495","1840","1540","1610","基礎整合性検査済み","未照合","","未判定","あり","",""
"4560","レクサス","UX","ux","初代 (2018-)","現行型","UX300h F SPORT","2WD","CVT","4500","1840","1540","1540","基礎整合性検査済み","未照合","","未判定","あり","",""
"4561","レクサス","LX","lx","600 (2022-)","現行型","LX600","4WD","10AT","5100","1990","1885","2590","基礎整合性検査済み","未照合","","未判定","あり","",""
"4562","レクサス","LX","lx","600 (2022-)","現行型","LX600 EXECUTIVE","4WD","10AT","5100","1990","1895","2600","基礎整合性検査済み","未照合","","未判定","あり","",""
"4563","レクサス","LX","lx","600 (2022-)","現行型","LX600 OFFROAD","4WD","10AT","5100","1990","1885","2580","基礎整合性検査済み","未照合","","未判定","あり","",""
"4564","ホンダ","CR-V","cr-v","6代目 (2024-)","現行型","e:HEV RS","2WD","CVT","4700","1865","1680","1750","基礎整合性検査済み","資料照合実施（項目限定）","全長mm / 全幅mm / 全高mm / 車両重量kg","世代・グレード不整合","あり","https://www.honda.co.jp/CR-V/common/pdf/cr-v_spec_list.pdf?from=car_footer | https://global.honda/jp/news/2026/4260226-cr-v.html","数値は2026年2月の国内e:HEV RSと一致。登録世代名の2024年は国内e:HEVの販売時期と一致しない。 | 登録データは2026年国内e:HEVと一致するが、2024年開始と表示。2024年の国内CR-V e:FCEVと混同させない。"
"4565","ホンダ","CR-V","cr-v","6代目 (2024-)","現行型","e:HEV RS","4WD","CVT","4700","1865","1690","1800","基礎整合性検査済み","資料照合実施（項目限定）","全長mm / 全幅mm / 全高mm / 車両重量kg","世代・グレード不整合","あり","https://www.honda.co.jp/CR-V/common/pdf/cr-v_spec_list.pdf?from=car_footer | https://global.honda/jp/news/2026/4260226-cr-v.html","数値は2026年2月の国内e:HEV RSと一致。登録世代名の2024年は国内e:HEVの販売時期と一致しない。 | 登録データは2026年国内e:HEVと一致するが、2024年開始と表示。2024年の国内CR-V e:FCEVと混同させない。"
"4566","ホンダ","ZR-V","zr-v","初代 (2023-)","現行型","X 1.5T","2WD","CVT","4570","1840","1620","1470","基礎整合性検査済み","資料照合実施（項目限定）","全長mm / 全幅mm / 全高mm","照合項目に不一致なし・未照合項目あり得る","あり","https://www.honda.co.jp/auto-archive/zr-v/2026/common/pdf/zrv_spec_list.pdf","2026年改良前のカタログ。X FFの重量はメーカーオプション条件を要確認。"
"4567","ホンダ","ZR-V","zr-v","初代 (2023-)","現行型","Z 1.5T","2WD","CVT","4570","1840","1620","1490","基礎整合性検査済み","資料照合実施（項目限定）","全長mm / 全幅mm / 全高mm / 車両重量kg","照合項目に不一致なし・未照合項目あり得る","あり","https://www.honda.co.jp/auto-archive/zr-v/2026/common/pdf/zrv_spec_list.pdf","2026年改良前のカタログ。X FFの重量はメーカーオプション条件を要確認。"
"4568","ホンダ","ZR-V","zr-v","初代 (2023-)","現行型","e:HEV Z","2WD","CVT","4570","1840","1620","1580","基礎整合性検査済み","資料照合実施（項目限定）","全長mm / 全幅mm / 全高mm / 車両重量kg","照合項目に不一致なし・未照合項目あり得る","あり","https://www.honda.co.jp/auto-archive/zr-v/2026/common/pdf/zrv_spec_list.pdf","2026年改良前のカタログ。X FFの重量はメーカーオプション条件を要確認。"
"4569","ホンダ","ZR-V","zr-v","初代 (2023-)","現行型","e:HEV Z","4WD","CVT","4570","1840","1620","1630","基礎整合性検査済み","資料照合実施（項目限定）","全長mm / 全幅mm / 全高mm / 車両重量kg","照合項目に不一致なし・未照合項目あり得る","あり","https://www.honda.co.jp/auto-archive/zr-v/2026/common/pdf/zrv_spec_list.pdf","2026年改良前のカタログ。X FFの重量はメーカーオプション条件を要確認。"
"4570","ホンダ","ステップワゴン","stepwgn","6代目 RP6/RP7/RP8 (2022-)","現行型","AIR 1.5T","2WD","CVT","4800","1750","1840","1710","基礎整合性検査済み","資料照合実施（項目限定）","全長mm / 全幅mm / 全高mm / 車両重量kg","照合項目に不一致なし・未照合項目あり得る","あり","https://www.honda.co.jp/factbook/auto/STEPWGN/220526/P34.pdf","2022年発売時7人乗り標準仕様。現行AIR EXとは異なる。"
"4571","ホンダ","ステップワゴン","stepwgn","6代目 RP6/RP7/RP8 (2022-)","現行型","AIR 1.5T","4WD","CVT","4800","1750","1855","1790","基礎整合性検査済み","資料照合実施（項目限定）","全長mm / 全幅mm / 全高mm / 車両重量kg","照合項目に不一致なし・未照合項目あり得る","あり","https://www.honda.co.jp/factbook/auto/STEPWGN/220526/P34.pdf","2022年発売時7人乗り標準仕様。現行AIR EXとは異なる。"
"4572","ホンダ","ステップワゴン","stepwgn","6代目 RP6/RP7/RP8 (2022-)","現行型","e:HEV AIR","2WD","CVT","4800","1750","1840","1810","基礎整合性検査済み","資料照合実施（項目限定）","全長mm / 全幅mm / 全高mm / 車両重量kg","照合項目に不一致なし・未照合項目あり得る","あり","https://www.honda.co.jp/factbook/auto/STEPWGN/220526/P34.pdf","2022年発売時7人乗り標準仕様。現行AIR EXとは異なる。"
"4573","ホンダ","ステップワゴン","stepwgn","6代目 RP6/RP7/RP8 (2022-)","現行型","SPADA 1.5T","2WD","CVT","4830","1750","1840","1740","基礎整合性検査済み","資料照合実施（項目限定）","全長mm / 全幅mm / 全高mm / 車両重量kg","照合項目に不一致なし・未照合項目あり得る","あり","https://www.honda.co.jp/factbook/auto/STEPWGN/220526/P34.pdf","2022年発売時7人乗り標準仕様。現行AIR EXとは異なる。"
"4574","ホンダ","ステップワゴン","stepwgn","6代目 RP6/RP7/RP8 (2022-)","現行型","e:HEV SPADA","2WD","CVT","4830","1750","1840","1840","基礎整合性検査済み","資料照合実施（項目限定）","全長mm / 全幅mm / 全高mm / 車両重量kg","照合項目に不一致なし・未照合項目あり得る","あり","https://www.honda.co.jp/factbook/auto/STEPWGN/220526/P34.pdf","2022年発売時7人乗り標準仕様。現行AIR EXとは異なる。"
"4575","ホンダ","ステップワゴン","stepwgn","6代目 RP6/RP7/RP8 (2022-)","現行型","SPADA PREMIUM LINE","2WD","CVT","4830","1750","1845","1740","基礎整合性検査済み","資料照合実施（項目限定）","全長mm / 全幅mm / 全高mm / 車両重量kg","照合項目に不一致なし・未照合項目あり得る","あり","https://www.honda.co.jp/factbook/auto/STEPWGN/220526/P34.pdf","2022年発売時7人乗り標準仕様。現行AIR EXとは異なる。"
"4576","ホンダ","オデッセイ","odyssey","5代目 RC系 (2023-)","現行型","e:HEV ABSOLUTE","2WD","CVT","4860","1820","1695","1920","基礎整合性検査済み","資料照合実施（項目限定）","全長mm / 全幅mm / 全高mm / 車両重量kg","照合項目に不一致なし・未照合項目あり得る","あり","https://www.honda.co.jp/ODYSSEY/common/pdf/odyssey_spec_list.pdf",""
"4577","ホンダ","オデッセイ","odyssey","5代目 RC系 (2023-)","現行型","e:HEV ABSOLUTE EX","2WD","CVT","4860","1820","1695","1950","基礎整合性検査済み","資料照合実施（項目限定）","全長mm / 全幅mm / 全高mm / 車両重量kg","照合項目に不一致なし・未照合項目あり得る","あり","https://www.honda.co.jp/ODYSSEY/common/pdf/odyssey_spec_list.pdf",""
"4578","ホンダ","ヴェゼル","vezel","2代目 (2021-)","現行型","G 1.5L","2WD","CVT","4330","1790","1580","1250","基礎整合性検査済み","資料照合実施（項目限定）","全長mm / 全幅mm / 全高mm / 車両重量kg","照合項目に不一致なし・未照合項目あり得る","あり","https://www.honda.co.jp/auto-archive/vezel/2024/common/pdf/vezel_spec_list.pdf","2024年4月改良前の仕様。現行型一括表示の改善対象。"
"4579","ホンダ","ヴェゼル","vezel","2代目 (2021-)","現行型","e:HEV X","2WD","CVT","4330","1790","1580","1350","基礎整合性検査済み","資料照合実施（項目限定）","全長mm / 全幅mm / 全高mm / 車両重量kg","照合項目に不一致なし・未照合項目あり得る","あり","https://www.honda.co.jp/auto-archive/vezel/2024/common/pdf/vezel_spec_list.pdf","2024年4月改良前の仕様。現行型一括表示の改善対象。"
"4580","ホンダ","ヴェゼル","vezel","2代目 (2021-)","現行型","e:HEV Z","2WD","CVT","4330","1790","1590","1380","基礎整合性検査済み","資料照合実施（項目限定）","全長mm / 全幅mm / 全高mm / 車両重量kg","照合項目に不一致なし・未照合項目あり得る","あり","https://www.honda.co.jp/auto-archive/vezel/2024/common/pdf/vezel_spec_list.pdf","2024年4月改良前の仕様。現行型一括表示の改善対象。"
"4581","ホンダ","ヴェゼル","vezel","2代目 (2021-)","現行型","e:HEV Z","4WD","CVT","4330","1790","1590","1450","基礎整合性検査済み","資料照合実施（項目限定）","全長mm / 全幅mm / 全高mm / 車両重量kg","照合項目に不一致なし・未照合項目あり得る","あり","https://www.honda.co.jp/auto-archive/vezel/2024/common/pdf/vezel_spec_list.pdf","2024年4月改良前の仕様。現行型一括表示の改善対象。"
"4582","ホンダ","WR-V","wr-v","初代 (2024-)","現行型","X","2WD","CVT","4325","1790","1650","1210","基礎整合性検査済み","資料照合実施（項目限定）","全長mm / 全幅mm / 全高mm / 車両重量kg","照合項目に不一致なし・未照合項目あり得る","あり","https://www.honda.co.jp/WR-V/common/pdf/wrv_spec_list.pdf","X/Zの標準仕様。"
"4583","ホンダ","WR-V","wr-v","初代 (2024-)","現行型","Z","2WD","CVT","4325","1790","1650","1230","基礎整合性検査済み","資料照合実施（項目限定）","全長mm / 全幅mm / 全高mm / 車両重量kg","照合項目に不一致なし・未照合項目あり得る","あり","https://www.honda.co.jp/WR-V/common/pdf/wrv_spec_list.pdf","X/Zの標準仕様。"
"4584","日産","エクストレイル","x-trail","T33型 4代目 (2022-)","現行型","X e-POWER","2WD","e-POWER","4660","1840","1720","1750","基礎整合性検査済み","未照合","","未判定","あり","",""
"4585","日産","エクストレイル","x-trail","T33型 4代目 (2022-)","現行型","X e-4ORCE","4WD","e-POWER","4660","1840","1720","1850","基礎整合性検査済み","未照合","","未判定","あり","",""
"4586","日産","エクストレイル","x-trail","T33型 4代目 (2022-)","現行型","G e-4ORCE","4WD","e-POWER","4660","1840","1720","1880","基礎整合性検査済み","未照合","","未判定","あり","",""
"4587","日産","アリア","ariya","初代 (2022-)","現行型","B6","2WD","1AT(EV)","4595","1850","1655","1920","基礎整合性検査済み","未照合","","未判定","あり","",""
"4588","日産","アリア","ariya","初代 (2022-)","現行型","B6 e-4ORCE","AWD","1AT(EV)","4595","1850","1655","2050","基礎整合性検査済み","未照合","","未判定","あり","",""
"4589","日産","アリア","ariya","初代 (2022-)","現行型","B9 e-4ORCE","AWD","1AT(EV)","4595","1850","1655","2180","基礎整合性検査済み","未照合","","未判定","あり","",""
"4590","日産","キックス","kicks","P15 (2020-)","現行型","X","2WD","e-POWER","4290","1760","1605","1360","基礎整合性検査済み","未照合","","未判定","あり","",""
"4591","日産","キックス","kicks","P15 (2020-)","現行型","X FOUR","4WD","e-POWER","4290","1760","1605","1480","基礎整合性検査済み","未照合","","未判定","あり","",""
"4592","日産","サクラ","sakura","初代 (2022-)","現行型","X","2WD","1AT(EV)","3395","1475","1655","1070","基礎整合性検査済み","未照合","","未判定","あり","",""
"4593","日産","サクラ","sakura","初代 (2022-)","現行型","G","2WD","1AT(EV)","3395","1475","1655","1080","基礎整合性検査済み","未照合","","未判定","あり","",""
"4594","マツダ","CX-80","cx-80","初代 (2024-)","現行型","XD S Package","2WD","8AT","4990","1890","1705","1990","基礎整合性検査済み","資料照合実施（項目限定）","全長mm / 全幅mm / 全高mm / 車両重量kg","照合項目に不一致なし・未照合項目あり得る","あり","https://www.mazda.co.jp/globalassets/assets/cars/cx-80/common/pdf/cx-80_specification_202410.pdf","2025年3月仕様。S Package 1,705mmは正しい。L Packageはサンルーフなし、Premium Sportsはサンルーフ装着値。PHEVの重量・正確なグレード名は未確認。"
"4595","マツダ","CX-80","cx-80","初代 (2024-)","現行型","XD L Package","4WD","8AT","4990","1890","1710","2040","基礎整合性検査済み","資料照合実施（項目限定）","全長mm / 全幅mm / 全高mm / 車両重量kg","照合項目に不一致なし・未照合項目あり得る","あり","https://www.mazda.co.jp/globalassets/assets/cars/cx-80/common/pdf/cx-80_specification_202410.pdf","2025年3月仕様。S Package 1,705mmは正しい。L Packageはサンルーフなし、Premium Sportsはサンルーフ装着値。PHEVの重量・正確なグレード名は未確認。"
"4596","マツダ","CX-80","cx-80","初代 (2024-)","現行型","XD-HYBRID Premium Sport","4WD","8AT","4990","1890","1710","2120","基礎整合性検査済み","資料照合実施（項目限定）","全長mm / 全幅mm / 全高mm / 車両重量kg","照合項目に不一致なし・未照合項目あり得る","あり","https://www.mazda.co.jp/globalassets/assets/cars/cx-80/common/pdf/cx-80_specification_202410.pdf","2025年3月仕様。S Package 1,705mmは正しい。L Packageはサンルーフなし、Premium Sportsはサンルーフ装着値。PHEVの重量・正確なグレード名は未確認。"
"4597","マツダ","CX-80","cx-80","初代 (2024-)","現行型","PHEV Premium","4WD","8AT","4990","1890","1710","2240","基礎整合性検査済み","資料照合実施（項目限定）","全長mm / 全幅mm / 全高mm","照合項目に不一致なし・未照合項目あり得る","あり","https://www.mazda.co.jp/globalassets/assets/cars/cx-80/common/pdf/cx-80_specification_202410.pdf","2025年3月仕様。S Package 1,705mmは正しい。L Packageはサンルーフなし、Premium Sportsはサンルーフ装着値。PHEVの重量・正確なグレード名は未確認。"
"4598","マツダ","CX-3","cx-3","DK系 (2015-)","現行型","15S Touring","2WD","6AT","4275","1765","1550","1210","基礎整合性検査済み","未照合","","未判定","あり","",""
"4599","マツダ","CX-3","cx-3","DK系 (2015-)","現行型","XD Touring","2WD","6AT","4275","1765","1550","1300","基礎整合性検査済み","未照合","","未判定","あり","",""
"4600","マツダ","CX-3","cx-3","DK系 (2015-)","現行型","XD Touring","4WD","6AT","4275","1765","1550","1370","基礎整合性検査済み","未照合","","未判定","あり","",""
"4601","マツダ","CX-30","cx-30","DM系 (2019-)","現行型","20S","2WD","6AT","4395","1795","1540","1420","基礎整合性検査済み","未照合","","未判定","あり","",""
"4602","マツダ","CX-30","cx-30","DM系 (2019-)","現行型","20S","4WD","6AT","4395","1795","1540","1500","基礎整合性検査済み","未照合","","未判定","あり","",""
"4603","マツダ","CX-30","cx-30","DM系 (2019-)","現行型","XD Touring","2WD","6AT","4395","1795","1540","1460","基礎整合性検査済み","未照合","","未判定","あり","",""
"4604","マツダ","CX-30","cx-30","DM系 (2019-)","現行型","XD Touring","4WD","6AT","4395","1795","1540","1540","基礎整合性検査済み","未照合","","未判定","あり","",""
"4605","三菱","デリカD:5","delica-d5","後期 (2019-)","現行型","G 2.2L ディーゼルターボ","4WD","8AT","4800","1795","1875","1960","基礎整合性検査済み","未照合","","未判定","あり","",""
"4606","三菱","デリカD:5","delica-d5","後期 (2019-)","現行型","G-Power Package 2.2L ディーゼルターボ","4WD","8AT","4800","1795","1875","1990","基礎整合性検査済み","未照合","","未判定","あり","",""
"4607","三菱","デリカD:5","delica-d5","後期 (2019-)","現行型","P 2.2L ディーゼルターボ","4WD","8AT","4800","1815","1875","1990","基礎整合性検査済み","未照合","","未判定","あり","",""
"4608","三菱","アウトランダー","outlander","4代目 GN系 (2021-)","現行型","M PHEV","4WD","PHEV","4720","1860","1745","2070","基礎整合性検査済み","未照合","","未判定","あり","",""
"4609","三菱","アウトランダー","outlander","4代目 GN系 (2021-)","現行型","G PHEV","4WD","PHEV","4720","1860","1750","2110","基礎整合性検査済み","未照合","","未判定","あり","",""
"4610","三菱","アウトランダー","outlander","4代目 GN系 (2021-)","現行型","P PHEV","4WD","PHEV","4720","1860","1750","2160","基礎整合性検査済み","未照合","","未判定","あり","",""
"4611","三菱","エクリプス クロス","eclipse-cross","MC後 (2020-)","現行型","G 1.5T","2WD","CVT","4545","1805","1685","1480","基礎整合性検査済み","未照合","","未判定","あり","",""
"4612","三菱","エクリプス クロス","eclipse-cross","MC後 (2020-)","現行型","G 1.5T","4WD","CVT","4545","1805","1685","1550","基礎整合性検査済み","未照合","","未判定","あり","",""
"4613","三菱","エクリプス クロス","eclipse-cross","MC後 (2020-)","現行型","P PHEV","4WD","PHEV","4545","1805","1685","1920","基礎整合性検査済み","未照合","","未判定","あり","",""
"4614","スバル","レガシィ アウトバック","outback","6代目 BT系 (2021-)","現行型","X-BREAK EX 1.8T","AWD","CVT","4870","1875","1670","1680","基礎整合性検査済み","未照合","","未判定","あり","",""
"4615","スバル","レガシィ アウトバック","outback","6代目 BT系 (2021-)","現行型","Limited EX 1.8T","AWD","CVT","4870","1875","1675","1690","基礎整合性検査済み","未照合","","未判定","あり","",""
"4616","スバル","クロストレック","crosstrek","初代 GU系 (2022-)","現行型","Touring","AWD","CVT","4480","1800","1575","1600","基礎整合性検査済み","資料照合実施（項目限定）","全長mm / 全幅mm / 全高mm / 車両重量kg","条件注記不足","あり","https://scdam.subaru.jp/20241108/20241108171116crosstrek_specifications.pdf","2024年12月詳細諸元表。シャークフィンアンテナを含み、ルーフレールなしの全高。 | 1,575mmは正しい。ルーフレール装着で+5mm、当時のTouringオーディオレスはアンテナを倒して-25mm。年式・装備条件を明記する。"
"4617","スバル","クロストレック","crosstrek","初代 GU系 (2022-)","現行型","Limited","AWD","CVT","4480","1800","1575","1610","基礎整合性検査済み","資料照合実施（項目限定）","全長mm / 全幅mm / 全高mm / 車両重量kg","条件注記不足","あり","https://scdam.subaru.jp/20241108/20241108171116crosstrek_specifications.pdf","2024年12月詳細諸元表。シャークフィンアンテナを含み、ルーフレールなしの全高。 | 1,575mmは正しい。ルーフレール装着で+5mm、当時のTouringオーディオレスはアンテナを倒して-25mm。年式・装備条件を明記する。"
"4618","スズキ","ジムニー","jimny","4代目 JB64W (2018-)","現行型","XC","4WD","4AT","3395","1475","1725","1040","基礎整合性検査済み","資料照合実施（項目限定）","全長mm / 全幅mm / 全高mm / 車両重量kg","条件注記不足","あり","https://www.suzuki.co.jp/suzuki_digital_library/pdf/1_auto/jimny/140.pdf","2018年7月仕様。全高はルーフアンテナを折り畳んだ状態。 | 全高1,725mmはルーフアンテナ格納時。"
"4619","スズキ","ジムニー","jimny","4代目 JB64W (2018-)","現行型","XC","4WD","5MT","3395","1475","1725","1040","基礎整合性検査済み","資料照合実施（項目限定）","全長mm / 全幅mm / 全高mm / 車両重量kg","誤り確認 / 条件注記不足","あり","https://www.suzuki.co.jp/suzuki_digital_library/pdf/1_auto/jimny/140.pdf","2018年7月仕様。全高はルーフアンテナを折り畳んだ状態。 | 全高1,725mmはルーフアンテナ格納時。"
"4620","スズキ","ジムニーシエラ","jimny-sierra","JB74W (2018-)","現行型","JC","4WD","4AT","3550","1645","1730","1090","基礎整合性検査済み","資料照合実施（項目限定）","全長mm / 全幅mm / 全高mm / 車両重量kg","照合項目に不一致なし・未照合項目あり得る","あり","https://www.suzuki.co.jp/suzuki_digital_library/pdf/1_auto/jimnysmall/195.pdf","2018年発売時、アンテナ折り畳み状態。現年式の重量とは区別。"
"4621","スズキ","ジムニーシエラ","jimny-sierra","JB74W (2018-)","現行型","JC","4WD","5MT","3550","1645","1730","1070","基礎整合性検査済み","資料照合実施（項目限定）","全長mm / 全幅mm / 全高mm / 車両重量kg","照合項目に不一致なし・未照合項目あり得る","あり","https://www.suzuki.co.jp/suzuki_digital_library/pdf/1_auto/jimnysmall/195.pdf","2018年発売時、アンテナ折り畳み状態。現年式の重量とは区別。"
"4622","スズキ","ソリオ","solio","4代目 (2020-)","現行型","HYBRID MX","2WD","CVT","3790","1645","1745","1000","基礎整合性検査済み","未照合","","未判定","あり","",""
"4623","スズキ","ソリオ","solio","4代目 (2020-)","現行型","HYBRID MZ","2WD","CVT","3790","1645","1745","1000","基礎整合性検査済み","未照合","","未判定","あり","",""
"4624","スズキ","ソリオ","solio","4代目 (2020-)","現行型","HYBRID MZ","4WD","CVT","3790","1645","1745","1040","基礎整合性検査済み","未照合","","未判定","あり","",""
"4625","ダイハツ","ロッキー","rocky","初代 (2019-)","現行型","X 1.0T","2WD","CVT","3995","1695","1620","970","基礎整合性検査済み","未照合","","未判定","あり","",""
"4626","ダイハツ","ロッキー","rocky","初代 (2019-)","現行型","G 1.0T","2WD","CVT","3995","1695","1620","980","基礎整合性検査済み","未照合","","未判定","あり","",""
"4627","ダイハツ","ロッキー","rocky","初代 (2019-)","現行型","X 1.0T","4WD","CVT","3995","1695","1620","1040","基礎整合性検査済み","未照合","","未判定","あり","",""
"4628","テスラ","Model Y","model-y","初代 (2022-)","現行型","RWD","2WD","1AT(EV)","4751","1921","1624","1930","基礎整合性検査済み","未照合","","未判定","あり","",""
"4629","テスラ","Model Y","model-y","初代 (2022-)","現行型","Long Range AWD","AWD","1AT(EV)","4751","1921","1624","1979","基礎整合性検査済み","未照合","","未判定","あり","",""
"4630","テスラ","Model 3","model-3","Highland (2024-)","現行型","RWD","2WD","1AT(EV)","4720","1850","1441","1765","基礎整合性検査済み","未照合","","未判定","あり","",""
"4631","テスラ","Model 3","model-3","Highland (2024-)","現行型","Long Range AWD","AWD","1AT(EV)","4720","1850","1441","1828","基礎整合性検査済み","未照合","","未判定","あり","",""
"4632","テスラ","Model X","model-x","後期 (2022-)","現行型","Dual Motor AWD","AWD","1AT(EV)","5057","1999","1680","2390","基礎整合性検査済み","未照合","","未判定","あり","",""
"4633","テスラ","Model X","model-x","後期 (2022-)","現行型","Plaid","AWD","1AT(EV)","5057","1999","1680","2445","基礎整合性検査済み","未照合","","未判定","あり","",""
"4634","メルセデス・ベンツ","Gクラス","g-class","W463A (2018-)","現行型","G450d","4WD","9AT","4680","1985","1980","2560","基礎整合性検査済み","未照合","","未判定","あり","",""
"4635","メルセデス・ベンツ","Gクラス","g-class","W463A (2018-)","現行型","AMG G63","4WD","9AT","4680","1985","1975","2585","基礎整合性検査済み","未照合","","未判定","あり","",""
"4636","メルセデス・ベンツ","GLS","gls","X167 (2020-)","現行型","GLS 400d 4MATIC","4WD","9AT","5220","1956","1825","2590","基礎整合性検査済み","未照合","","未判定","あり","",""
"4637","BMW","X5","x5","G05 (2019-)","現行型","xDrive35d","AWD","8AT","4935","2005","1770","2290","基礎整合性検査済み","未照合","","未判定","あり","",""
"4638","BMW","X7","x7","G07 (2019-)","現行型","xDrive40d","AWD","8AT","5165","2000","1835","2510","基礎整合性検査済み","未照合","","未判定","あり","",""
"4639","アウディ","Q3","q3","F3 (2019-)","現行型","35 TFSI","2WD","7AT","4495","1840","1610","1530","基礎整合性検査済み","未照合","","未判定","あり","",""
"4640","アウディ","Q3","q3","F3 (2019-)","現行型","40 TDI quattro S line","AWD","7AT","4495","1840","1610","1700","基礎整合性検査済み","未照合","","未判定","あり","",""
"4641","アウディ","Q7","q7","4M (2020-)","現行型","55 TFSI quattro","AWD","8AT","5070","1970","1735","2080","基礎整合性検査済み","未照合","","未判定","あり","",""
"4642","ポルシェ","カイエン","cayenne","E3 (2018-)","現行型","Cayenne","AWD","8AT","4930","1983","1698","2055","基礎整合性検査済み","未照合","","未判定","あり","",""
"4643","ポルシェ","カイエン","cayenne","E3 (2018-)","現行型","Cayenne S","AWD","8AT","4930","1983","1697","2160","基礎整合性検査済み","未照合","","未判定","あり","",""
"4644","ポルシェ","カイエン","cayenne","E3 (2018-)","現行型","Cayenne E-Hybrid","AWD","8AT","4930","1983","1698","2455","基礎整合性検査済み","未照合","","未判定","あり","",""
"4645","ポルシェ","マカン","macan","95B (2019-)","現行型","Macan","AWD","7AT","4726","1923","1621","1870","基礎整合性検査済み","未照合","","未判定","あり","",""
"4646","ポルシェ","マカン","macan","95B (2019-)","現行型","Macan GTS","AWD","7AT","4726","1923","1621","1970","基礎整合性検査済み","未照合","","未判定","あり","",""
"4647","ランボルギーニ","ウルス","urus","初代 (2018-)","現行型","Urus S","AWD","8AT","5112","2016","1638","2200","基礎整合性検査済み","未照合","","未判定","あり","",""
"4648","ランボルギーニ","ウルス","urus","初代 (2018-)","現行型","Urus Performante","AWD","8AT","5112","2016","1638","2150","基礎整合性検査済み","未照合","","未判定","あり","",""
"4649","ロールス・ロイス","カリナン","cullinan","初代 (2018-)","現行型","Cullinan","AWD","8AT","5355","2000","1835","2725","基礎整合性検査済み","未照合","","未判定","あり","",""
"4650","フェラーリ","プロサングエ","purosangue","初代 (2023-)","現行型","Purosangue V12","AWD","8AT","4973","2028","1589","2033","基礎整合性検査済み","資料照合実施（項目限定）","全長mm / 全幅mm / 全高mm","重量種別不適切","あり","https://cdn.ferrari.com/cms/network/media/pdf/CS_Ferrari_Purosangue_EN.pdf","メーカー国際公表寸法との照合。日本の届出仕様の確認は別途必要。 | 登録重量2033kgはメーカーの乾燥重量。日本の車両重量と同一扱いで駐車場判定する根拠がない。補正値を推測せず車両重量を再取得。"
"4651","ボルボ","XC90","xc90","2代目 (2015-)","現行型","B5 AWD Momentum","AWD","8AT","4950","1931","1776","2100","基礎整合性検査済み","未照合","","未判定","あり","",""
"4652","ボルボ","XC90","xc90","2代目 (2015-)","現行型","Recharge T8 PHEV","AWD","8AT","4950","1931","1776","2340","基礎整合性検査済み","未照合","","未判定","あり","",""
"4653","ベントレー","ベンテイガ","bentayga","後期 (2020-)","現行型","V8 4.0L ツインターボ","AWD","8AT","5125","2010","1728","2412","基礎整合性検査済み","未照合","","未判定","あり","",""
"4654","ベントレー","ベンテイガ","bentayga","後期 (2020-)","現行型","Azure V8","AWD","8AT","5125","2010","1728","2430","基礎整合性検査済み","未照合","","未判定","あり","",""
"4655","ベントレー","ベンテイガ","bentayga","後期 (2020-)","現行型","S V8","AWD","8AT","5125","2010","1710","2395","基礎整合性検査済み","未照合","","未判定","あり","",""
"4656","ベントレー","ベンテイガ","bentayga","後期 (2020-)","現行型","Speed V8","AWD","8AT","5125","2010","1710","2419","基礎整合性検査済み","未照合","","未判定","あり","",""
"4657","ベントレー","ベンテイガ","bentayga","後期 (2020-)","現行型","Hybrid V6 3.0L PHEV","AWD","8AT","5125","2010","1710","2510","基礎整合性検査済み","未照合","","未判定","あり","",""
"4660","ベントレー","ベンテイガ","bentayga","前期 (2016-2020)","前期型","W12 6.0L ツインターボ","AWD","8AT","5140","1998","1742","2530","基礎整合性検査済み","未照合","","未判定","あり","",""
"4661","ベントレー","ベンテイガ","bentayga","前期 (2016-2020)","前期型","V8 4.0L ツインターボ","AWD","8AT","5140","1998","1742","2440","基礎整合性検査済み","未照合","","未判定","あり","",""
"4658","ベントレー","ベンテイガ EWB","bentayga-ewb","初代 (2022-)","現行型","EWB V8","AWD","8AT","5305","2010","1739","2520","基礎整合性検査済み","未照合","","未判定","あり","",""
"4659","ベントレー","ベンテイガ EWB","bentayga-ewb","初代 (2022-)","現行型","EWB Azure V8","AWD","8AT","5305","2010","1739","2540","基礎整合性検査済み","未照合","","未判定","あり","",""
"4662","ランボルギーニ","アヴェンタドール","aventador","LP780-4 Ultimae (2021-2022)","前期型","LP780-4 ウルティメ","AWD","7AMT","4870","2100","1135","1950","基礎整合性検査済み","未照合","","未判定","あり","",""
"4663","ランボルギーニ","レヴエルト","revuelto","初代 (2024-)","現行型","レヴエルト","AWD","8DCT","4947","2033","1160","1772","基礎整合性検査済み","資料照合実施（項目限定）","全長mm / 全幅mm / 全高mm","重量種別不適切","あり","https://www.lamborghini.com/sites/it-en/files/DAM/lamborghini/facelift_2019/model_detail/revuelto/2024/brochure/07_23/REVUELTO_DIGITAL_BROCHURE_EN_2024.pdf","メーカー国際公表寸法との照合。日本の届出仕様の確認は別途必要。 | 登録重量1772kgはメーカーの乾燥重量。日本の車両重量と同一扱いで駐車場判定する根拠がない。補正値を推測せず車両重量を再取得。"
"4664","ランボルギーニ","ウラカン","huracan","EVO (2019-2024)","前期型","EVO","AWD","7DCT","4520","1933","1165","1422","基礎整合性検査済み","未照合","","未判定","あり","",""
"4665","ランボルギーニ","ウラカン","huracan","EVO (2019-2024)","前期型","EVO RWD","RWD","7DCT","4520","1933","1165","1389","基礎整合性検査済み","未照合","","未判定","あり","",""
"4666","ランボルギーニ","ウラカン","huracan","EVO (2019-2024)","前期型","STO","RWD","7DCT","4547","1945","1220","1510","基礎整合性検査済み","未照合","","未判定","あり","",""
"4667","ランボルギーニ","ウラカン","huracan","EVO (2019-2024)","前期型","テクニカ","RWD","7DCT","4567","1933","1165","1379","基礎整合性検査済み","資料照合実施（項目限定）","全長mm / 全幅mm / 全高mm","重量種別不適切","あり","https://www.lamborghini.com/sites/it-en/files/DAM/lamborghini/facelift_2019/model_detail/huracan/tecnica/2024/07_22_brochure/Lamborghini%20Hurac%C3%A1n%20Tecnica_ES_WCAG.pdf","メーカー国際公表寸法との照合。日本の届出仕様の確認は別途必要。 | 登録重量1379kgはメーカーの乾燥重量。日本の車両重量と同一扱いで駐車場判定する根拠がない。補正値を推測せず車両重量を再取得。"
"4668","ランボルギーニ","テメラリオ","temerario","初代 (2025-)","現行型","テメラリオ","AWD","8DCT","4706","1996","1201","1690","基礎整合性検査済み","資料照合実施（項目限定）","全長mm / 全幅mm / 全高mm","重量種別不適切","あり","https://www.lamborghini.com/en-en/news/lamborghini-temerario-authentic-fuoriclasse","メーカー国際公表寸法との照合。日本の届出仕様の確認は別途必要。 | 登録重量1690kgはメーカーの乾燥重量。日本の車両重量と同一扱いで駐車場判定する根拠がない。補正値を推測せず車両重量を再取得。"
"4669","ポルシェ","911","911","992型 (2019-)","現行型","Carrera","RWD","8PDK","4519","1852","1298","1580","基礎整合性検査済み","未照合","","未判定","あり","",""
"4670","ポルシェ","911","911","992型 (2019-)","現行型","Carrera S","RWD","8PDK","4519","1852","1300","1590","基礎整合性検査済み","未照合","","未判定","あり","",""
"4671","ポルシェ","911","911","992型 (2019-)","現行型","Carrera 4S","AWD","8PDK","4519","1852","1300","1640","基礎整合性検査済み","未照合","","未判定","あり","",""
"4672","ポルシェ","911","911","992型 (2019-)","現行型","Turbo","AWD","8PDK","4535","1900","1303","1640","基礎整合性検査済み","未照合","","未判定","あり","",""
"4673","ポルシェ","911","911","992型 (2019-)","現行型","Turbo S","AWD","8PDK","4535","1900","1303","1710","基礎整合性検査済み","未照合","","未判定","あり","",""
"4674","ポルシェ","911","911","992型 (2019-)","現行型","GT3","RWD","7PDK","4573","1852","1279","1435","基礎整合性検査済み","未照合","","未判定","あり","",""
"4675","ポルシェ","911","911","992型 (2019-)","現行型","GT3 RS","RWD","7PDK","4572","1900","1322","1450","基礎整合性検査済み","未照合","","未判定","あり","",""
"4676","フェラーリ","458イタリア","458-italia","初代 (2009-2015)","前期型","458イタリア","RWD","7DCT","4527","1937","1213","1580","基礎整合性検査済み","未照合","","未判定","あり","",""
"4677","フェラーリ","458イタリア","458-italia","初代 (2009-2015)","前期型","458スパイダー","RWD","7DCT","4527","1937","1211","1430","基礎整合性検査済み","未照合","","未判定","あり","",""
"4678","フェラーリ","458イタリア","458-italia","初代 (2009-2015)","前期型","458スペチアーレ","RWD","7DCT","4571","1951","1203","1395","基礎整合性検査済み","未照合","","未判定","あり","",""
"4679","フェラーリ","488","488","GTB/Spider (2015-2019)","前期型","488 GTB","RWD","7DCT","4568","1952","1213","1475","基礎整合性検査済み","未照合","","未判定","あり","",""
"4680","フェラーリ","488","488","GTB/Spider (2015-2019)","前期型","488 Spider","RWD","7DCT","4568","1952","1211","1525","基礎整合性検査済み","未照合","","未判定","あり","",""
"4681","フェラーリ","488","488","GTB/Spider (2015-2019)","前期型","488 Pista","RWD","7DCT","4605","1975","1206","1280","基礎整合性検査済み","資料照合実施（項目限定）","全長mm / 全幅mm / 全高mm","重量種別不適切","あり","https://www.ferrari.com/content/dam/ferrari-fcom/old/pdf/cs_ferrari_488_pista_geneva_gbr.pdf","世界向け公表値との比較。日本仕様の登録値は別途確認が必要。 | DB1,280kgは公式の乾燥重量（軽量オプション装着時）。同資料のkerb weightは1,385kgで105kg重い。日本の車両重量にそのまま代入せず、重量定義と日本仕様を特定する。"
"4682","フェラーリ","F8トリブート","f8-tributo","初代 (2019-2024)","前期型","F8トリブート","RWD","7DCT","4611","1979","1206","1570","基礎整合性検査済み","未照合","","未判定","あり","",""
"4683","フェラーリ","F8トリブート","f8-tributo","初代 (2019-2024)","前期型","F8スパイダー","RWD","7DCT","4611","1979","1206","1640","基礎整合性検査済み","未照合","","未判定","あり","",""
"4684","フェラーリ","296 GTB","296-gtb","初代 (2022-)","現行型","296 GTB","RWD","8DCT","4565","1958","1187","1482","基礎整合性検査済み","未照合","","未判定","あり","",""
"4685","フェラーリ","296 GTB","296-gtb","初代 (2022-)","現行型","296 GTS","RWD","8DCT","4565","1958","1191","1548","基礎整合性検査済み","未照合","","未判定","あり","",""
"4686","フェラーリ","ローマ","roma","初代 (2020-)","現行型","ローマ","RWD","8DCT","4656","1974","1301","1570","基礎整合性検査済み","未照合","","未判定","あり","",""
"4687","フェラーリ","12チリンドリ","12-cilindri","初代 (2024-)","現行型","12チリンドリ","RWD","8DCT","4733","2176","1292","1560","基礎整合性検査済み","資料照合実施（項目限定）","全長mm / 全幅mm / 全高mm","重量種別不適切","あり","https://www.ferrari.com/content/dam/ferrari-fcom/old/pdf/CS_Ferrari_12Cilindri_gbr.pdf","メーカー国際公表寸法との照合。日本の届出仕様の確認は別途必要。 | 登録重量1560kgはメーカーの乾燥重量。日本の車両重量と同一扱いで駐車場判定する根拠がない。補正値を推測せず車両重量を再取得。"
"4688","アストンマーティン","DBX","dbx","初代 (2020-)","現行型","4.0 V8","AWD","9AT","5039","1998","1680","2245","基礎整合性検査済み","未照合","","未判定","あり","",""
"4689","アストンマーティン","DBX","dbx","初代 (2020-)","現行型","707","AWD","9AT","5039","1998","1680","2245","基礎整合性検査済み","未照合","","未判定","あり","",""
"4690","ランドローバー","レンジローバー","range-rover","5代目 L460 (2022-)","現行型","SE D350 SWB","AWD","8AT","5070","2010","1870","2550","基礎整合性検査済み","未照合","","未判定","あり","",""
"4691","ランドローバー","レンジローバー","range-rover","5代目 L460 (2022-)","現行型","Autobiography D350 SWB","AWD","8AT","5070","2010","1870","2630","基礎整合性検査済み","未照合","","未判定","あり","",""
"4692","ランドローバー","レンジローバー","range-rover","5代目 L460 (2022-)","現行型","HSE D350 LWB","AWD","8AT","5270","2010","1870","2740","基礎整合性検査済み","未照合","","未判定","あり","",""
"4693","ランドローバー","レンジローバー","range-rover","5代目 L460 (2022-)","現行型","Autobiography P530 LWB","AWD","8AT","5270","2010","1870","2840","基礎整合性検査済み","未照合","","未判定","あり","",""
"4694","ランドローバー","ディフェンダー","defender","L663 (2020-)","現行型","90 P300","AWD","8AT","4510","2000","1970","2090","基礎整合性検査済み","未照合","","未判定","あり","",""
"4695","ランドローバー","ディフェンダー","defender","L663 (2020-)","現行型","90 V8 P525","AWD","8AT","4510","2000","1970","2330","基礎整合性検査済み","未照合","","未判定","あり","",""
"4696","ランドローバー","ディフェンダー","defender","L663 (2020-)","現行型","110 P300","AWD","8AT","4950","2000","1970","2280","基礎整合性検査済み","未照合","","未判定","あり","",""
"4697","ランドローバー","ディフェンダー","defender","L663 (2020-)","現行型","110 X D350","AWD","8AT","4950","2000","1970","2530","基礎整合性検査済み","未照合","","未判定","あり","",""
"4698","ランドローバー","ディフェンダー","defender","L663 (2020-)","現行型","130 SE D300","AWD","8AT","5280","2000","1970","2650","基礎整合性検査済み","未照合","","未判定","あり","",""
"4699","ランドローバー","レンジローバースポーツ","range-rover-sport","3代目 (2022-)","現行型","Dynamic SE D300","AWD","8AT","4960","2010","1820","2490","基礎整合性検査済み","未照合","","未判定","あり","",""
"4700","ランドローバー","レンジローバースポーツ","range-rover-sport","3代目 (2022-)","現行型","Autobiography P400","AWD","8AT","4960","2010","1820","2450","基礎整合性検査済み","未照合","","未判定","あり","",""
"4701","ランドローバー","レンジローバースポーツ","range-rover-sport","3代目 (2022-)","現行型","SV P635","AWD","8AT","4970","2030","1820","2560","基礎整合性検査済み","未照合","","未判定","あり","",""
"4702","ランドローバー","レンジローバーイヴォーク","range-rover-evoque","2代目 (2019-)","現行型","S D200","AWD","9AT","4380","1910","1650","1980","基礎整合性検査済み","未照合","","未判定","あり","",""
"4703","ランドローバー","レンジローバーイヴォーク","range-rover-evoque","2代目 (2019-)","現行型","Dynamic SE P200","AWD","9AT","4380","1910","1650","1900","基礎整合性検査済み","未照合","","未判定","あり","",""
"4704","ランドローバー","レンジローバーイヴォーク","range-rover-evoque","2代目 (2019-)","現行型","Autobiography P250","AWD","9AT","4380","1910","1650","1920","基礎整合性検査済み","未照合","","未判定","あり","",""
"4705","ランドローバー","レンジローバーヴェラール","range-rover-velar","初代 (2017-)","現行型","S D200","AWD","8AT","4820","1930","1690","2070","基礎整合性検査済み","未照合","","未判定","あり","",""
"4706","ランドローバー","レンジローバーヴェラール","range-rover-velar","初代 (2017-)","現行型","Dynamic SE P250","AWD","8AT","4820","1930","1690","2010","基礎整合性検査済み","未照合","","未判定","あり","",""
"4707","ランドローバー","レンジローバーヴェラール","range-rover-velar","初代 (2017-)","現行型","S P400e PHEV","AWD","8AT","4820","1930","1690","2310","基礎整合性検査済み","未照合","","未判定","あり","",""
"4708","Jeep","ラングラー","wrangler","JL (2018-)","現行型","Sport 2ドア","4WD","8AT","4320","1930","1840","1960","基礎整合性検査済み","未照合","","未判定","あり","",""
"4709","Jeep","ラングラー","wrangler","JL (2018-)","現行型","Unlimited Sahara","4WD","8AT","4870","1895","1845","2000","基礎整合性検査済み","未照合","","未判定","あり","",""
"4710","Jeep","ラングラー","wrangler","JL (2018-)","現行型","Unlimited Rubicon","4WD","8AT","4870","1895","1845","1990","基礎整合性検査済み","未照合","","未判定","あり","",""
"4711","Jeep","ラングラー","wrangler","JL (2018-)","現行型","Unlimited High Altitude","4WD","8AT","4870","1930","1855","2110","基礎整合性検査済み","未照合","","未判定","あり","",""
"4712","Jeep","グランドチェロキー","grand-cherokee","WL (2022-)","現行型","Limited","AWD","8AT","4900","1980","1810","2070","基礎整合性検査済み","未照合","","未判定","あり","",""
"4713","Jeep","グランドチェロキー","grand-cherokee","WL (2022-)","現行型","Summit","AWD","8AT","4900","1980","1810","2070","基礎整合性検査済み","未照合","","未判定","あり","",""
"4714","Jeep","グランドチェロキーL","grand-cherokee-l","WL (2021-)","現行型","Limited","AWD","8AT","5200","1980","1815","2170","基礎整合性検査済み","未照合","","未判定","あり","",""
"4715","Jeep","グランドチェロキーL","grand-cherokee-l","WL (2021-)","現行型","Summit Reserve","AWD","8AT","5200","1980","1795","2250","基礎整合性検査済み","未照合","","未判定","あり","",""
"4716","日産","GT-R","gt-r","R35 (2007-2024)","前期型","Pure Edition","AWD","6AT","4710","1895","1370","1760","基礎整合性検査済み","未照合","","未判定","あり","",""
"4717","日産","GT-R","gt-r","R35 (2007-2024)","前期型","Premium Edition","AWD","6AT","4710","1895","1370","1760","基礎整合性検査済み","未照合","","未判定","あり","",""
"4718","日産","GT-R","gt-r","R35 (2007-2024)","前期型","NISMO","AWD","6AT","4700","1895","1370","1720","基礎整合性検査済み","未照合","","未判定","あり","",""
"4719","日産","GT-R","gt-r","R35 (2007-2024)","前期型","Track edition","AWD","6AT","4710","1895","1370","1760","基礎整合性検査済み","未照合","","未判定","あり","",""
"4720","トヨタ","センチュリー","century","SUV (2023-)","現行型","ベースグレード","AWD","CVT","5205","1990","1805","2570","基礎整合性検査済み","未照合","","未判定","あり","",""
"4721","三菱","デリカミニ","delica-mini","初代 (2023-)","現行型","T ターボ","2WD","CVT","3395","1475","1785","980","基礎整合性検査済み","未照合","","未判定","あり","",""
"4722","三菱","デリカミニ","delica-mini","初代 (2023-)","現行型","T Premium ターボ","2WD","CVT","3395","1475","1785","990","基礎整合性検査済み","未照合","","未判定","あり","",""
"4723","三菱","デリカミニ","delica-mini","初代 (2023-)","現行型","G","2WD","CVT","3395","1475","1785","970","基礎整合性検査済み","未照合","","未判定","あり","",""
"4724","三菱","デリカミニ","delica-mini","初代 (2023-)","現行型","T ターボ","4WD","CVT","3395","1475","1815","1040","基礎整合性検査済み","未照合","","未判定","あり","",""
"4725","三菱","デリカミニ","delica-mini","初代 (2023-)","現行型","T Premium ターボ","4WD","CVT","3395","1475","1815","1050","基礎整合性検査済み","未照合","","未判定","あり","",""
"4726","スズキ","フロンクス","fronx","初代 (2024-)","現行型","ベースグレード","2WD","6AT","3995","1765","1550","1070","基礎整合性検査済み","未照合","","未判定","あり","",""
"4727","スズキ","フロンクス","fronx","初代 (2024-)","現行型","ベースグレード","4WD","6AT","3995","1765","1550","1130","基礎整合性検査済み","未照合","","未判定","あり","",""
"4728","レクサス","LM","lm","2代目 (2023-)","現行型","LM500h Executive","AWD","8AT","5125","1890","1955","2460","基礎整合性検査済み","未照合","","未判定","あり","",""
"4729","レクサス","LM","lm","2代目 (2023-)","現行型","LM500h","2WD","6AT","5125","1890","1955","2440","基礎整合性検査済み","未照合","","未判定","あり","",""
"4730","レクサス","LBX","lbx","初代 (2023-)","現行型","Cool","2WD","CVT","4190","1825","1545","1300","基礎整合性検査済み","未照合","","未判定","あり","",""
"4731","レクサス","LBX","lbx","初代 (2023-)","現行型","Relax","2WD","CVT","4190","1825","1545","1310","基礎整合性検査済み","未照合","","未判定","あり","",""
"4732","レクサス","LBX","lbx","初代 (2023-)","現行型","Morizo RR","4WD","8AT","4190","1840","1535","1480","基礎整合性検査済み","未照合","","未判定","あり","",""
"4733","レクサス","GX","gx","3代目 (2024-)","現行型","GX550 version L","4WD","10AT","4960","1980","1920","2510","基礎整合性検査済み","未照合","","未判定","あり","",""
"4734","レクサス","GX","gx","3代目 (2024-)","現行型","GX550 Overtrail+","4WD","10AT","4970","2000","1925","2480","基礎整合性検査済み","未照合","","未判定","あり","",""
"4735","レクサス","RZ","rz","初代 (2023-)","現行型","RZ300e","2WD","1速固定","4805","1895","1635","1990","基礎整合性検査済み","未照合","","未判定","あり","",""
"4736","レクサス","RZ","rz","初代 (2023-)","現行型","RZ450e","4WD","1速固定","4805","1895","1635","2100","基礎整合性検査済み","未照合","","未判定","あり","",""
"4737","レクサス","IS 500","is-500","3代目後期 (2022-)","現行型","F SPORT Performance","RWD","8AT","4760","1840","1435","1720","基礎整合性検査済み","未照合","","未判定","あり","",""
"4738","トヨタ","ハイラックス","hilux","8代目 (2017-)","現行型","Z","4WD","6AT","5325","1900","1800","2160","基礎整合性検査済み","未照合","","未判定","あり","",""
"4739","トヨタ","ハイラックス","hilux","8代目 (2017-)","現行型","Z GR SPORT","4WD","6AT","5320","1900","1840","2110","基礎整合性検査済み","未照合","","未判定","あり","",""
"4740","ホンダ","S2000","s2000","AP1/AP2 (1999-2009)","前期型","ベースグレード","RWD","6MT","4135","1750","1285","1240","基礎整合性検査済み","未照合","","未判定","あり","",""
"4741","ホンダ","S2000","s2000","AP1/AP2 (1999-2009)","前期型","Type S","RWD","6MT","4135","1750","1285","1260","基礎整合性検査済み","未照合","","未判定","あり","",""
"4742","トヨタ","スープラ","supra","A90 (2019-)","現行型","SZ 2.0","RWD","8AT","4380","1865","1295","1410","基礎整合性検査済み","未照合","","未判定","あり","",""
"4743","トヨタ","スープラ","supra","A90 (2019-)","現行型","SZ-R 2.0","RWD","8AT","4380","1865","1295","1460","基礎整合性検査済み","未照合","","未判定","あり","",""
"4744","トヨタ","スープラ","supra","A90 (2019-)","現行型","RZ 3.0","RWD","8AT","4380","1865","1295","1520","基礎整合性検査済み","未照合","","未判定","あり","",""
"4745","日産","シルビア","silvia","S15 (1999-2002)","前期型","Spec S","RWD","5MT","4445","1695","1285","1200","基礎整合性検査済み","未照合","","未判定","あり","",""
"4746","日産","シルビア","silvia","S15 (1999-2002)","前期型","Spec R ターボ","RWD","6MT","4445","1695","1285","1240","基礎整合性検査済み","未照合","","未判定","あり","",""
"4747","メルセデス・ベンツ","Sクラス","s-class","W223 (2021-)","現行型","S400d 4MATIC","AWD","9AT","5180","1920","1505","2090","基礎整合性検査済み","未照合","","未判定","あり","",""
"4748","メルセデス・ベンツ","Sクラス","s-class","W223 (2021-)","現行型","S500 4MATIC","AWD","9AT","5180","1920","1505","2050","基礎整合性検査済み","未照合","","未判定","あり","",""
"4749","メルセデス・ベンツ","Sクラス","s-class","W223 (2021-)","現行型","S580 4MATIC","AWD","9AT","5180","1930","1505","2160","基礎整合性検査済み","未照合","","未判定","あり","",""
"4750","メルセデス・ベンツ","Cクラス","c-class","W206 (2021-)","現行型","C200 アバンギャルド","RWD","9AT","4755","1820","1435","1660","基礎整合性検査済み","未照合","","未判定","あり","",""
"4751","メルセデス・ベンツ","Cクラス","c-class","W206 (2021-)","現行型","C220d アバンギャルド","RWD","9AT","4755","1820","1435","1750","基礎整合性検査済み","未照合","","未判定","あり","",""
"4752","メルセデス・ベンツ","Cクラス","c-class","W206 (2021-)","現行型","AMG C43 4MATIC","AWD","9AT","4785","1825","1450","1830","基礎整合性検査済み","未照合","","未判定","あり","",""
"4753","メルセデス・ベンツ","Cクラス","c-class","W206 (2021-)","現行型","AMG C63 S E PERFORMANCE","AWD","9AT","4835","1900","1455","2130","基礎整合性検査済み","未照合","","未判定","あり","",""
"4754","メルセデス・ベンツ","Vクラス","v-class","W447後期 (2019-)","現行型","V220d アバンギャルド ロング","RWD","9AT","5150","1930","1930","2420","基礎整合性検査済み","未照合","","未判定","あり","",""
"4755","メルセデス・ベンツ","Vクラス","v-class","W447後期 (2019-)","現行型","V220d エクストラロング","RWD","9AT","5370","1930","1880","2480","基礎整合性検査済み","未照合","","未判定","あり","",""
"4756","メルセデス・ベンツ","AMG GT","amg-gt","2代目 (2024-)","現行型","AMG GT 43 クーペ","RWD","8AT","4730","1930","1365","1790","基礎整合性検査済み","未照合","","未判定","あり","",""
"4757","メルセデス・ベンツ","AMG GT","amg-gt","2代目 (2024-)","現行型","AMG GT 63 4MATIC+ クーペ","AWD","9AT","4730","1985","1355","1940","基礎整合性検査済み","未照合","","未判定","あり","",""
"4758","BMW","i8","i8","初代 (2014-2020)","前期型","クーペ","AWD","6AT","4690","1940","1300","1590","基礎整合性検査済み","未照合","","未判定","あり","",""
"4759","BMW","i8","i8","初代 (2014-2020)","前期型","ロードスター","AWD","8AT","4690","1940","1290","1650","基礎整合性検査済み","未照合","","未判定","あり","",""
"4760","BMW","M3","m3","G80 (2021-)","現行型","M3 Competition","RWD","8AT","4805","1905","1435","1740","基礎整合性検査済み","未照合","","未判定","あり","",""
"4761","BMW","M3","m3","G80 (2021-)","現行型","M3 Competition M xDrive","AWD","8AT","4805","1905","1435","1800","基礎整合性検査済み","未照合","","未判定","あり","",""
"4762","ポルシェ","タイカン","taycan","初代 (2020-)","現行型","Taycan","RWD","2AT","4965","1965","1380","2110","基礎整合性検査済み","未照合","","未判定","あり","",""
"4763","ポルシェ","タイカン","taycan","初代 (2020-)","現行型","4S","AWD","2AT","4965","1965","1380","2270","基礎整合性検査済み","未照合","","未判定","あり","",""
"4764","ポルシェ","タイカン","taycan","初代 (2020-)","現行型","Turbo","AWD","2AT","4965","1965","1380","2300","基礎整合性検査済み","未照合","","未判定","あり","",""
"4765","ポルシェ","タイカン","taycan","初代 (2020-)","現行型","Turbo S","AWD","2AT","4965","1965","1380","2310","基礎整合性検査済み","未照合","","未判定","あり","",""
"4766","アウディ","A4","a4","B9 (2016-)","現行型","35 TFSI","2WD","7DCT","4760","1845","1410","1500","基礎整合性検査済み","未照合","","未判定","あり","",""
"4767","アウディ","A4","a4","B9 (2016-)","現行型","45 TFSI quattro","AWD","7DCT","4770","1845","1410","1630","基礎整合性検査済み","未照合","","未判定","あり","",""
"4768","アウディ","R8","r8","2代目 (2016-2024)","前期型","V10 5.2 FSI quattro","AWD","7DCT","4430","1940","1240","1690","基礎整合性検査済み","未照合","","未判定","あり","",""
"4769","アウディ","R8","r8","2代目 (2016-2024)","前期型","V10 Performance","AWD","7DCT","4430","1940","1240","1670","基礎整合性検査済み","未照合","","未判定","あり","",""
"4770","BYD","ATTO 3","atto-3","初代 (2023-)","現行型","ベースグレード","2WD","1速固定","4455","1875","1615","1750","基礎整合性検査済み","未照合","","未判定","あり","",""
"4771","BYD","ドルフィン","dolphin","初代 (2023-)","現行型","ドルフィン","2WD","1速固定","4290","1770","1550","1520","基礎整合性検査済み","未照合","","未判定","あり","",""
"4772","BYD","ドルフィン","dolphin","初代 (2023-)","現行型","ロングレンジ","2WD","1速固定","4290","1770","1550","1680","基礎整合性検査済み","未照合","","未判定","あり","",""
"4773","BYD","シール","seal","初代 (2024-)","現行型","ベースグレード","RWD","1速固定","4800","1875","1460","2100","基礎整合性検査済み","未照合","","未判定","あり","",""
"4774","BYD","シール","seal","初代 (2024-)","現行型","AWD","AWD","1速固定","4800","1875","1460","2230","基礎整合性検査済み","未照合","","未判定","あり","",""
"4775","シボレー","コルベット","corvette","C8 (2020-)","現行型","Stingray","RWD","8DCT","4630","1940","1225","1670","基礎整合性検査済み","未照合","","未判定","あり","",""
"4776","シボレー","コルベット","corvette","C8 (2020-)","現行型","Z06","RWD","8DCT","4685","2025","1225","1720","基礎整合性検査済み","未照合","","未判定","あり","",""
"4777","フォルクスワーゲン","ゴルフ","golf","8代目 (2021-)","現行型","eTSI Style","2WD","7DCT","4295","1790","1475","1360","基礎整合性検査済み","未照合","","未判定","あり","",""
"4778","フォルクスワーゲン","ゴルフ","golf","8代目 (2021-)","現行型","GTI","2WD","7DCT","4295","1790","1465","1430","基礎整合性検査済み","未照合","","未判定","あり","",""
"4779","フォルクスワーゲン","ゴルフ","golf","8代目 (2021-)","現行型","R 4MOTION","AWD","7DCT","4295","1790","1460","1510","基礎整合性検査済み","未照合","","未判定","あり","",""
"4780","フォルクスワーゲン","T-Roc","t-roc","初代 (2020-)","現行型","TDI Style","2WD","7DCT","4250","1825","1590","1430","基礎整合性検査済み","未照合","","未判定","あり","",""
"4781","フォルクスワーゲン","T-Roc","t-roc","初代 (2020-)","現行型","TDI R-Line","2WD","7DCT","4250","1825","1590","1430","基礎整合性検査済み","未照合","","未判定","あり","",""
"4782","フォルクスワーゲン","ID.4","id4","初代 (2022-)","現行型","Lite","RWD","1速固定","4585","1850","1640","1950","基礎整合性検査済み","未照合","","未判定","あり","",""
"4783","フォルクスワーゲン","ID.4","id4","初代 (2022-)","現行型","Pro","RWD","1速固定","4585","1850","1640","2140","基礎整合性検査済み","未照合","","未判定","あり","",""
"4784","マクラーレン","720S","720s","初代 (2017-2024)","前期型","Coupe","RWD","7DCT","4540","2060","1200","1419","基礎整合性検査済み","未照合","","未判定","あり","",""
"4785","マクラーレン","720S","720s","初代 (2017-2024)","前期型","Spider","RWD","7DCT","4540","2060","1190","1468","基礎整合性検査済み","未照合","","未判定","あり","",""
"4786","ルノー","カングー","kangoo","3代目 (2023-)","現行型","Intens","2WD","7DCT","4490","1860","1810","1560","基礎整合性検査済み","未照合","","未判定","あり","",""
"4787","ルノー","カングー","kangoo","3代目 (2023-)","現行型","Créatif ディーゼル","2WD","7DCT","4490","1860","1810","1650","基礎整合性検査済み","未照合","","未判定","あり","",""
"4788","フィアット","500","500","2代目 (2008-)","現行型","1.2 Pop","2WD","5AT","3570","1625","1515","990","基礎整合性検査済み","未照合","","未判定","あり","",""
"4789","フィアット","500","500","2代目 (2008-)","現行型","TwinAir Lounge","2WD","5AT","3570","1625","1515","1040","基礎整合性検査済み","未照合","","未判定","あり","",""
"4790","アバルト","595","595","初代 (2013-)","現行型","ベースグレード","2WD","5AMT","3660","1625","1490","1120","基礎整合性検査済み","未照合","","未判定","あり","",""
"4791","アバルト","595","595","初代 (2013-)","現行型","Competizione","2WD","5AMT","3660","1630","1500","1120","基礎整合性検査済み","未照合","","未判定","あり","",""
"4792","アルピーヌ","A110","a110","2代目 (2018-)","現行型","Pure","RWD","7DCT","4205","1800","1250","1120","基礎整合性検査済み","未照合","","未判定","あり","",""
"4793","アルピーヌ","A110","a110","2代目 (2018-)","現行型","S","RWD","7DCT","4205","1800","1250","1120","基礎整合性検査済み","未照合","","未判定","あり","",""
"4794","アルピーヌ","A110","a110","2代目 (2018-)","現行型","GT","RWD","7DCT","4205","1800","1250","1130","基礎整合性検査済み","未照合","","未判定","あり","",""
"4795","ロータス","エミーラ","emira","初代 (2023-)","現行型","V6 First Edition","RWD","6AT","4413","1895","1226","1405","基礎整合性検査済み","未照合","","未判定","あり","",""
"4796","ロータス","エミーラ","emira","初代 (2023-)","現行型","i4 First Edition","RWD","8DCT","4413","1895","1226","1446","基礎整合性検査済み","未照合","","未判定","あり","",""
"4797","マセラティ","グレカーレ","grecale","初代 (2023-)","現行型","GT","AWD","8AT","4846","1948","1670","1870","基礎整合性検査済み","未照合","","未判定","あり","",""
"4798","マセラティ","グレカーレ","grecale","初代 (2023-)","現行型","Modena","AWD","8AT","4850","1980","1670","1920","基礎整合性検査済み","未照合","","未判定","あり","",""
"4799","マセラティ","グレカーレ","grecale","初代 (2023-)","現行型","Trofeo","AWD","8AT","4860","1980","1660","2030","基礎整合性検査済み","未照合","","未判定","あり","",""
"4800","ヒョンデ","IONIQ 5","ioniq-5","初代 (2022-)","現行型","Voyage","RWD","1速固定","4655","1890","1645","2010","基礎整合性検査済み","未照合","","未判定","あり","",""
"4801","ヒョンデ","IONIQ 5","ioniq-5","初代 (2022-)","現行型","Voyage AWD","AWD","1速固定","4655","1890","1645","2110","基礎整合性検査済み","未照合","","未判定","あり","",""
"4802","ヒョンデ","IONIQ 5","ioniq-5","初代 (2022-)","現行型","N","AWD","1速固定","4715","1940","1625","2210","基礎整合性検査済み","未照合","","未判定","あり","",""
"4803","ボルボ","EX30","ex30","初代 (2024-)","現行型","Single Motor","RWD","1速固定","4235","1835","1550","1770","基礎整合性検査済み","未照合","","未判定","あり","",""
"4804","ボルボ","EX30","ex30","初代 (2024-)","現行型","Twin Motor","AWD","1速固定","4235","1835","1550","1880","基礎整合性検査済み","未照合","","未判定","あり","",""
"4805","トヨタ","グランエース","granace","初代 (2019-2024)","前期型","Premium 6人乗り","2WD","6AT","5300","1970","1990","2740","基礎整合性検査済み","未照合","","未判定","あり","",""
"4806","トヨタ","グランエース","granace","初代 (2019-2024)","前期型","G 8人乗り","2WD","6AT","5300","1970","1990","2770","基礎整合性検査済み","未照合","","未判定","あり","",""
"4807","トヨタ","ランドクルーザー70","land-cruiser-70","復刻版 (2023-)","現行型","AX","4WD","6AT","4890","1870","1920","2300","基礎整合性検査済み","未照合","","未判定","あり","",""
"4808","トヨタ","クラウン エステート","crown-estate","初代 (2025-)","現行型","Z HEV","2WD","CVT","4930","1880","1625","1890","基礎整合性検査済み","未照合","","未判定","あり","",""
"4809","トヨタ","クラウン エステート","crown-estate","初代 (2025-)","現行型","RS PHEV","4WD","CVT","4930","1880","1625","2080","基礎整合性検査済み","未照合","","未判定","あり","",""
"4810","トヨタ","ライズ","raize","初代 (2019-)","現行型","Z ガソリン","2WD","CVT","3995","1695","1620","980","基礎整合性検査済み","未照合","","未判定","あり","",""
"4811","トヨタ","ライズ","raize","初代 (2019-)","現行型","Z ガソリン","4WD","CVT","3995","1695","1620","1050","基礎整合性検査済み","未照合","","未判定","あり","",""
"4812","トヨタ","ライズ","raize","初代 (2019-)","現行型","Z HEV","2WD","CVT","3995","1695","1620","1070","基礎整合性検査済み","未照合","","未判定","あり","",""
"4813","トヨタ","ルーミー","roomy","初代 (2016-)","現行型","G","2WD","CVT","3700","1670","1735","1080","基礎整合性検査済み","未照合","","未判定","あり","",""
"4814","トヨタ","ルーミー","roomy","初代 (2016-)","現行型","G","4WD","CVT","3700","1670","1735","1130","基礎整合性検査済み","未照合","","未判定","あり","",""
"4815","トヨタ","ルーミー","roomy","初代 (2016-)","現行型","カスタムG-T ターボ","2WD","CVT","3705","1670","1735","1100","基礎整合性検査済み","未照合","","未判定","あり","",""
"4816","トヨタ","カローラ","corolla","12代目 E210 (2019-)","現行型","G HEV","2WD","CVT","4495","1745","1435","1350","基礎整合性検査済み","未照合","","未判定","あり","",""
"4817","トヨタ","カローラ","corolla","12代目 E210 (2019-)","現行型","G HEV","4WD","CVT","4495","1745","1435","1410","基礎整合性検査済み","未照合","","未判定","あり","",""
"4818","トヨタ","カローラ ツーリング","corolla-touring","初代 (2019-)","現行型","G HEV","2WD","CVT","4495","1745","1460","1370","基礎整合性検査済み","未照合","","未判定","あり","",""
"4819","トヨタ","カローラ ツーリング","corolla-touring","初代 (2019-)","現行型","G HEV","4WD","CVT","4495","1745","1460","1430","基礎整合性検査済み","未照合","","未判定","あり","",""
"4820","トヨタ","カローラ クロス","corolla-cross","初代 (2021-)","現行型","Z HEV","2WD","CVT","4490","1825","1620","1400","基礎整合性検査済み","未照合","","未判定","あり","",""
"4821","トヨタ","カローラ クロス","corolla-cross","初代 (2021-)","現行型","Z HEV","4WD","CVT","4490","1825","1620","1490","基礎整合性検査済み","未照合","","未判定","あり","",""
"4822","トヨタ","カローラ クロス","corolla-cross","初代 (2021-)","現行型","GR SPORT HEV","2WD","CVT","4460","1825","1600","1500","基礎整合性検査済み","未照合","","未判定","あり","",""
"4823","トヨタ","カローラ スポーツ","corolla-sport","初代 (2018-)","現行型","G HEV","2WD","CVT","4375","1790","1460","1360","基礎整合性検査済み","未照合","","未判定","あり","",""
"4824","トヨタ","カローラ スポーツ","corolla-sport","初代 (2018-)","現行型","G Z HEV","2WD","CVT","4375","1790","1460","1390","基礎整合性検査済み","未照合","","未判定","あり","",""
"4825","トヨタ","GRヤリス","gr-yaris","初代 (2020-)","現行型","RZ","4WD","6MT","3995","1805","1455","1280","基礎整合性検査済み","未照合","","未判定","あり","",""
"4826","トヨタ","GRヤリス","gr-yaris","初代 (2020-)","現行型","RZ","4WD","8AT","3995","1805","1455","1300","基礎整合性検査済み","未照合","","未判定","あり","",""
"4827","日産","エルグランド","elgrand","E52 (2010-)","現行型","250 ハイウェイスター","2WD","CVT","4965","1850","1815","1940","基礎整合性検査済み","未照合","","未判定","あり","",""
"4828","日産","エルグランド","elgrand","E52 (2010-)","現行型","250 ハイウェイスター","4WD","CVT","4965","1850","1815","2010","基礎整合性検査済み","未照合","","未判定","あり","",""
"4829","日産","エルグランド","elgrand","E52 (2010-)","現行型","350 ハイウェイスター","2WD","7AT","4965","1850","1815","2050","基礎整合性検査済み","未照合","","未判定","あり","",""
"4830","日産","エルグランド","elgrand","E52 (2010-)","現行型","350 ハイウェイスター","4WD","7AT","4965","1850","1815","2110","基礎整合性検査済み","未照合","","未判定","あり","",""
"4831","日産","ノート","note","E13 (2020-)","現行型","X e-POWER","2WD","e-POWER","4045","1695","1520","1230","基礎整合性検査済み","未照合","","未判定","あり","",""
"4832","日産","ノート","note","E13 (2020-)","現行型","X FOUR e-POWER","4WD","e-POWER","4045","1695","1520","1340","基礎整合性検査済み","未照合","","未判定","あり","",""
"4833","日産","ノート オーラ","note-aura","FE13 (2021-)","現行型","G e-POWER","2WD","e-POWER","4045","1735","1525","1260","基礎整合性検査済み","未照合","","未判定","あり","",""
"4834","日産","ノート オーラ","note-aura","FE13 (2021-)","現行型","G FOUR e-POWER","4WD","e-POWER","4045","1735","1525","1370","基礎整合性検査済み","未照合","","未判定","あり","",""
"4835","日産","ノート オーラ","note-aura","FE13 (2021-)","現行型","NISMO","2WD","e-POWER","4120","1735","1505","1270","基礎整合性検査済み","未照合","","未判定","あり","",""
"4836","日産","ルークス","roox","B44A/B45A/B47A/B48A (2020-)","現行型","ハイウェイスター","2WD","CVT","3395","1475","1780","970","基礎整合性検査済み","未照合","","未判定","あり","",""
"4837","日産","ルークス","roox","B44A/B45A/B47A/B48A (2020-)","現行型","ハイウェイスター","4WD","CVT","3395","1475","1800","1030","基礎整合性検査済み","未照合","","未判定","あり","",""
"4838","日産","ルークス","roox","B44A/B45A/B47A/B48A (2020-)","現行型","ハイウェイスター ProPILOT","2WD","CVT","3395","1475","1785","990","基礎整合性検査済み","未照合","","未判定","あり","",""
"4839","ホンダ","フィット","fit","4代目 GR系 (2020-)","現行型","ベーシック e:HEV","2WD","e:HEV","3995","1695","1515","1180","基礎整合性検査済み","資料照合実施（項目限定）","全長mm / 全幅mm / 全高mm","照合項目に不一致なし・未照合項目あり得る","あり","https://www.honda.co.jp/auto-archive/fit/2022/common/pdf/fit_spec_list.pdf","BASIC/HOMEの2022年までの寸法。重量は未照合。BASICはアンテナ・ナビ条件に注意。"
"4840","ホンダ","フィット","fit","4代目 GR系 (2020-)","現行型","ホーム e:HEV","2WD","e:HEV","3995","1695","1540","1200","基礎整合性検査済み","資料照合実施（項目限定）","全長mm / 全幅mm / 全高mm","照合項目に不一致なし・未照合項目あり得る","あり","https://www.honda.co.jp/auto-archive/fit/2022/common/pdf/fit_spec_list.pdf","BASIC/HOMEの2022年までの寸法。重量は未照合。BASICはアンテナ・ナビ条件に注意。"
"4841","ホンダ","フィット","fit","4代目 GR系 (2020-)","現行型","CROSSTAR e:HEV","2WD","e:HEV","4095","1725","1565","1210","基礎整合性検査済み","資料照合実施（項目限定）","全長mm / 全幅mm / 全高mm / 車両重量kg","誤り確認","あり","https://www.honda.co.jp/Fit/common/pdf/fit_spec_list.pdf","現行CROSSTAR。4WD重量は1,280kg、FFは1,210kg。PDF表を画像確認。"
"4842","ホンダ","フィット","fit","4代目 GR系 (2020-)","現行型","CROSSTAR e:HEV","4WD","e:HEV","4095","1725","1570","1280","基礎整合性検査済み","資料照合実施（項目限定）","全長mm / 全幅mm / 全高mm / 車両重量kg","照合項目に不一致なし・未照合項目あり得る","あり","https://www.honda.co.jp/Fit/common/pdf/fit_spec_list.pdf","現行CROSSTAR。4WD重量は1,280kg、FFは1,210kg。PDF表を画像確認。"
"4843","ホンダ","シビック","civic","11代目 FL系 (2021-)","現行型","EX ガソリン","2WD","CVT","4550","1800","1415","1370","基礎整合性検査済み","資料照合実施（項目限定）","全長mm / 全幅mm / 全高mm / 車両重量kg","照合項目に不一致なし・未照合項目あり得る","あり","https://www.honda.co.jp/factbook/auto/CIVIC/202108/202108_CIVIC.pdf","2021年8月EX CVT。PDF39ページを画像で確認。"
"4844","ホンダ","シビック","civic","11代目 FL系 (2021-)","現行型","e:HEV","2WD","e:HEV","4560","1800","1410","1460","基礎整合性検査済み","資料照合実施（項目限定）","全幅mm / 全高mm / 車両重量kg / 全長mm","誤り確認","あり","https://www.honda.co.jp/factbook/auto/CIVIC_eHEV/202206/4220630-civic.pdf | https://www.honda.co.jp/CIVIC/common/pdf/civic_spec_list.pdf","2022年e:HEVも2026年e:HEV LXも全高1,415mm。登録1,410mmはRSと混同の可能性。全長は改良前4,550mm／後4,560mmのため、この行では未判定。 | 改良後e:HEV LXとして全長は一致。DBの年式・グレード名を具体化する必要あり。"
"4845","ホンダ","シビック タイプR","civic-type-r","FL5 (2022-)","現行型","タイプR","2WD","6MT","4595","1890","1405","1430","基礎整合性検査済み","未照合","","未判定","あり","",""
"4846","スバル","レヴォーグ","levorg","2代目 VN5 (2020-)","現行型","GT-H 1.8L","AWD","CVT","4755","1795","1500","1580","基礎整合性検査済み","未照合","","未判定","あり","",""
"4847","スバル","レヴォーグ","levorg","2代目 VN5 (2020-)","現行型","STI Sport 1.8L","AWD","CVT","4755","1795","1500","1600","基礎整合性検査済み","未照合","","未判定","あり","",""
"4848","スバル","レヴォーグ","levorg","2代目 VN5 (2020-)","現行型","STI Sport R 2.4L","AWD","CVT","4755","1795","1500","1640","基礎整合性検査済み","未照合","","未判定","あり","",""
"4849","スバル","レヴォーグ レイバック","levorg-layback","初代 (2023-)","現行型","Limited EX 1.8L","AWD","CVT","4770","1820","1570","1600","基礎整合性検査済み","資料照合実施（項目限定）","全長mm / 全幅mm / 全高mm / 車両重量kg","照合項目に不一致なし・未照合項目あり得る","あり","https://www.subaru.co.jp/news/2023_10_25_154428/","標準仕様、サンルーフは+10kg。"
"4850","マツダ","MAZDA2","mazda2","DJ系 (2014-)","現行型","15C 2WD","2WD","6AT","4080","1695","1500","1080","基礎整合性検査済み","未照合","","未判定","あり","",""
"4851","マツダ","MAZDA2","mazda2","DJ系 (2014-)","現行型","15C 4WD","4WD","6AT","4080","1695","1550","1170","基礎整合性検査済み","未照合","","未判定","あり","",""
"4852","マツダ","MAZDA2","mazda2","DJ系 (2014-)","現行型","XD 1.5D","2WD","6AT","4080","1695","1525","1130","基礎整合性検査済み","未照合","","未判定","あり","",""
"4853","マツダ","MAZDA3 ファストバック","mazda3-fastback","BP系 (2019-)","現行型","20S 2.0L","2WD","6AT","4460","1795","1440","1360","基礎整合性検査済み","未照合","","未判定","あり","",""
"4854","マツダ","MAZDA3 ファストバック","mazda3-fastback","BP系 (2019-)","現行型","XD 1.8D","2WD","6AT","4460","1795","1440","1420","基礎整合性検査済み","未照合","","未判定","あり","",""
"4855","マツダ","MAZDA3 ファストバック","mazda3-fastback","BP系 (2019-)","現行型","XD 1.8D","4WD","6AT","4460","1795","1440","1480","基礎整合性検査済み","未照合","","未判定","あり","",""
"4856","マツダ","MAZDA3 セダン","mazda3-sedan","BP系 (2019-)","現行型","20S 2.0L","2WD","6AT","4660","1795","1445","1380","基礎整合性検査済み","未照合","","未判定","あり","",""
"4857","スズキ","スペーシア","spacia","3代目 MK系 (2023-)","現行型","HYBRID G","2WD","CVT","3395","1475","1785","860","基礎整合性検査済み","未照合","","未判定","あり","",""
"4858","スズキ","スペーシア","spacia","3代目 MK系 (2023-)","現行型","HYBRID G","4WD","CVT","3395","1475","1785","920","基礎整合性検査済み","未照合","","未判定","あり","",""
"4859","スズキ","スペーシア","spacia","3代目 MK系 (2023-)","現行型","カスタム HYBRID GS ターボ","2WD","CVT","3395","1475","1785","910","基礎整合性検査済み","資料照合実施（項目限定）","","世代・グレード不整合","あり","https://www.suzuki.co.jp/release/a/2023/1109/","3代目カスタムにHYBRID GS ターボはない。GSはNA、ターボはXSターボ。どちらか確定後に重量も修正。"
"4860","スズキ","ハスラー","hustler","2代目 MR系 (2020-)","現行型","HYBRID G","2WD","CVT","3395","1475","1680","820","基礎整合性検査済み","未照合","","未判定","あり","",""
"4861","スズキ","ハスラー","hustler","2代目 MR系 (2020-)","現行型","HYBRID G","4WD","CVT","3395","1475","1680","870","基礎整合性検査済み","未照合","","未判定","あり","",""
"4862","スズキ","ハスラー","hustler","2代目 MR系 (2020-)","現行型","HYBRID Gターボ","2WD","CVT","3395","1475","1680","840","基礎整合性検査済み","未照合","","未判定","あり","",""
"4863","スズキ","ワゴンR","wagon-r","6代目 MH系 (2017-)","現行型","HYBRID FX","2WD","CVT","3395","1475","1650","780","基礎整合性検査済み","未照合","","未判定","あり","",""
"4864","スズキ","ワゴンR","wagon-r","6代目 MH系 (2017-)","現行型","HYBRID FX","4WD","CVT","3395","1475","1650","830","基礎整合性検査済み","未照合","","未判定","あり","",""
"4865","スズキ","アルト","alto","9代目 HA37S/HA97S (2021-)","現行型","HYBRID S","2WD","CVT","3395","1475","1525","700","基礎整合性検査済み","未照合","","未判定","あり","",""
"4866","スズキ","アルト","alto","9代目 HA37S/HA97S (2021-)","現行型","HYBRID S","4WD","CVT","3395","1475","1525","740","基礎整合性検査済み","未照合","","未判定","あり","",""
"4867","ダイハツ","タント","tanto","4代目 LA650S/LA660S (2019-)","現行型","X","2WD","CVT","3395","1475","1755","900","基礎整合性検査済み","未照合","","未判定","あり","",""
"4868","ダイハツ","タント","tanto","4代目 LA650S/LA660S (2019-)","現行型","X","4WD","CVT","3395","1475","1775","950","基礎整合性検査済み","未照合","","未判定","あり","",""
"4869","ダイハツ","タント","tanto","4代目 LA650S/LA660S (2019-)","現行型","カスタムRS ターボ","2WD","CVT","3395","1475","1755","920","基礎整合性検査済み","未照合","","未判定","あり","",""
"4870","ダイハツ","ムーヴ","move","新型 (2025-)","現行型","X","2WD","CVT","3395","1475","1655","860","基礎整合性検査済み","資料照合実施（項目限定）","全長mm / 全幅mm / 全高mm / 車両重量kg","照合項目に不一致なし・未照合項目あり得る","あり","https://www.daihatsu.co.jp/lineup/move/pdf/specifications.pdf","公式PDFを画像表示して確認。4WD全高は1670mm。"
"4871","ダイハツ","ムーヴ","move","新型 (2025-)","現行型","X","4WD","CVT","3395","1475","1655","910","基礎整合性検査済み","資料照合実施（項目限定）","全長mm / 全幅mm / 全高mm / 車両重量kg","誤り確認","あり","https://www.daihatsu.co.jp/lineup/move/pdf/specifications.pdf","公式PDFを画像表示して確認。4WD全高は1670mm。"
"4872","ダイハツ","タフト","taft","初代 LA900S/LA910S (2020-)","現行型","G","2WD","CVT","3395","1475","1630","830","基礎整合性検査済み","未照合","","未判定","あり","",""
"4873","ダイハツ","タフト","taft","初代 LA900S/LA910S (2020-)","現行型","Gターボ","4WD","CVT","3395","1475","1630","890","基礎整合性検査済み","未照合","","未判定","あり","",""
"4874","メルセデス・ベンツ","GLE","gle","W167 (2019-)","現行型","GLE 300d 4MATIC","4WD","9AT","4925","2020","1795","2320","基礎整合性検査済み","未照合","","未判定","あり","",""
"4875","メルセデス・ベンツ","GLE","gle","W167 (2019-)","現行型","GLE 450d 4MATIC スポーツ","4WD","9AT","4925","2020","1780","2480","基礎整合性検査済み","未照合","","未判定","あり","",""
"4876","メルセデス・ベンツ","GLE クーペ","gle-coupe","C167 (2020-)","現行型","GLE 450d 4MATIC クーペ","4WD","9AT","4955","2020","1715","2370","基礎整合性検査済み","未照合","","未判定","あり","",""
"4877","メルセデス・ベンツ","EQS SUV","eqs-suv","初代 (2023-)","現行型","EQS 450 4MATIC SUV","4WD","1速固定","5130","2035","1725","2880","基礎整合性検査済み","未照合","","未判定","あり","",""
"4878","メルセデス・ベンツ","EQE SUV","eqe-suv","初代 (2024-)","現行型","EQE 350 4MATIC SUV","4WD","1速固定","4880","2030","1670","2630","基礎整合性検査済み","未照合","","未判定","あり","",""
"4879","メルセデス・ベンツ","Eクラス","e-class","W214 (2024-)","現行型","E 200 アバンギャルド","2WD","9AT","4960","1880","1475","1790","基礎整合性検査済み","未照合","","未判定","あり","",""
"4880","メルセデス・ベンツ","Eクラス","e-class","W214 (2024-)","現行型","E 220d スポーツ","2WD","9AT","4960","1880","1475","1890","基礎整合性検査済み","未照合","","未判定","あり","",""
"4881","メルセデス・ベンツ","Eクラス","e-class","W214 (2024-)","現行型","E 350e スポーツ PHEV","2WD","9AT","4960","1880","1485","2170","基礎整合性検査済み","未照合","","未判定","あり","",""
"4882","メルセデス・ベンツ","Aクラス","a-class","W177 (2018-)","現行型","A 180","2WD","7DCT","4440","1800","1420","1380","基礎整合性検査済み","未照合","","未判定","あり","",""
"4883","メルセデス・ベンツ","Bクラス","b-class","W247 (2019-)","現行型","B 180","2WD","7DCT","4425","1795","1565","1470","基礎整合性検査済み","未照合","","未判定","あり","",""
"4884","メルセデス・ベンツ","Bクラス","b-class","W247 (2019-)","現行型","B 200d","2WD","8DCT","4425","1795","1565","1550","基礎整合性検査済み","未照合","","未判定","あり","",""
"4885","メルセデス・ベンツ","GLA","gla","H247 (2020-)","現行型","GLA 180","2WD","7DCT","4415","1835","1620","1550","基礎整合性検査済み","未照合","","未判定","あり","",""
"4886","メルセデス・ベンツ","GLA","gla","H247 (2020-)","現行型","GLA 200d 4MATIC","4WD","8DCT","4415","1835","1620","1710","基礎整合性検査済み","未照合","","未判定","あり","",""
"4887","メルセデス・ベンツ","GLB","glb","X247 (2020-)","現行型","GLB 180","2WD","7DCT","4660","1845","1700","1670","基礎整合性検査済み","未照合","","未判定","あり","",""
"4888","メルセデス・ベンツ","GLB","glb","X247 (2020-)","現行型","GLB 200d 4MATIC","4WD","8DCT","4660","1845","1700","1820","基礎整合性検査済み","未照合","","未判定","あり","",""
"4889","BMW","7シリーズ","7-series","G70 (2022-)","現行型","740i エクセレンス","2WD","8AT","5390","1950","1545","2120","基礎整合性検査済み","未照合","","未判定","あり","",""
"4890","BMW","7シリーズ","7-series","G70 (2022-)","現行型","740d xDrive Mスポーツ","AWD","8AT","5390","1950","1545","2230","基礎整合性検査済み","未照合","","未判定","あり","",""
"4891","BMW","X6","x6","G06 (2019-)","現行型","xDrive 35d Mスポーツ","AWD","8AT","4955","2005","1695","2270","基礎整合性検査済み","未照合","","未判定","あり","",""
"4892","BMW","X6","x6","G06 (2019-)","現行型","M60i xDrive","AWD","8AT","4955","2005","1695","2340","基礎整合性検査済み","未照合","","未判定","あり","",""
"4893","BMW","iX","ix","初代 (2022-)","現行型","xDrive60 Mスポーツ","AWD","1速固定","4965","1965","1695","2500","基礎整合性検査済み","未照合","","未判定","あり","",""
"4894","BMW","iX","ix","初代 (2022-)","現行型","M70 xDrive","AWD","1速固定","4965","1965","1695","2640","基礎整合性検査済み","未照合","","未判定","あり","",""
"4895","BMW","X1","x1","U11 (2022-)","現行型","sDrive18i Mスポーツ","2WD","7DCT","4500","1835","1625","1575","基礎整合性検査済み","未照合","","未判定","あり","",""
"4896","BMW","X1","x1","U11 (2022-)","現行型","xDrive20d Mスポーツ","AWD","7DCT","4500","1845","1620","1740","基礎整合性検査済み","未照合","","未判定","あり","",""
"4897","BMW","1シリーズ","1-series","F70 (2025-)","現行型","120 Mスポーツ","2WD","7DCT","4370","1800","1465","1460","基礎整合性検査済み","未照合","","未判定","あり","",""
"4898","BMW","1シリーズ","1-series","F70 (2025-)","現行型","M135 xDrive","AWD","8AT","4370","1800","1450","1570","基礎整合性検査済み","未照合","","未判定","あり","",""
"4899","BMW","2シリーズ グランクーペ","2-series-gran-coupe","F74 (2025-)","現行型","220 Mスポーツ","2WD","7DCT","4550","1800","1435","1490","基礎整合性検査済み","未照合","","未判定","あり","",""
"4900","BMW","2シリーズ グランクーペ","2-series-gran-coupe","F74 (2025-)","現行型","M235 xDrive","AWD","8AT","4550","1800","1435","1590","基礎整合性検査済み","未照合","","未判定","あり","",""
"4901","BMW","2シリーズ アクティブツアラー","2-series-active-tourer","U06 (2022-)","現行型","218i Exclusive","2WD","7DCT","4385","1825","1580","1460","基礎整合性検査済み","未照合","","未判定","あり","",""
"4902","BMW","2シリーズ アクティブツアラー","2-series-active-tourer","U06 (2022-)","現行型","218i M Sport","2WD","7DCT","4385","1825","1565","1460","基礎整合性検査済み","未照合","","未判定","あり","",""
"4903","アウディ","Q8","q8","初代 (2019-)","現行型","55 TFSI クワトロ S line","AWD","8AT","4995","1995","1705","2140","基礎整合性検査済み","未照合","","未判定","あり","",""
"4904","アウディ","Q8 e-tron","q8-e-tron","初代 (2023-)","現行型","50 クワトロ S line","AWD","1速固定","4915","1935","1635","2520","基礎整合性検査済み","未照合","","未判定","あり","",""
"4905","アウディ","Q8 e-tron","q8-e-tron","初代 (2023-)","現行型","55 クワトロ S line","AWD","1速固定","4915","1935","1619","2640","基礎整合性検査済み","未照合","","未判定","あり","",""
"4906","アウディ","A8","a8","D5 (2018-)","現行型","55 TFSI クワトロ","AWD","8AT","5170","1945","1470","2040","基礎整合性検査済み","未照合","","未判定","あり","",""
"4907","アウディ","A8","a8","D5 (2018-)","現行型","A8 L 60 TFSI クワトロ","AWD","8AT","5300","1945","1485","2170","基礎整合性検査済み","未照合","","未判定","あり","",""
"4908","アウディ","e-tron GT","e-tron-gt","初代 (2022-)","現行型","S e-tron GT","AWD","2速AT","4990","1965","1415","2280","基礎整合性検査済み","未照合","","未判定","あり","",""
"4909","アウディ","e-tron GT","e-tron-gt","初代 (2022-)","現行型","RS e-tron GT","AWD","2速AT","4990","1965","1395","2320","基礎整合性検査済み","未照合","","未判定","あり","",""
"4910","アウディ","A3","a3","8Y (2021-)","現行型","Sportback 30 TFSI","2WD","7DCT","4340","1820","1430","1350","基礎整合性検査済み","未照合","","未判定","あり","",""
"4911","アウディ","A3","a3","8Y (2021-)","現行型","Sportback 35 TFSI S line","2WD","7DCT","4340","1820","1430","1400","基礎整合性検査済み","未照合","","未判定","あり","",""
"4912","キャデラック","エスカレード","escalade","5代目 (2021-)","現行型","プラチナム","4WD","10AT","5400","2065","1930","2780","基礎整合性検査済み","未照合","","未判定","あり","",""
"4913","キャデラック","エスカレード","escalade","5代目 (2021-)","現行型","スポーツ","4WD","10AT","5400","2065","1930","2780","基礎整合性検査済み","未照合","","未判定","あり","",""
"4914","レクサス","LS","ls","5代目 (2017-)","現行型","LS 500h","2WD","CVT","5235","1900","1450","2270","基礎整合性検査済み","未照合","","未判定","あり","",""
"4915","レクサス","LS","ls","5代目 (2017-)","現行型","LS 500h","AWD","CVT","5235","1900","1460","2320","基礎整合性検査済み","未照合","","未判定","あり","",""
"4916","レクサス","ES","es","7代目 AXZH10 (2018-)","現行型","ES 300h","2WD","CVT","4975","1865","1445","1680","基礎整合性検査済み","未照合","","未判定","あり","",""
"4917","レクサス","ES","es","7代目 AXZH10 (2018-)","現行型","ES 300h F SPORT","2WD","CVT","4975","1865","1445","1730","基礎整合性検査済み","未照合","","未判定","あり","",""
"4918","マセラティ","レヴァンテ","levante","初代 (2016-2024)","前期型","GT ハイブリッド","AWD","8AT","5020","1981","1698","2109","基礎整合性検査済み","未照合","","未判定","あり","",""
"4919","マセラティ","レヴァンテ","levante","初代 (2016-2024)","前期型","トロフェオ V8","AWD","8AT","5020","1981","1693","2340","基礎整合性検査済み","未照合","","未判定","あり","",""
"4920","ランボルギーニ","ウルス SE","urus-se","SE (2024-)","現行型","SE PHEV","AWD","8AT","5123","2022","1638","2450","基礎整合性検査済み","未照合","","未判定","あり","",""
"4921","フォルクスワーゲン","ティグアン","tiguan","3代目 (2024-)","現行型","eTSI エレガンス","2WD","7DCT","4545","1840","1655","1600","基礎整合性検査済み","未照合","","未判定","あり","",""
"4922","フォルクスワーゲン","ティグアン","tiguan","3代目 (2024-)","現行型","TDI 4MOTION Rライン","4WD","7DCT","4545","1860","1655","1750","基礎整合性検査済み","未照合","","未判定","あり","",""
"4923","フォルクスワーゲン","ポロ","polo","AW (2018-)","現行型","TSI コンフォートライン","2WD","7DCT","4085","1750","1450","1170","基礎整合性検査済み","未照合","","未判定","あり","",""
"4924","フォルクスワーゲン","ポロ","polo","AW (2018-)","現行型","GTI","2WD","7DCT","4085","1750","1450","1280","基礎整合性検査済み","未照合","","未判定","あり","",""
"4925","フォルクスワーゲン","T-Cross","t-cross","初代 (2019-)","現行型","TSI アクティブ","2WD","7DCT","4115","1760","1580","1260","基礎整合性検査済み","未照合","","未判定","あり","",""
"4926","フォルクスワーゲン","パサート","passat","B9 (2024-)","現行型","TSI エレガンス","2WD","7DCT","4915","1850","1500","1570","基礎整合性検査済み","未照合","","未判定","あり","",""
"4927","フォルクスワーゲン","パサート","passat","B9 (2024-)","現行型","TDI 4MOTION Rライン","4WD","7DCT","4915","1850","1500","1830","基礎整合性検査済み","未照合","","未判定","あり","",""
"4928","ボルボ","XC40","xc40","初代 (2018-)","現行型","B3","2WD","8AT","4425","1875","1660","1660","基礎整合性検査済み","未照合","","未判定","あり","",""
"4929","ボルボ","XC40","xc40","初代 (2018-)","現行型","B4 AWD","AWD","8AT","4425","1875","1655","1720","基礎整合性検査済み","未照合","","未判定","あり","",""
"4930","ボルボ","V60","v60","2代目 (2018-)","現行型","Plus B4","2WD","8AT","4780","1850","1435","1690","基礎整合性検査済み","未照合","","未判定","あり","",""
"4931","ボルボ","V60","v60","2代目 (2018-)","現行型","T6 PHV AWD","AWD","8AT","4780","1850","1430","2050","基礎整合性検査済み","未照合","","未判定","あり","",""
"4932","ボルボ","V60 クロスカントリー","v60-cross-country","2代目 (2019-)","現行型","ウルトラ B5 AWD","AWD","8AT","4785","1895","1505","1830","基礎整合性検査済み","未照合","","未判定","あり","",""
"4933","プジョー","208","208","2代目 (2020-)","現行型","アリュール","2WD","8AT","4095","1745","1445","1170","基礎整合性検査済み","未照合","","未判定","あり","",""
"4934","プジョー","208","208","2代目 (2020-)","現行型","e-208 GT","2WD","1速固定","4095","1745","1465","1530","基礎整合性検査済み","未照合","","未判定","あり","",""
"4935","プジョー","2008","2008","2代目 (2020-)","現行型","GT","2WD","8AT","4305","1770","1550","1320","基礎整合性検査済み","未照合","","未判定","あり","",""
"4936","プジョー","2008","2008","2代目 (2020-)","現行型","e-2008 GT","2WD","1速固定","4305","1770","1580","1610","基礎整合性検査済み","未照合","","未判定","あり","",""
"4937","プジョー","308","308","P5 (2022-)","現行型","GT","2WD","8AT","4420","1850","1475","1350","基礎整合性検査済み","未照合","","未判定","あり","",""
"4938","プジョー","308","308","P5 (2022-)","現行型","GT PHEV","2WD","8AT","4420","1850","1475","1660","基礎整合性検査済み","未照合","","未判定","あり","",""
"4939","プジョー","3008","3008","新型 (2025-)","現行型","GT","2WD","7DCT","4565","1895","1665","1620","基礎整合性検査済み","未照合","","未判定","あり","",""
"4940","シトロエン","C3","c3","新型 (2025-)","現行型","ハイブリッド","2WD","6DCT","4015","1755","1590","1270","基礎整合性検査済み","未照合","","未判定","あり","",""
"4941","ルノー","ルーテシア","lutecia","5代目 (2020-)","現行型","インテンス テックパック","2WD","7DCT","4075","1725","1470","1300","基礎整合性検査済み","未照合","","未判定","あり","",""
"4942","ルノー","キャプチャー","captur","2代目 (2021-)","現行型","E-TECH ハイブリッド","2WD","DCT","4240","1795","1590","1420","基礎整合性検査済み","未照合","","未判定","あり","",""
"4943","ルノー","アルカナ","arkana","初代 (2022-)","現行型","E-TECH ハイブリッド","2WD","DCT","4570","1820","1580","1470","基礎整合性検査済み","未照合","","未判定","あり","",""
"4944","アルファロメオ","トナーレ","tonale","初代 (2023-)","現行型","Ti ハイブリッド","2WD","7DCT","4530","1835","1600","1630","基礎整合性検査済み","未照合","","未判定","あり","",""
"4945","ヒョンデ","コナ","kona","2代目 (2023-)","現行型","Lounge EV","2WD","1速固定","4355","1825","1590","1770","基礎整合性検査済み","未照合","","未判定","あり","",""
"4946","MINI","MINI 3ドア","mini-3door","F66 (2024-)","現行型","クーパーC","2WD","7DCT","3875","1745","1455","1280","基礎整合性検査済み","未照合","","未判定","あり","",""
"4947","MINI","MINI 3ドア","mini-3door","F66 (2024-)","現行型","クーパーS","2WD","7DCT","3875","1745","1455","1320","基礎整合性検査済み","未照合","","未判定","あり","",""
"4948","MINI","MINI 5ドア","mini-5door","F65 (2024-)","現行型","クーパーC","2WD","7DCT","4035","1745","1470","1340","基礎整合性検査済み","未照合","","未判定","あり","",""
"4949","MINI","MINI 5ドア","mini-5door","F65 (2024-)","現行型","クーパーS","2WD","7DCT","4035","1745","1470","1380","基礎整合性検査済み","未照合","","未判定","あり","",""
"4950","MINI","MINI カントリーマン","mini-countryman","U25 (2024-)","現行型","カントリーマンC","2WD","7DCT","4445","1845","1660","1520","基礎整合性検査済み","未照合","","未判定","あり","",""
"4951","MINI","MINI カントリーマン","mini-countryman","U25 (2024-)","現行型","カントリーマンS ALL4","AWD","7DCT","4445","1845","1660","1640","基礎整合性検査済み","未照合","","未判定","あり","",""
"4952","MINI","MINI エースマン","mini-aceman","J05 (2024-)","現行型","エースマンE","FF","電気式無段変速","4080","1755","1515","1670","基礎整合性検査済み","未照合","","未判定","なし","",""
"4953","MINI","MINI エースマン","mini-aceman","J05 (2024-)","現行型","エースマンSE","FF","電気式無段変速","4080","1755","1515","1740","基礎整合性検査済み","未照合","","未判定","なし","",""
"4954","MINI","MINI エースマン","mini-aceman","J05 (2024-)","現行型","ジョンクーパーワークス エースマンE","FF","電気式無段変速","4080","1755","1515","1760","基礎整合性検査済み","未照合","","未判定","なし","",""
"4955","MINI","MINI コンバーチブル","mini-convertible","F67 (2024-)","現行型","クーパー コンバーチブルC","FF","7DCT","3880","1745","1435","1400","基礎整合性検査済み","未照合","","未判定","なし","",""
"4956","MINI","MINI コンバーチブル","mini-convertible","F67 (2024-)","現行型","クーパー コンバーチブルS","FF","7DCT","3880","1745","1435","1410","基礎整合性検査済み","未照合","","未判定","なし","",""
"4957","MINI","MINI クラブマン","mini-clubman","F54 (2015-)","現行型","クーパー クラブマン","FF","7AT","4275","1800","1470","1430","基礎整合性検査済み","未照合","","未判定","なし","",""
"4958","MINI","MINI クラブマン","mini-clubman","F54 (2015-)","現行型","クーパーS クラブマン","FF","7AT","4275","1800","1470","1470","基礎整合性検査済み","未照合","","未判定","なし","",""
"4959","MINI","MINI クラブマン","mini-clubman","F54 (2015-)","現行型","クーパーSD クラブマン","FF","8AT","4275","1800","1470","1540","基礎整合性検査済み","未照合","","未判定","なし","",""
"4960","MINI","MINI クラブマン","mini-clubman","F54 (2015-)","現行型","ジョンクーパーワークス クラブマン","4WD","8AT","4275","1800","1470","1600","基礎整合性検査済み","未照合","","未判定","なし","",""
"4961","ランドローバー","ディスカバリー","discovery","5代目 (2017-)","現行型","S D350 4WD","4WD","8AT","4956","2073","1888","2470","基礎整合性検査済み","未照合","","未判定","なし","",""
"4962","ランドローバー","ディスカバリースポーツ","discovery-sport","初代 (2015-)","現行型","ダイナミック S P250 4WD","4WD","8AT","4610","1905","1725","2000","基礎整合性検査済み","未照合","","未判定","なし","",""
"4963","ランドローバー","ディスカバリースポーツ","discovery-sport","初代 (2015-)","現行型","ダイナミック S D200 4WD","4WD","8AT","4610","1905","1725","2080","基礎整合性検査済み","未照合","","未判定","なし","",""
"4964","ランドローバー","ディスカバリースポーツ","discovery-sport","初代 (2015-)","現行型","ランドマーク P250 4WD","4WD","8AT","4610","1905","1725","2020","基礎整合性検査済み","未照合","","未判定","なし","",""
"4965","ランドローバー","ディスカバリースポーツ","discovery-sport","初代 (2015-)","現行型","メトロポリタン P250 4WD","4WD","8AT","4610","1905","1725","2020","基礎整合性検査済み","未照合","","未判定","なし","",""
"4966","ランドローバー","ディスカバリースポーツ","discovery-sport","初代 (2015-)","現行型","ダイナミック S P300e 4WD","4WD","8AT","4610","1905","1725","2230","基礎整合性検査済み","未照合","","未判定","なし","",""
"4967","ジャガー","Fペイス","f-pace","初代 (2016-)","現行型","R-Dynamic SE 90th Anniversary Edition D200 4WD","4WD","8AT","4755","1935","1665","2030","基礎整合性検査済み","未照合","","未判定","なし","",""
"4968","ジャガー","Fペイス","f-pace","初代 (2016-)","現行型","R-Dynamic SE 90th Anniversary Edition P250 4WD","4WD","8AT","4755","1935","1665","1950","基礎整合性検査済み","未照合","","未判定","なし","",""
"4969","ジャガー","Fペイス","f-pace","初代 (2016-)","現行型","R-Dynamic HSE P250 4WD","4WD","8AT","4755","1935","1665","1930","基礎整合性検査済み","未照合","","未判定","なし","",""
"4970","ジャガー","Fペイス","f-pace","初代 (2016-)","現行型","R-Dynamic SE P400e 4WD","4WD","8AT","4755","1935","1665","2250","基礎整合性検査済み","未照合","","未判定","なし","",""
"4971","ジャガー","Fペイス","f-pace","初代 (2016-)","現行型","R-Dynamic HSE P400e 4WD","4WD","8AT","4755","1935","1665","2250","基礎整合性検査済み","未照合","","未判定","なし","",""
"4972","ジャガー","Eペイス","e-pace","初代 (2018-)","現行型","R-Dynamic SE D200 4WD","4WD","8AT","4410","1900","1650","1960","基礎整合性検査済み","未照合","","未判定","なし","",""
"4973","ジャガー","Eペイス","e-pace","初代 (2018-)","現行型","R-Dynamic HSE D200 4WD","4WD","8AT","4410","1900","1650","1960","基礎整合性検査済み","未照合","","未判定","なし","",""
"4974","ジャガー","Eペイス","e-pace","初代 (2018-)","現行型","R-Dynamic SE P250 4WD","4WD","8AT","4410","1900","1650","1900","基礎整合性検査済み","未照合","","未判定","なし","",""
"4975","ジャガー","Eペイス","e-pace","初代 (2018-)","現行型","R-Dynamic HSE P250 4WD","4WD","8AT","4410","1900","1650","1900","基礎整合性検査済み","未照合","","未判定","なし","",""
"4976","ジャガー","Eペイス","e-pace","初代 (2018-)","現行型","R-Dynamic HSE P300e 4WD","4WD","8AT","4410","1900","1650","2130","基礎整合性検査済み","未照合","","未判定","なし","",""
"4977","ジャガー","Fタイプ","f-type","初代 (2013-)","現行型","R-Dynamic クーペ P300","FR","8AT","4470","1925","1315","1660","基礎整合性検査済み","未照合","","未判定","なし","",""
"4978","ジャガー","Fタイプ","f-type","初代 (2013-)","現行型","75 クーペ P450","FR","8AT","4470","1925","1315","1780","基礎整合性検査済み","未照合","","未判定","なし","",""
"4979","ジャガー","Fタイプ","f-type","初代 (2013-)","現行型","R75 クーペ P575 AWD","4WD","8AT","4470","1925","1315","1840","基礎整合性検査済み","未照合","","未判定","なし","",""
"4980","ジャガー","Fタイプ","f-type","初代 (2013-)","現行型","ZP エディション クーペ P575 AWD","4WD","8AT","4470","1925","1315","1840","基礎整合性検査済み","未照合","","未判定","なし","",""
"4981","ジャガー","XE","xe","初代 (2014-)","現行型","R-Dynamic SE P250","FR","8AT","4690","1850","1415","1660","基礎整合性検査済み","未照合","","未判定","なし","",""
"4982","ジャガー","XE","xe","初代 (2014-)","現行型","300スポーツ P300 4WD","4WD","8AT","4690","1850","1415","1730","基礎整合性検査済み","未照合","","未判定","なし","",""
"4983","ジャガー","XF","xf","2代目 (2015-)","現行型","R-Dynamic SE D200 4WD","4WD","8AT","4970","1880","1455","1890","基礎整合性検査済み","未照合","","未判定","なし","",""
"4984","ジャガー","XF","xf","2代目 (2015-)","現行型","R-Dynamic SE P250","FR","8AT","4970","1880","1455","1780","基礎整合性検査済み","未照合","","未判定","なし","",""
"4985","ジャガー","XF","xf","2代目 (2015-)","現行型","300スポーツ P300 4WD","4WD","8AT","4970","1880","1455","1820","基礎整合性検査済み","未照合","","未判定","なし","",""
"4986","アルファロメオ","ジュリア","giulia","952型 (2017-)","現行型","スプリント RHD","FR","8AT","4655","1865","1435","1630","基礎整合性検査済み","未照合","","未判定","なし","",""
"4987","アルファロメオ","ジュリア","giulia","952型 (2017-)","現行型","ヴェローチェ RHD","FR","8AT","4655","1865","1435","1630","基礎整合性検査済み","未照合","","未判定","なし","",""
"4988","アルファロメオ","ジュリア","giulia","952型 (2017-)","現行型","クアドリフォリオ RHD","FR","8AT","4635","1865","1435","1710","基礎整合性検査済み","未照合","","未判定","なし","",""
"4989","アルファロメオ","ステルヴィオ","stelvio","949型 (2018-)","現行型","2.0ターボ Q4 スプリント","4WD","8AT","4690","1905","1680","1810","基礎整合性検査済み","未照合","","未判定","なし","",""
"4990","アルファロメオ","ステルヴィオ","stelvio","949型 (2018-)","現行型","2.0ターボ Q4 ヴェローチェ","4WD","8AT","4690","1905","1680","1810","基礎整合性検査済み","未照合","","未判定","なし","",""
"4991","アルファロメオ","ステルヴィオ","stelvio","949型 (2018-)","現行型","2.2ターボディーゼル Q4 ヴェローチェ","4WD","8AT","4690","1905","1680","1860","基礎整合性検査済み","未照合","","未判定","なし","",""
"4992","アルファロメオ","ステルヴィオ","stelvio","949型 (2018-)","現行型","クアドリフォリオ","4WD","8AT","4700","1955","1680","1960","基礎整合性検査済み","未照合","","未判定","なし","",""
"4993","アルファロメオ","ジュニア","junior","1代目 (2025-)","現行型","イブリダ コア","FF","6DCT","4195","1780","1585","1330","基礎整合性検査済み","未照合","","未判定","なし","",""
"4994","アルファロメオ","ジュニア","junior","1代目 (2025-)","現行型","イブリダ プレミアム","FF","6DCT","4195","1780","1585","1340","基礎整合性検査済み","未照合","","未判定","なし","",""
"4995","アルファロメオ","ジュニア","junior","1代目 (2025-)","現行型","エレットリカ プレミアム","FF","AT","4195","1780","1585","1580","基礎整合性検査済み","未照合","","未判定","なし","",""
"4996","プジョー","408","408","初代 (2023-)","現行型","Allure","2WD","8AT","4700","1850","1500","1430","基礎整合性検査済み","未照合","","未判定","なし","",""
"4997","プジョー","408","408","初代 (2023-)","現行型","Allure Hybrid","2WD","8AT","4700","1850","1500","1500","基礎整合性検査済み","未照合","","未判定","なし","",""
"4998","プジョー","5008","5008","3代目 (2026-)","現行型","Allure Hybrid","2WD","6DCT","4810","1895","1735","1740","基礎整合性検査済み","未照合","","未判定","なし","",""
"4999","プジョー","308 SW","308-sw","3代目 (2022-)","現行型","Allure","2WD","8AT","4660","1850","1490","1400","基礎整合性検査済み","未照合","","未判定","なし","",""
"5000","プジョー","308 SW","308-sw","3代目 (2022-)","現行型","GT Hybrid","2WD","8AT","4655","1850","1485","1720","基礎整合性検査済み","未照合","","未判定","なし","",""
"5001","プジョー","リフター","rifter","初代 (2020-)","現行型","GT","2WD","8AT","4405","1850","1855","1630","基礎整合性検査済み","未照合","","未判定","なし","",""
"5002","プジョー","リフター","rifter","初代 (2020-)","現行型","ロング GT","2WD","8AT","4760","1850","1875","1700","基礎整合性検査済み","未照合","","未判定","なし","",""
"5003","プジョー","508","508","2代目 (2019-)","現行型","GT","2WD","8AT","4750","1860","1420","1510","基礎整合性検査済み","未照合","","未判定","なし","",""
"5004","プジョー","508","508","2代目 (2019-)","現行型","GT Hybrid","2WD","8AT","4750","1860","1420","1790","基礎整合性検査済み","未照合","","未判定","なし","",""
"5005","シトロエン","C4","c4","3代目 (2021-)","現行型","MAX ハイブリッド","FF","6DCT","4375","1800","1530","1370","基礎整合性検査済み","未照合","","未判定","なし","",""
"5006","シトロエン","C4","c4","3代目 (2021-)","現行型","E-C4 MAX","FF","1速固定","4375","1800","1530","1630","基礎整合性検査済み","未照合","","未判定","なし","",""
"5007","シトロエン","C3エアクロス","c3-aircross","初代 (2019-)","現行型","MAX","FF","6AT","4160","1765","1630","1320","基礎整合性検査済み","未照合","","未判定","なし","",""
"5008","シトロエン","C3エアクロス","c3-aircross","初代 (2019-)","現行型","MAX BlueHDi","FF","6AT","4160","1765","1630","1380","基礎整合性検査済み","未照合","","未判定","なし","",""
"5009","シトロエン","ベルランゴ","berlingo","3代目 (2019-)","現行型","MAX BlueHDi","FF","8AT","4405","1850","1830","1600","基礎整合性検査済み","未照合","","未判定","なし","",""
"5010","シトロエン","ベルランゴ","berlingo","3代目 (2019-)","現行型","MAX XTR グリップコントロールパッケージ","FF","8AT","4405","1850","1830","1630","基礎整合性検査済み","未照合","","未判定","なし","",""
"5011","シトロエン","ベルランゴ","berlingo","3代目 (2019-)","現行型","ロング MAX BlueHDi","FF","8AT","4770","1850","1850","1660","基礎整合性検査済み","未照合","","未判定","なし","",""
"5012","シトロエン","ベルランゴ","berlingo","3代目 (2019-)","現行型","ロング MAX XTR グリップコントロールパッケージ","FF","8AT","4770","1850","1850","1680","基礎整合性検査済み","未照合","","未判定","なし","",""
"5013","シトロエン","C5 X","c5-x","初代 (2022-)","現行型","MAX","FF","8AT","4805","1865","1490","1520","基礎整合性検査済み","未照合","","未判定","なし","",""
"5014","シトロエン","C5 X","c5-x","初代 (2022-)","現行型","MAX プラグインハイブリッド","FF","8AT","4805","1865","1490","1790","基礎整合性検査済み","未照合","","未判定","なし","",""
"5015","シトロエン","C5エアクロス","c5-aircross","初代 (2019-)","現行型","MAX BlueHDi","FF","8AT","4500","1850","1710","1670","基礎整合性検査済み","未照合","","未判定","なし","",""
"5016","シトロエン","C5エアクロス","c5-aircross","初代 (2019-)","現行型","MAX プラグインハイブリッド","FF","8AT","4500","1850","1710","1860","基礎整合性検査済み","未照合","","未判定","なし","",""
"5017","Jeep","コマンダー","commander","H620系 (2022-)","現行型","ロンジチュード FWD","FWD","9AT","4770","1860","1730","1780","基礎整合性検査済み","未照合","","未判定","なし","",""
"5018","Jeep","コマンダー","commander","H620系 (2022-)","現行型","リミテッド 4WD","4WD","9AT","4770","1860","1730","1870","基礎整合性検査済み","未照合","","未判定","なし","",""
"5019","Jeep","コマンダー","commander","H620系 (2022-)","現行型","トレイルエディション 4WD","4WD","9AT","4770","1860","1730","1890","基礎整合性検査済み","未照合","","未判定","なし","",""
"5020","Jeep","コンパス","compass","M624系 (2017-)","現行型","ロンジチュード FF","FF","6AT","4420","1810","1640","1490","基礎整合性検査済み","未照合","","未判定","なし","",""
"5021","Jeep","コンパス","compass","M624系 (2017-)","現行型","リミテッド 4WD","4WD","9AT","4420","1810","1640","1600","基礎整合性検査済み","未照合","","未判定","なし","",""
"5022","Jeep","レネゲード","renegade","BU系 (2015-)","現行型","スタンダード ロイヤルエディション FF","FF","7AT","4255","1805","1695","1470","基礎整合性検査済み","未照合","","未判定","なし","",""
"5023","Jeep","レネゲード","renegade","BU系 (2015-)","現行型","ロイヤル ロイヤルエディション FF","FF","7AT","4255","1805","1695","1500","基礎整合性検査済み","未照合","","未判定","なし","",""
"5024","Jeep","アベンジャー","avenger","FH1JE系 (2024-)","現行型","アルティテュード FF","FF","CVT","4105","1775","1595","1570","基礎整合性検査済み","未照合","","未判定","なし","",""
"5025","Jeep","アベンジャー 4xe ハイブリッド","avenger-4xe-hybrid","初代 (2026-)","現行型","ポップスター 4WD","4WD","6DCT","4120","1775","1600","1755","基礎整合性検査済み","未照合","","未判定","なし","",""
"5026","スバル","インプレッサ","impreza","GU系 (2023-)","現行型","ST FF","2WD","CVT","4475","1780","1450","1380","基礎整合性検査済み","資料照合実施（項目限定）","全長mm / 全幅mm / 全高mm / 車両重量kg","条件注記不足","なし","https://www.subaru.co.jp/pdf/news/2023_0420_1_2023-04-19-132902.pdf","STの1450mmは発表資料と一致するがアンテナを倒した条件付き。アンテナ仕様・年次改良を明示する必要あり。 | 高さ1450mmはルーフアンテナを倒した場合の公式発表値。シャークフィンでは+30mm。アンテナ条件の表示がない。"
"5027","スバル","インプレッサ","impreza","GU系 (2023-)","現行型","ST AWD","4WD","CVT","4475","1780","1450","1420","基礎整合性検査済み","資料照合実施（項目限定）","全長mm / 全幅mm / 全高mm / 車両重量kg","条件注記不足","なし","https://www.subaru.co.jp/pdf/news/2023_0420_1_2023-04-19-132902.pdf","STの1450mmは発表資料と一致するがアンテナを倒した条件付き。アンテナ仕様・年次改良を明示する必要あり。 | 高さ1450mmはルーフアンテナを倒した場合の公式発表値。シャークフィンでは+30mm。アンテナ条件の表示がない。"
"5028","スバル","インプレッサ","impreza","GU系 (2023-)","現行型","ST-G e-BOXER AWD","4WD","CVT","4475","1780","1515","1570","基礎整合性検査済み","資料照合実施（項目限定）","全長mm / 全幅mm / 全高mm / 車両重量kg","照合項目に不一致なし・未照合項目あり得る","なし","https://www.subaru.co.jp/pdf/news/2023_0420_1_2023-04-19-132902.pdf","STの1450mmは発表資料と一致するがアンテナを倒した条件付き。アンテナ仕様・年次改良を明示する必要あり。"
"5029","スバル","インプレッサ","impreza","GU系 (2023-)","現行型","ST-H e-BOXER FF","2WD","CVT","4475","1780","1515","1540","基礎整合性検査済み","資料照合実施（項目限定）","全長mm / 全幅mm / 全高mm / 車両重量kg","照合項目に不一致なし・未照合項目あり得る","なし","https://www.subaru.co.jp/pdf/news/2023_0420_1_2023-04-19-132902.pdf","STの1450mmは発表資料と一致するがアンテナを倒した条件付き。アンテナ仕様・年次改良を明示する必要あり。"
"5030","スバル","WRX S4","wrx-s4","VB系 (2021-)","現行型","GT-H EX AWD","4WD","CVT","4670","1825","1465","1590","基礎整合性検査済み","未照合","","未判定","なし","",""
"5031","スバル","WRX S4","wrx-s4","VB系 (2021-)","現行型","STI スポーツR EX AWD","4WD","CVT","4670","1825","1465","1600","基礎整合性検査済み","未照合","","未判定","なし","",""
"5032","スバル","BRZ","brz","ZD8 (2021-)","現行型","R 6MT","2WD","6MT","4265","1775","1310","1260","基礎整合性検査済み","未照合","","未判定","なし","",""
"5033","スバル","BRZ","brz","ZD8 (2021-)","現行型","S 6AT","2WD","6AT","4265","1775","1310","1290","基礎整合性検査済み","未照合","","未判定","なし","",""
"5034","スバル","BRZ","brz","ZD8 (2021-)","現行型","STI スポーツ 6MT","2WD","6MT","4265","1775","1310","1270","基礎整合性検査済み","未照合","","未判定","なし","",""
"5035","スバル","ソルテラ","solterra","初代 (2022-)","現行型","ET-SS FWD","2WD","1速固定","4690","1860","1650","1910","基礎整合性検査済み","未照合","","未判定","なし","",""
"5036","スバル","ソルテラ","solterra","初代 (2022-)","現行型","ET-SS AWD","4WD","1速固定","4690","1860","1650","2000","基礎整合性検査済み","未照合","","未判定","なし","",""
"5037","スバル","ソルテラ","solterra","初代 (2022-)","現行型","ET-HS AWD","4WD","1速固定","4690","1860","1650","2030","基礎整合性検査済み","未照合","","未判定","なし","",""
"5038","スバル","レックス","rex","2代目 (2022-)","現行型","G","2WD","CVT","3995","1695","1620","970","基礎整合性検査済み","未照合","","未判定","なし","",""
"5039","スバル","レックス","rex","2代目 (2022-)","現行型","Z","2WD","CVT","3995","1695","1620","980","基礎整合性検査済み","未照合","","未判定","なし","",""
"5040","レクサス","IS","is","30系 (2013-)","現行型","IS 300h","FR","CVT","4720","1840","1435","1710","基礎整合性検査済み","未照合","","未判定","なし","",""
"5041","レクサス","LC","lc","100系 (2017-)","現行型","LC500h","FR","Multi Stage Hybrid","4770","1920","1345","1990","基礎整合性検査済み","未照合","","未判定","なし","",""
"5042","レクサス","RC","rc","10系 (2014-)","現行型","RC300","FR","8AT","4700","1840","1395","1680","基礎整合性検査済み","未照合","","未判定","なし","",""
"5043","レクサス","RC F","rc-f","10系 (2014-)","現行型","RC F","FR","8AT","4710","1845","1390","1760","基礎整合性検査済み","未照合","","未判定","なし","",""
