name,slug,address,latitude,longitude,parking_type,total_spaces,is_24h,open_time,close_time,fee_type,amount_yen,duration_minutes,fee_notes,restriction_name,max_length_mm,max_width_mm,max_height_mm,max_weight_kg,spaces_count,restriction_notes,source_url
神田神保町第２０,repark-rep0028297,東京都千代田区神田神保町２丁目２１,35.694891912618,139.75683240091,self_propelled,3,TRUE,,,hourly,330,12,,ハイルーフ,5000,1900,2000,2000,3,,https://www.repark.jp/parking_user/time/result/detail/?park=REP0028297&st=4&pref=13
西神田３丁目,repark-rep0011698,東京都千代田区西神田３丁目１ー３,35.697288822932,139.75366588652,self_propelled,3,TRUE,,,hourly,440,12,,ハイルーフ,5000,1900,2000,2000,3,,https://www.repark.jp/parking_user/time/result/detail/?park=REP0011698&st=4&pref=13
神田神保町２丁目,repark-rep0028574,東京都千代田区神田神保町２丁目３４ー３,35.697336068552,139.75530741501,self_propelled,1,TRUE,,,hourly,330,15,,ハイルーフ,5000,1900,2000,2000,1,,https://www.repark.jp/parking_user/time/result/detail/?park=REP0028574&st=4&pref=13
九段北１丁目第４,repark-rep0023263,東京都千代田区九段北１丁目７ー６,35.697227681211,139.75153273349,self_propelled,4,TRUE,,,hourly,440,12,,ハイルーフ,5000,1900,2000,2000,4,,https://www.repark.jp/parking_user/time/result/detail/?park=REP0023263&st=4&pref=13
九段北１丁目第５,repark-rep0028478,東京都千代田区九段北１丁目１０ー６,35.697419319533,139.7511216478,self_propelled,5,TRUE,,,hourly,330,15,,ハイルーフ,5000,1900,2000,2000,5,,https://www.repark.jp/parking_user/time/result/detail/?park=REP0028478&st=4&pref=13
神田神保町第１９,repark-rep0024715,東京都千代田区神田神保町１丁目１６ー４,35.696497329037,139.75872939144,self_propelled,7,TRUE,,,hourly,330,15,,ハイルーフ,5000,1900,2000,2000,7,,https://www.repark.jp/parking_user/time/result/detail/?park=REP0024715&st=4&pref=13
神田神保町第９,repark-rep0007891,東京都千代田区神田神保町１丁目４０,35.697577755645,139.75793774044,self_propelled,5,TRUE,,,hourly,330,20,,ハイルーフ,5000,1900,2000,2000,5,,https://www.repark.jp/parking_user/time/result/detail/?park=REP0007891&st=4&pref=13
神保町三井ビルディング駐車場,repark-rep0002437,東京都千代田区神田神保町１丁目１０５,35.693892074046,139.7599516319,self_propelled,38,FALSE,,,hourly,300,20,,一般,5300,1950,2100,2200,38,,https://www.repark.jp/parking_user/time/result/detail/?park=REP0002437&st=4&pref=13
神田神保町第１１,repark-rep0012320,東京都千代田区神田神保町１丁目３９,35.694653113104,139.76049321888,self_propelled,14,TRUE,,,hourly,330,10,,ハイルーフ,5000,1900,2000,2000,14,,https://www.repark.jp/parking_user/time/result/detail/?park=REP0012320&st=4&pref=13
飯田橋１丁目第３,repark-rep0014353,東京都千代田区飯田橋１丁目１２ー１１,35.698591379228,139.74894955122,self_propelled,3,TRUE,,,hourly,330,15,,ハイルーフ,5000,1900,2000,2000,3,,https://www.repark.jp/parking_user/time/result/detail/?park=REP0014353&st=4&pref=13
神田錦町第２,repark-rep0002540,東京都千代田区神田錦町３丁目１２－５,35.693392159829,139.76180150129,self_propelled,8,TRUE,,,hourly,440,15,,ハイルーフ,5000,1900,2000,2000,8,,https://www.repark.jp/parking_user/time/result/detail/?park=REP0002540&st=4&pref=13
水道橋駅前第２,repark-rep0026558,東京都千代田区神田三崎町２丁目９ー２,35.70079958248,139.75504338846,self_propelled,26,TRUE,,,hourly,440,15,,ハイルーフ,5000,1900,2000,2000,26,,https://www.repark.jp/parking_user/time/result/detail/?park=REP0026558&st=4&pref=13
九段南２丁目第２,repark-rep0013240,東京都千代田区九段南２丁目７ー１,35.692583612579,139.74464185261,self_propelled,1,TRUE,,,hourly,440,20,,ハイルーフ,4800,1900,2000,2000,1,,https://www.repark.jp/parking_user/time/result/detail/?park=REP0013240&st=4&pref=13
神田駿河台２丁目第２,repark-rep0028342,東京都千代田区神田駿河台２丁目９ー１７,35.700185833503,139.75930139609,self_propelled,1,TRUE,,,hourly,330,15,,ハイルーフ,5000,1900,2000,2000,1,,https://www.repark.jp/parking_user/time/result/detail/?park=REP0028342&st=4&pref=13
千代田区富士見２丁目第２,repark-rep0011877,東京都千代田区富士見２丁目１１ー５,35.698769066922,139.74492487729,self_propelled,3,TRUE,,,hourly,330,15,,ハイルーフ,5000,1900,2000,2000,3,,https://www.repark.jp/parking_user/time/result/detail/?park=REP0011877&st=4&pref=13
神田小川町２丁目第２,repark-rep0013404,東京都千代田区神田小川町２丁目４ー２０レジディア新御茶ノ水,35.694825378683,139.76404291615,self_propelled,3,TRUE,,,hourly,440,15,,ハイルーフ,5000,1900,2000,2000,3,,https://www.repark.jp/parking_user/time/result/detail/?park=REP0013404&st=4&pref=13
三番町第１０,repark-rep0020348,,35.691830883731,139.74278926313,self_propelled,2,TRUE,,,hourly,440,15,,ハイルーフ,5000,1900,2000,2000,2,,https://www.repark.jp/parking_user/time/result/detail/?park=REP0020348&st=4&pref=13
神田小川町２丁目,repark-rep0011061,東京都千代田区神田小川町２丁目１０,35.695336443072,139.76450396532,self_propelled,1,TRUE,,,hourly,330,15,,ハイルーフ,5000,1900,2000,2000,1,,https://www.repark.jp/parking_user/time/result/detail/?park=REP0011061&st=4&pref=13
九段南３丁目第２,repark-rep0009381,東京都千代田区九段南３丁目５ー５,35.69218361786,139.74249482734,self_propelled,2,TRUE,,,hourly,440,20,,ハイルーフ,5000,1900,2000,2000,2,,https://www.repark.jp/parking_user/time/result/detail/?park=REP0009381&st=4&pref=13
一番町第２,repark-rep0009538,,35.688286846334,139.74442262467,self_propelled,2,TRUE,,,hourly,400,15,,ハイルーフ,5000,1900,2000,2000,2,,https://www.repark.jp/parking_user/time/result/detail/?park=REP0009538&st=4&pref=13
東京逓信病院管理棟駐車場,repark-rep0014118,東京都千代田区富士見２丁目１４ー２３東京逓信病院管理棟,35.697505276644,139.74278066956,self_propelled,10,FALSE,,,hourly,400,20,,ハイルーフ,5000,1900,2000,2000,10,,https://www.repark.jp/parking_user/time/result/detail/?park=REP0014118&st=4&pref=13
飯田橋グラン・ブルーム時間貸駐車場,repark-rep0016083,東京都千代田区富士見２丁目１０ー２飯田橋グラン・ブルーム,35.698980129808,139.74340554975,self_propelled,46,FALSE,,,hourly,400,20,,一般,5000,2300,2100,2000,46,,https://www.repark.jp/parking_user/time/result/detail/?park=REP0016083&st=4&pref=13
ＯｔｅｍａｃｈｉＯｎｅ駐車場,repark-rep0024464,東京都千代田区大手町１丁目２ー１,35.6881288583,139.76320440514,self_propelled,99,FALSE,,,hourly,400,30,,一般,5300,2050,2050,2500,99,,https://www.repark.jp/parking_user/time/result/detail/?park=REP0024464&st=4&pref=13
神田美土代町第２,repark-rep0026160,,35.69257286922,139.76562344361,self_propelled,8,TRUE,,,hourly,400,12,,ハイルーフ,5000,1900,2000,2000,8,,https://www.repark.jp/parking_user/time/result/detail/?park=REP0026160&st=4&pref=13
東京逓信病院診療棟駐車場,repark-rep0014119,東京都千代田区富士見２丁目１６ー２３東京逓信病院診療棟,35.697366389886,139.74205851393,self_propelled,99,TRUE,,,hourly,400,20,,ハイルーフ,5000,1900,2000,2000,99,,https://www.repark.jp/parking_user/time/result/detail/?park=REP0014119&st=4&pref=13
内神田１丁目第４,repark-rep0027197,東京都千代田区内神田１丁目１３ー１,35.690970256234,139.76525688184,self_propelled,7,TRUE,,,hourly,330,12,,ハイルーフ,5000,1900,2000,2000,7,,https://www.repark.jp/parking_user/time/result/detail/?park=REP0027197&st=4&pref=13
神田小川町１丁目第４,repark-rep0019321,東京都千代田区神田小川町１丁目１１ー９,35.694567116001,139.76648716905,self_propelled,2,TRUE,,,hourly,400,15,,ハイルーフ,5000,1900,2000,2000,2,,https://www.repark.jp/parking_user/time/result/detail/?park=REP0019321&st=4&pref=13
神田小川町１丁目第３,repark-rep0019065,東京都千代田区神田小川町１丁目１１,35.694533788089,139.76663160359,self_propelled,2,TRUE,,,hourly,400,15,,ハイルーフ,5000,1900,2000,2000,2,,https://www.repark.jp/parking_user/time/result/detail/?park=REP0019065&st=4&pref=13
神田小川町１丁目,repark-rep0007034,東京都千代田区神田小川町１丁目１１,35.694292152398,139.76688714849,self_propelled,6,TRUE,,,hourly,330,10,,ハイルーフ,5000,1900,2000,2000,6,,https://www.repark.jp/parking_user/time/result/detail/?park=REP0007034&st=4&pref=13
一番町第３,repark-rep0016386,,35.687217456509,139.74097573718,self_propelled,1,TRUE,,,hourly,440,12,,ハイルーフ,5000,1900,2000,2000,1,,https://www.repark.jp/parking_user/time/result/detail/?park=REP0016386&st=4&pref=13
神田司町第２,repark-rep0022904,東京都千代田区神田司町２丁目１０ー６,35.69443938611,139.76845923315,self_propelled,6,TRUE,,,hourly,440,15,,ハイルーフ,5000,1900,2000,2000,6,,https://www.repark.jp/parking_user/time/result/detail/?park=REP0022904&st=4&pref=13
神田淡路町２丁目第３,repark-rep0019476,東京都千代田区神田淡路町２丁目１０,35.69703633024,139.76845355904,self_propelled,2,TRUE,,,hourly,330,10,,ハイルーフ,5000,1900,2000,2000,2,,https://www.repark.jp/parking_user/time/result/detail/?park=REP0019476&st=4&pref=13
神田多町,repark-rep0022796,東京都千代田区神田多町２丁目６,35.694344971294,139.769609142,self_propelled,3,TRUE,,,hourly,440,15,,ハイルーフ,5000,1900,2000,2000,3,,https://www.repark.jp/parking_user/time/result/detail/?park=REP0022796&st=4&pref=13
神田鍛冶町３丁目,repark-rep0018313,東京都千代田区神田鍛冶町３丁目７ー３３,35.693600620399,139.77038133514,self_propelled,1,TRUE,,,hourly,440,15,,ハイルーフ,5000,1900,2000,2000,1,,https://www.repark.jp/parking_user/time/result/detail/?park=REP0018313&st=4&pref=13
四番町第５,repark-rep0023946,,35.688881101872,139.73721486191,self_propelled,17,TRUE,,,hourly,300,15,,ハイルーフ,5000,1900,2000,2000,17,,https://www.repark.jp/parking_user/time/result/detail/?park=REP0023946&st=4&pref=13
神田須田町１丁目第６,repark-rep0027106,東京都千代田区神田須田町１丁目１６ー６,35.695397658481,139.77085621296,self_propelled,3,TRUE,,,hourly,330,15,,ハイルーフ,5000,1900,2000,2000,3,,https://www.repark.jp/parking_user/time/result/detail/?park=REP0027106&st=4&pref=13
麹町２丁目,repark-rep0012305,東京都千代田区麹町２丁目５,35.68348729988,139.74099813008,self_propelled,4,TRUE,,,hourly,550,10,,ハイルーフ,5000,1900,2000,2000,4,,https://www.repark.jp/parking_user/time/result/detail/?park=REP0012305&st=4&pref=13
四番町第４,repark-rep0023361,,35.687692338617,139.73713436833,self_propelled,14,TRUE,,,hourly,400,15,,ハイルーフ,5000,1900,2000,2000,14,,https://www.repark.jp/parking_user/time/result/detail/?park=REP0023361&st=4&pref=13
神田須田町２丁目第４,repark-rep0012941,東京都千代田区神田須田町２丁目１,35.696305903388,139.77131724385,self_propelled,3,TRUE,,,hourly,330,12,,ハイルーフ,5000,1900,2000,2000,3,,https://www.repark.jp/parking_user/time/result/detail/?park=REP0012941&st=4&pref=13
神田駅前第２,repark-rep0005719,東京都千代田区鍛冶町２丁目１－９,35.691112015631,139.77141469692,self_propelled,3,TRUE,,,hourly,400,12,,ハイルーフ,5000,1900,2000,2000,3,,https://www.repark.jp/parking_user/time/result/detail/?park=REP0005719&st=4&pref=13
五番町第３,repark-rep0026777,,35.690497564408,139.7354649328,self_propelled,1,TRUE,,,hourly,400,15,,ハイルーフ,5000,1900,2000,2000,1,,https://www.repark.jp/parking_user/time/result/detail/?park=REP0026777&st=4&pref=13
四番町第７,repark-rep0026582,,35.687367361102,139.73643166365,self_propelled,4,TRUE,,,hourly,330,15,,ハイルーフ,5000,1900,2000,2000,4,,https://www.repark.jp/parking_user/time/result/detail/?park=REP0026582&st=4&pref=13
四番町第３,repark-rep0022326,,35.687708986535,139.73620111107,self_propelled,5,TRUE,,,hourly,300,12,,ハイルーフ,5000,1900,2000,2000,5,,https://www.repark.jp/parking_user/time/result/detail/?park=REP0022326&st=4&pref=13
麹町３丁目,repark-rep0010671,東京都千代田区麹町３丁目４,35.684862101596,139.73806497637,self_propelled,6,TRUE,,,hourly,440,20,,ハイルーフ,5000,1900,2000,2000,6,,https://www.repark.jp/parking_user/time/result/detail/?park=REP0010671&st=4&pref=13
平河町１丁目,repark-rep0000717,東京都千代田区平河町１丁目６,35.682584606547,139.74031767215,self_propelled,6,TRUE,,,hourly,440,12,,ハイルーフ,5000,1900,2000,2000,6,,https://www.repark.jp/parking_user/time/result/detail/?park=REP0000717&st=4&pref=13
五番町,repark-rep0006373,,35.690242022137,139.734628903,self_propelled,2,TRUE,,,hourly,330,10,,ハイルーフ,5000,1900,2000,2000,2,,https://www.repark.jp/parking_user/time/result/detail/?park=REP0006373&st=4&pref=13
千代田区鍛冶町１丁目第５,repark-rep0026568,東京都千代田区鍛冶町１丁目９ー２０,35.690392668611,139.77256185677,self_propelled,3,TRUE,,,hourly,440,15,,ハイルーフ,5000,1900,2000,2000,3,,https://www.repark.jp/parking_user/time/result/detail/?park=REP0026568&st=4&pref=13
サピアタワー駐車場,repark-rep0004713,東京都千代田区丸の内１丁目７－１２,35.683882187175,139.76873747417,self_propelled,49,TRUE,,,hourly,400,30,,普通車,4700,1800,1500,2000,49,,https://www.repark.jp/parking_user/time/result/detail/?park=REP0004713&st=4&pref=13
外神田３丁目第２,repark-rep0009274,東京都千代田区外神田３丁目６ー１３,35.702405229017,139.77005873351,self_propelled,3,TRUE,,,hourly,440,20,,ハイルーフ,5000,1900,2000,2000,3,,https://www.repark.jp/parking_user/time/result/detail/?park=REP0009274&st=4&pref=13
外神田３丁目第３,repark-rep0010685,東京都千代田区外神田３丁目９－３,35.701905291321,139.77056427055,self_propelled,4,TRUE,,,hourly,400,15,,ハイルーフ,5000,1900,2000,2000,4,,https://www.repark.jp/parking_user/time/result/detail/?park=REP0010685&st=4&pref=13
平河町２丁目第８,repark-rep0023455,東京都千代田区平河町２丁目１１ー５,35.680929249177,139.74149542857,self_propelled,4,TRUE,,,hourly,330,15,,ハイルーフ,5000,1900,2000,2000,4,,https://www.repark.jp/parking_user/time/result/detail/?park=REP0023455&st=4&pref=13
神田須田町２丁目第５,repark-rep0018571,東京都千代田区神田須田町２丁目７ー３,35.696125404149,139.77346151808,self_propelled,3,TRUE,,,hourly,440,12,,ハイルーフ,5000,1900,2000,2000,3,,https://www.repark.jp/parking_user/time/result/detail/?park=REP0018571&st=4&pref=13
神田紺屋町第３,repark-rep0025077,,35.691467569745,139.77348395269,self_propelled,4,TRUE,,,hourly,440,15,,ハイルーフ,5000,1900,2000,2000,4,,https://www.repark.jp/parking_user/time/result/detail/?park=REP0025077&st=4&pref=13
平河町２丁目第９,repark-rep0027230,東京都千代田区平河町２丁目１０ー４,35.680926462306,139.74097047229,self_propelled,3,TRUE,,,hourly,220,20,,ハイルーフ,5000,1900,2000,2000,3,,https://www.repark.jp/parking_user/time/result/detail/?park=REP0027230&st=4&pref=13
千代田区鍛冶町１丁目第３,repark-rep0011748,東京都千代田区鍛冶町１丁目１０ー７,35.69055377674,139.77338400307,self_propelled,8,TRUE,,,hourly,440,15,,ハイルーフ,5000,1900,2000,2000,8,,https://www.repark.jp/parking_user/time/result/detail/?park=REP0011748&st=4&pref=13
六番町第６,repark-rep0015329,,35.687267341284,139.73468459135,self_propelled,5,TRUE,,,hourly,330,20,,ハイルーフ,5000,1900,2000,2000,5,,https://www.repark.jp/parking_user/time/result/detail/?park=REP0015329&st=4&pref=13
神田紺屋町第２,repark-rep0024392,,35.693131291756,139.77411160196,self_propelled,2,TRUE,,,hourly,300,15,,ハイルーフ,5000,1900,2000,2000,2,,https://www.repark.jp/parking_user/time/result/detail/?park=REP0024392&st=4&pref=13
神田須田町２丁目第３,repark-rep0006733,東京都千代田区神田須田町２丁目９番,35.695875443451,139.77418091484,self_propelled,2,TRUE,,,hourly,440,15,,ハイルーフ,5000,1900,2000,2000,2,,https://www.repark.jp/parking_user/time/result/detail/?park=REP0006733&st=4&pref=13
神田東松下町第２,repark-rep0018771,,35.694606138225,139.77435318098,self_propelled,3,TRUE,,,hourly,330,12,,ハイルーフ,5000,1900,2000,2000,3,,https://www.repark.jp/parking_user/time/result/detail/?park=REP0018771&st=4&pref=13
二番町第４,repark-rep0020080,,35.685603636737,139.73505685904,self_propelled,4,TRUE,,,hourly,440,15,,ハイルーフ,5000,1900,2000,2000,4,,https://www.repark.jp/parking_user/time/result/detail/?park=REP0020080&st=4&pref=13
外神田６丁目第３,repark-rep0007659,東京都千代田区外神田６丁目１１ー１１,35.704502244571,139.77108077507,self_propelled,1,TRUE,,,hourly,330,15,,ハイルーフ,5000,1900,2000,2000,1,,https://www.repark.jp/parking_user/time/result/detail/?park=REP0007659&st=4&pref=13
外神田５丁目第２,repark-rep0018584,東京都千代田区外神田５丁目１ー１４,35.703044090505,139.77245295026,self_propelled,4,TRUE,,,hourly,440,12,,ハイルーフ,5000,1900,2000,2000,4,,https://www.repark.jp/parking_user/time/result/detail/?park=REP0018584&st=4&pref=13
六番町第５,repark-rep0010355,,35.686531278061,139.73291254941,self_propelled,2,TRUE,,,hourly,330,15,,ハイルーフ,5000,1900,2000,2000,2,,https://www.repark.jp/parking_user/time/result/detail/?park=REP0010355&st=4&pref=13
岩本町２丁目第７,repark-rep0016923,東京都千代田区岩本町２丁目１ー１２,35.692411959793,139.77617813046,self_propelled,8,TRUE,,,hourly,330,10,,ハイルーフ,5000,1900,2000,2000,8,,https://www.repark.jp/parking_user/time/result/detail/?park=REP0016923&st=4&pref=13
岩本町２丁目第９,repark-rep0027500,東京都千代田区岩本町２丁目６ー７,35.693781261775,139.77637527303,self_propelled,5,TRUE,,,hourly,330,15,,ハイルーフ,5000,1900,2000,2000,5,,https://www.repark.jp/parking_user/time/result/detail/?park=REP0027500&st=4&pref=13
麹町弘済ビルディング駐車場,repark-rep0027358,東京都千代田区麹町５丁目１番４号麹町弘済ビルディング,35.683728822279,139.73419868364,self_propelled,8,FALSE,,,hourly,600,20,,一般,5300,2500,2300,2000,8,,https://www.repark.jp/parking_user/time/result/detail/?park=REP0027358&st=4&pref=13
麹町６丁目心法寺,repark-rep0013117,東京都千代田区麹町６丁目４ー１,35.685509164824,139.7329375944,self_propelled,3,TRUE,,,hourly,550,15,,ハイルーフ,5000,1900,2000,2000,3,,https://www.repark.jp/parking_user/time/result/detail/?park=REP0013117&st=4&pref=13
岩本町３丁目,repark-rep0023457,東京都千代田区岩本町３丁目３ー１５,35.69475338193,139.77649744013,self_propelled,3,TRUE,,,hourly,330,12,,ハイルーフ,5000,1900,2000,2000,3,,https://www.repark.jp/parking_user/time/result/detail/?park=REP0023457&st=4&pref=13
神田佐久間町２丁目,repark-rep0008123,東京都千代田区神田佐久間町２丁目１１ー１,35.697608628133,139.77630288081,self_propelled,9,TRUE,,,hourly,440,12,,ハイルーフ,5000,1900,2000,2000,9,,https://www.repark.jp/parking_user/time/result/detail/?park=REP0008123&st=4&pref=13
神田佐久間町２丁目第２,repark-rep0008124,東京都千代田区神田佐久間町２丁目１１,35.697594746246,139.77662507669,self_propelled,6,TRUE,,,hourly,440,15,,ハイルーフ,5000,1900,2000,2000,6,,https://www.repark.jp/parking_user/time/result/detail/?park=REP0008124&st=4&pref=13
神田和泉町第４,repark-rep0019666,,35.699763950589,139.77613057387,self_propelled,5,TRUE,,,hourly,330,15,,ハイルーフ,5000,1900,2000,2000,5,,https://www.repark.jp/parking_user/time/result/detail/?park=REP0019666&st=4&pref=13
岩本町２丁目第４,repark-rep0010733,東京都千代田区岩本町２丁目１５ー６,35.694631192018,139.77758624433,self_propelled,4,TRUE,,,hourly,440,12,,ハイルーフ,5000,1900,2000,2000,4,,https://www.repark.jp/parking_user/time/result/detail/?park=REP0010733&st=4&pref=13
神田佐久間町２丁目第３,repark-rep0008650,東京都千代田区神田佐久間町２丁目２５ー２,35.698689083461,139.77715553824,self_propelled,4,TRUE,,,hourly,440,12,,ハイルーフ,5000,1900,2000,2000,4,,https://www.repark.jp/parking_user/time/result/detail/?park=REP0008650&st=4&pref=13
岩本町２丁目第３,repark-rep0010035,東京都千代田区岩本町２丁目１７,35.693597977654,139.77810847053,self_propelled,3,TRUE,,,hourly,330,15,,ハイルーフ,5000,1900,2000,2000,3,,https://www.repark.jp/parking_user/time/result/detail/?park=REP0010035&st=4&pref=13
岩本町２丁目第５,repark-rep0012161,東京都千代田区岩本町２丁目１６ー１８,35.694042381184,139.77845564424,self_propelled,5,TRUE,,,hourly,330,12,,ハイルーフ,5000,1900,2000,2000,5,,https://www.repark.jp/parking_user/time/result/detail/?park=REP0012161&st=4&pref=13
東京ミッドタウン日比谷駐車場,repark-rep0019042,東京都千代田区有楽町１丁目１ー３,35.673794201571,139.75868321868,self_propelled,290,FALSE,,,hourly,400,30,,一般,5300,1900,2100,2300,290,,https://www.repark.jp/parking_user/time/result/detail/?park=REP0019042&st=4&pref=13
三井記念病院駐車場,repark-rep0007419,,35.700230617403,139.77897753795,self_propelled,105,FALSE,,,hourly,200,10,,ハイルーフ,5300,2050,2000,2300,105,,https://www.repark.jp/parking_user/time/result/detail/?park=REP0007419&st=4&pref=13
日比谷駅前,repark-rep0027742,東京都千代田区有楽町２丁目３ー２,35.673044329324,139.76140524915,self_propelled,3,TRUE,,,hourly,550,15,,ハイルーフ,5000,1900,2000,2000,3,,https://www.repark.jp/parking_user/time/result/detail/?park=REP0027742&st=4&pref=13
新霞が関ビル駐車場,repark-rep0019228,東京都千代田区霞が関３丁目３ー２,35.671935850931,139.74635099443,self_propelled,34,FALSE,,,hourly,300,30,,ハイルーフ,5000,1900,2000,2000,34,,https://www.repark.jp/parking_user/time/result/detail/?park=REP0019228&st=4&pref=13
霞が関ビル駐車場,repark-rep0005562,東京都千代田区霞が関３丁目２番５号霞が関ビルディング,35.671594234085,139.74707317319,self_propelled,185,FALSE,,,hourly,300,30,,ハイルーフ,5300,2200,2000,4000,185,,https://www.repark.jp/parking_user/time/result/detail/?park=REP0005562&st=4&pref=13
東神田２丁目,repark-rep0006449,東京都千代田区東神田２丁目９－１０,35.696250533451,139.78163027891,self_propelled,2,TRUE,,,hourly,330,12,,ハイルーフ,5000,1900,2000,2000,2,,https://www.repark.jp/parking_user/time/result/detail/?park=REP0006449&st=4&pref=13
東神田３丁目第２,repark-rep0021291,東京都千代田区東神田３丁目４ー９,35.697080998634,139.78151636113,self_propelled,2,TRUE,,,hourly,440,20,,ハイルーフ,5000,1900,2000,2000,2,,https://www.repark.jp/parking_user/time/result/detail/?park=REP0021291&st=4&pref=13
東神田３丁目第３,repark-rep0027799,東京都千代田区東神田３丁目６ー１０,35.697275443377,139.78274958276,self_propelled,2,TRUE,,,hourly,330,15,,ハイルーフ,5000,1900,2000,2000,2,,https://www.repark.jp/parking_user/time/result/detail/?park=REP0027799&st=4&pref=13
銀座２丁目第４,repark-rep0010047,東京都中央区銀座２丁目１６ー７,35.670636417057,139.77080457942,self_propelled,3,TRUE,,,hourly,440,12,,ハイルーフ,5000,1900,2000,2000,3,,https://www.repark.jp/parking_user/time/result/detail/?park=REP0010047&st=4&pref=13
銀座１丁目第８,repark-rep0023318,東京都中央区銀座１丁目２１ー１３,35.67250565984,139.7706739482,self_propelled,4,TRUE,,,hourly,440,12,,ハイルーフ,5000,1900,2000,2000,4,,https://www.repark.jp/parking_user/time/result/detail/?park=REP0023318&st=4&pref=13
築地２丁目第６,repark-rep0013826,東京都中央区築地２丁目１２ー１２,35.668122809288,139.77151296933,self_propelled,2,TRUE,,,hourly,110,60,,ハイルーフ,5000,1900,2000,2000,2,,https://www.repark.jp/parking_user/time/result/detail/?park=REP0013826&st=4&pref=13
新富１丁目第２,repark-rep0012632,東京都中央区新富１丁目１２ー８,35.673097330137,139.77454304463,self_propelled,3,TRUE,,,hourly,440,15,,ハイルーフ,5000,1900,2000,2000,3,,https://www.repark.jp/parking_user/time/result/detail/?park=REP0012632&st=4&pref=13
築地３丁目第２,repark-rep0028377,東京都中央区築地３丁目１１ー４,35.667322914786,139.77265457836,self_propelled,9,TRUE,,,hourly,440,12,,ハイルーフ,5000,1900,2000,2000,9,,https://www.repark.jp/parking_user/time/result/detail/?park=REP0028377&st=4&pref=13
入船３丁目第２,repark-rep0015837,東京都中央区入船３丁目６ー１３,35.671089243121,139.77632909976,self_propelled,3,TRUE,,,hourly,440,15,,ハイルーフ,5000,1900,2000,2000,3,,https://www.repark.jp/parking_user/time/result/detail/?park=REP0015837&st=4&pref=13
銀座４丁目第４,repark-rep0020017,東京都中央区銀座４丁目１０ー６,35.670186403915,139.76729655848,self_propelled,1,TRUE,,,hourly,440,12,,ハイルーフ,5000,1900,2000,2000,1,,https://www.repark.jp/parking_user/time/result/detail/?park=REP0020017&st=4&pref=13
入船３丁目第３,repark-rep0022438,東京都中央区入船３丁目７ー１０,35.670847614581,139.77705127291,self_propelled,5,TRUE,,,hourly,330,12,,ハイルーフ,5000,1900,2000,2000,5,,https://www.repark.jp/parking_user/time/result/detail/?park=REP0022438&st=4&pref=13
八丁堀４丁目,repark-rep0009817,東京都中央区八丁堀４丁目３ー１,35.674569382294,139.77377637351,self_propelled,6,TRUE,,,hourly,330,12,,ハイルーフ,5000,1900,2000,2000,6,,https://www.repark.jp/parking_user/time/result/detail/?park=REP0009817&st=4&pref=13
築地６丁目第３,repark-rep0026175,東京都中央区築地６丁目１ー２,35.666061948607,139.77322403313,self_propelled,3,TRUE,,,hourly,440,12,,ハイルーフ,5000,1900,2000,2000,3,,https://www.repark.jp/parking_user/time/result/detail/?park=REP0026175&st=4&pref=13
銀座５丁目,repark-rep0002007,東京都中央区銀座５丁目１４,35.668469911616,139.76673001757,self_propelled,2,TRUE,,,hourly,110,20,,ハイルーフ,5000,1900,2000,2000,2,,https://www.repark.jp/parking_user/time/result/detail/?park=REP0002007&st=4&pref=13
銀座越後屋ビル駐車場,repark-rep0006225,東京都中央区銀座２丁目６番地銀座越後屋ビル,35.673799903257,139.7671158511,self_propelled,30,FALSE,,,hourly,300,30,,ハイルーフ,5300,2000,2000,2300,30,,https://www.repark.jp/parking_user/time/result/detail/?park=REP0006225&st=4&pref=13
入船１丁目第２,repark-rep0024968,東京都中央区入船１丁目６ー７,35.673014062614,139.7777816685,self_propelled,4,TRUE,,,hourly,330,12,,ハイルーフ,5000,1900,2000,2000,4,,https://www.repark.jp/parking_user/time/result/detail/?park=REP0024968&st=4&pref=13
八丁堀３丁目第４,repark-rep0023116,東京都中央区八丁堀３丁目１６ー１１,35.675358217096,139.77550397172,self_propelled,2,TRUE,,,hourly,330,15,,ハイルーフ,5000,1900,2000,2000,2,,https://www.repark.jp/parking_user/time/result/detail/?park=REP0023116&st=4&pref=13
銀座東駐車場,repark-rep0005954,東京都中央区銀座６丁目１７番１号,35.667181158086,139.76659397721,self_propelled,57,TRUE,,,hourly,230,30,,一般,6200,2100,2100,3000,57,,https://www.repark.jp/parking_user/time/result/detail/?park=REP0005954&st=4&pref=13
銀座Ｖｅｌｖｉａ館駐車場,repark-rep0004366,東京都中央区銀座２丁目４－６,35.674016537673,139.76657699687,self_propelled,51,FALSE,,,hourly,400,30,,普通車,5300,1950,1550,2300,51,,https://www.repark.jp/parking_user/time/result/detail/?park=REP0004366&st=4&pref=13
入船１丁目,repark-rep0009173,東京都中央区入船１丁目７ー６,35.672986300489,139.77852049742,self_propelled,3,TRUE,,,hourly,330,15,,ハイルーフ,5000,1900,2000,2000,3,,https://www.repark.jp/parking_user/time/result/detail/?park=REP0009173&st=4&pref=13
中央区湊３丁目第２,repark-rep0008792,東京都中央区湊３丁目１０ー１１,35.670114396976,139.7791677979,self_propelled,8,TRUE,,,hourly,330,12,,ハイルーフ,5000,1900,2000,2000,8,,https://www.repark.jp/parking_user/time/result/detail/?park=REP0008792&st=4&pref=13
読売並木通りビル駐車場,repark-rep0019560,東京都中央区銀座３丁目３ー１８,35.673186056142,139.76575488139,self_propelled,46,FALSE,,,hourly,400,30,,ハイルーフ,5300,1950,2000,2500,46,,https://www.repark.jp/parking_user/time/result/detail/?park=REP0019560&st=4&pref=13
京橋２丁目,repark-rep0002365,東京都中央区京橋２丁目６－３９,35.676435810282,139.77157924804,self_propelled,4,TRUE,,,hourly,550,10,,ハイルーフ,5000,1900,2000,2000,4,,https://www.repark.jp/parking_user/time/result/detail/?park=REP0002365&st=4&pref=13
銀座６丁目第５,repark-rep0013118,東京都中央区銀座６丁目１７ー２,35.667314466542,139.76600513097,self_propelled,5,TRUE,,,hourly,110,30,,ハイルーフ,5000,1900,2000,2000,5,,https://www.repark.jp/parking_user/time/result/detail/?park=REP0013118&st=4&pref=13
築地７丁目第３,repark-rep0028027,東京都中央区築地７丁目１５ー５,35.6650259816,139.77512392304,self_propelled,2,TRUE,,,hourly,330,15,,ハイルーフ,5000,1900,2000,2000,2,,https://www.repark.jp/parking_user/time/result/detail/?park=REP0028027&st=4&pref=13
築地７丁目第２,repark-rep0013392,東京都中央区築地７丁目１７ー７,35.665184308369,139.77567942562,self_propelled,3,TRUE,,,hourly,330,20,,ハイルーフ,5000,1900,2000,2000,3,,https://www.repark.jp/parking_user/time/result/detail/?park=REP0013392&st=4&pref=13
銀座並木通りビル駐車場,repark-rep0022623,東京都中央区銀座２丁目３ー６,35.674363713417,139.76605480225,self_propelled,34,FALSE,,,hourly,300,30,,普通車,5300,2050,1550,2200,34,,https://www.repark.jp/parking_user/time/result/detail/?park=REP0022623&st=4&pref=13
聖路加ガーデン駐車場,repark-rep0017344,,35.667014713628,139.77831523343,self_propelled,72,FALSE,,,hourly,400,20,,一般,5300,1900,2100,2500,72,,https://www.repark.jp/parking_user/time/result/detail/?park=REP0017344&st=4&pref=13
京橋１丁目第４,repark-rep0012269,東京都中央区京橋１丁目１９ー２,35.676763589318,139.77364572833,self_propelled,3,TRUE,,,hourly,440,10,,ハイルーフ,5000,1900,2000,2000,3,,https://www.repark.jp/parking_user/time/result/detail/?park=REP0012269&st=4&pref=13
築地場外臨時駐車場第３,repark-rep0029060,東京都中央区築地６丁目２０ー６,35.66420657668,139.77234363668,self_propelled,39,TRUE,,,hourly,200,30,,ハイルーフ,5000,1900,2000,2000,39,,https://www.repark.jp/parking_user/time/result/detail/?park=REP0029060&st=4&pref=13
八丁堀２丁目第５,repark-rep0016922,東京都中央区八丁堀２丁目２ー１１,35.676719165304,139.77451787994,self_propelled,12,TRUE,,,hourly,440,15,,ハイルーフ,5000,1900,2000,2000,12,,https://www.repark.jp/parking_user/time/result/detail/?park=REP0016922&st=4&pref=13
八丁堀２丁目第４,repark-rep0012827,東京都中央区八丁堀２丁目１８ー３,35.676102598554,139.77648163425,self_propelled,1,TRUE,,,hourly,330,12,,ハイルーフ,5000,1900,2000,2000,1,,https://www.repark.jp/parking_user/time/result/detail/?park=REP0012827&st=4&pref=13
ギンザ・グラッセ駐車場,repark-rep0005023,東京都中央区銀座３丁目２番１５号ギンザ・グラッセ,35.673091600801,139.7645272097,self_propelled,27,FALSE,,,hourly,400,30,,普通車,5300,2000,1550,2300,27,,https://www.repark.jp/parking_user/time/result/detail/?park=REP0005023&st=4&pref=13
銀座昭和通り第２,repark-rep0028130,東京都中央区銀座７丁目１３ー８,35.667825494548,139.76438302016,self_propelled,19,TRUE,,,hourly,440,15,,ハイルーフ,5000,1900,2000,2000,19,,https://www.repark.jp/parking_user/time/result/detail/?park=REP0028130&st=4&pref=13
銀座昭和通り,repark-rep0028129,東京都中央区銀座７丁目１３ー８,35.66791714471,139.76398027139,self_propelled,34,TRUE,,,hourly,440,15,,ハイルーフ,5000,1900,2000,2000,34,,https://www.repark.jp/parking_user/time/result/detail/?park=REP0028129&st=4&pref=13
交詢ビルディング,repark-rep0002928,東京都中央区銀座６丁目８－７,35.670128003272,139.76306635648,self_propelled,78,FALSE,,,hourly,400,30,,普通車,5300,1950,1550,2300,78,,https://www.repark.jp/parking_user/time/result/detail/?park=REP0002928&st=4&pref=13
ギンザコマツ駐車場,repark-rep0008204,東京都中央区銀座６丁目９ー５ギンザコマツ,35.670447411118,139.76295246223,self_propelled,54,FALSE,,,hourly,300,30,,普通車,5300,1900,1550,2300,54,,https://www.repark.jp/parking_user/time/result/detail/?park=REP0008204&st=4&pref=13
銀座三井ビルディング,repark-rep0003429,東京都中央区銀座８丁目１３－１,35.667161664278,139.76368033108,self_propelled,113,TRUE,,,hourly,400,30,,普通車,5300,2050,1550,2500,113,,https://www.repark.jp/parking_user/time/result/detail/?park=REP0003429&st=4&pref=13
銀座７丁目第１１,repark-rep0020708,東京都中央区銀座７丁目７ー７,35.669247525487,139.76215258391,self_propelled,2,TRUE,,,hourly,550,10,,ハイルーフ,5000,1900,2000,2000,2,,https://www.repark.jp/parking_user/time/result/detail/?park=REP0020708&st=4&pref=13
八重洲ダイビル駐車場,repark-rep0027613,東京都中央区京橋１丁目１ー１,35.679146616872,139.77075141397,self_propelled,20,FALSE,,,hourly,400,30,,一般,5600,2050,2100,2600,20,,https://www.repark.jp/parking_user/time/result/detail/?park=REP0027613&st=4&pref=13
新川２丁目第７,repark-rep0002919,東京都中央区新川２丁目２１－２０,35.674302881828,139.78167850752,self_propelled,3,TRUE,,,hourly,330,12,,ハイルーフ,5000,1900,2000,2000,3,,https://www.repark.jp/parking_user/time/result/detail/?park=REP0002919&st=4&pref=13
日本橋兜町第５,repark-rep0011623,,35.678544000294,139.77624543044,self_propelled,8,TRUE,,,hourly,330,10,,ハイルーフ,5000,1900,2000,2000,8,,https://www.repark.jp/parking_user/time/result/detail/?park=REP0011623&st=4&pref=13
銀座７丁目第１２,repark-rep0027869,東京都中央区銀座７丁目６ー１４,35.669508596026,139.76137763625,self_propelled,9,TRUE,,,hourly,550,10,,ハイルーフ,5000,1900,2000,2000,9,,https://www.repark.jp/parking_user/time/result/detail/?park=REP0027869&st=4&pref=13
新川２丁目第１３,repark-rep0013786,東京都中央区新川２丁目２６ー１１,35.673830731968,139.78291731538,self_propelled,2,TRUE,,,hourly,330,15,,ハイルーフ,5000,1900,2000,2000,2,,https://www.repark.jp/parking_user/time/result/detail/?park=REP0013786&st=4&pref=13
新川２丁目第１０,repark-rep0008200,東京都中央区新川２丁目２３ー１３,35.674380668392,139.78264509067,self_propelled,3,TRUE,,,hourly,330,15,,ハイルーフ,5000,1900,2000,2000,3,,https://www.repark.jp/parking_user/time/result/detail/?park=REP0008200&st=4&pref=13
茅場町２丁目第２,repark-rep0002403,東京都中央区日本橋茅場町２丁目１１－７,35.678085768481,139.77928964272,self_propelled,7,TRUE,,,hourly,440,15,,ハイルーフ,5000,1900,2000,2000,7,,https://www.repark.jp/parking_user/time/result/detail/?park=REP0002403&st=4&pref=13
月島１丁目第３,repark-rep0006503,東京都中央区月島１丁目１８－３,35.664759461905,139.78186782024,self_propelled,3,TRUE,,,hourly,440,12,,ハイルーフ,5000,1900,2000,2000,3,,https://www.repark.jp/parking_user/time/result/detail/?park=REP0006503&st=4&pref=13
月島１丁目第５,repark-rep0026932,東京都中央区月島１丁目２１ー９,35.664026194062,139.78116513436,self_propelled,2,TRUE,,,hourly,440,12,,ハイルーフ,5000,1900,2000,2000,2,,https://www.repark.jp/parking_user/time/result/detail/?park=REP0026932&st=4&pref=13
新川２丁目第１２,repark-rep0010157,東京都中央区新川２丁目１６ー３,35.675152813964,139.78299780282,self_propelled,2,TRUE,,,hourly,330,15,,ハイルーフ,5000,1900,2000,2000,2,,https://www.repark.jp/parking_user/time/result/detail/?park=REP0010157&st=4&pref=13
新川２丁目第２,repark-rep0001548,東京都中央区新川２丁目２５－７,35.674336243572,139.78352835236,self_propelled,6,TRUE,,,hourly,330,15,,ハイルーフ,5000,1900,2000,2000,6,,https://www.repark.jp/parking_user/time/result/detail/?park=REP0001548&st=4&pref=13
日本橋３丁目第３,repark-rep0025273,東京都中央区日本橋３丁目２ー１７,35.680599243524,139.77098188394,self_propelled,1,TRUE,,,hourly,440,10,,ハイルーフ,5000,1900,2000,2000,1,,https://www.repark.jp/parking_user/time/result/detail/?park=REP0025273&st=4&pref=13
銀座８丁目第３,repark-rep0016322,東京都中央区銀座８丁目２ー１２,35.669483566343,139.75952501326,self_propelled,3,TRUE,,,hourly,440,15,,ハイルーフ,5000,1900,2000,2000,3,,https://www.repark.jp/parking_user/time/result/detail/?park=REP0016322&st=4&pref=13
中央区佃２丁目第２,repark-rep0010195,東京都中央区佃２丁目８ー８,35.666334324215,139.78362871248,self_propelled,2,TRUE,,,hourly,330,15,,ハイルーフ,5000,1900,2000,2000,2,,https://www.repark.jp/parking_user/time/result/detail/?park=REP0010195&st=4&pref=13
新川１丁目第２,repark-rep0011831,東京都中央区新川１丁目６ー１６,35.677508092811,139.78155337032,self_propelled,3,TRUE,,,hourly,330,12,,ハイルーフ,5000,1900,2000,2000,3,,https://www.repark.jp/parking_user/time/result/detail/?park=REP0011831&st=4&pref=13
大川端駐車場,repark-rep0009503,東京都中央区佃１丁目１１ー８,35.669870077209,139.78478400873,self_propelled,46,FALSE,,,hourly,300,25,,一般,5000,1900,2500,2000,46,,https://www.repark.jp/parking_user/time/result/detail/?park=REP0009503&st=4&pref=13
中央区佃２丁目第３,repark-rep0020790,東京都中央区佃２丁目４ー８,35.667220349711,139.78415918263,self_propelled,9,TRUE,,,hourly,330,15,,ハイルーフ,5000,1900,2000,2000,9,,https://www.repark.jp/parking_user/time/result/detail/?park=REP0020790&st=4&pref=13
茅場町２丁目第５,repark-rep0026227,東京都中央区日本橋茅場町２丁目１５ー４,35.678769052005,139.78058394777,self_propelled,7,TRUE,,,hourly,330,15,,ハイルーフ,5000,1900,2000,2000,7,,https://www.repark.jp/parking_user/time/result/detail/?park=REP0026227&st=4&pref=13
月島３丁目第５,repark-rep0008092,東京都中央区月島３丁目７ー４,35.662631898616,139.78113186833,self_propelled,1,TRUE,,,hourly,440,12,,ハイルーフ,5000,1900,2000,2000,1,,https://www.repark.jp/parking_user/time/result/detail/?park=REP0008092&st=4&pref=13
月島１丁目第６,repark-rep0028775,東京都中央区月島１丁目２７‐１２,35.663254071388,139.78212342333,self_propelled,3,TRUE,,,hourly,440,12,,ハイルーフ,5000,1900,2000,2000,3,,https://www.repark.jp/parking_user/time/result/detail/?park=REP0028775&st=4&pref=13
月島１丁目第４,repark-rep0008684,東京都中央区月島１丁目２６ー９,35.663456832212,139.78238172654,self_propelled,2,TRUE,,,hourly,440,12,,ハイルーフ,5000,1900,2000,2000,2,,https://www.repark.jp/parking_user/time/result/detail/?park=REP0008684&st=4&pref=13
リバーシティＭ‐ＳＱＵＡＲＥ駐車場,repark-rep0027002,東京都中央区佃２丁目１ー６リバーシティＭーＳＱＵＡＲＥ,35.669303485513,139.78562563192,self_propelled,5,FALSE,,,hourly,300,15,,ハイルーフ,5000,1900,2000,2000,5,,https://www.repark.jp/parking_user/time/result/detail/?park=REP0027002&st=4&pref=13
月島３丁目第７,repark-rep0010065,東京都中央区月島３丁目１２ー７,35.662231942657,139.78120410275,self_propelled,3,TRUE,,,hourly,440,12,,ハイルーフ,5000,1900,2000,2000,3,,https://www.repark.jp/parking_user/time/result/detail/?park=REP0010065&st=4&pref=13
コーシャタワー佃,repark-rep0023948,東京都中央区佃２丁目２ー１１,35.667984188497,139.78596177575,self_propelled,14,TRUE,,,hourly,300,30,,一般,5000,1900,2100,2000,14,,https://www.repark.jp/parking_user/time/result/detail/?park=REP0023948&st=4&pref=13
月島４丁目第６,repark-rep0026734,東京都中央区月島４丁目１４ー１,35.661379251205,139.78093749715,self_propelled,2,TRUE,,,hourly,330,20,,ハイルーフ,5000,1900,2000,2000,2,,https://www.repark.jp/parking_user/time/result/detail/?park=REP0026734&st=4&pref=13
月島４丁目第２,repark-rep0014215,東京都中央区月島４丁目１４ー８,35.660909855471,139.78082641699,self_propelled,2,TRUE,,,hourly,330,12,,ハイルーフ,5000,1900,2000,2000,2,,https://www.repark.jp/parking_user/time/result/detail/?park=REP0014215&st=4&pref=13
日本橋小網町第８,repark-rep0011143,,35.681329910342,139.78180039583,self_propelled,20,TRUE,,,hourly,330,12,,ハイルーフ,5000,1900,2000,2000,20,,https://www.repark.jp/parking_user/time/result/detail/?park=REP0011143&st=4&pref=13
月島４丁目第５,repark-rep0020752,東京都中央区月島４丁目１９ー１１,35.659418354457,139.78119589999,self_propelled,2,TRUE,,,hourly,330,15,,ハイルーフ,5000,1900,2000,2000,2,,https://www.repark.jp/parking_user/time/result/detail/?park=REP0020752&st=4&pref=13
日本橋箱崎町第１０,repark-rep0022534,,35.680049526468,139.78381417654,self_propelled,3,TRUE,,,hourly,330,15,,ハイルーフ,5000,1900,2000,2000,3,,https://www.repark.jp/parking_user/time/result/detail/?park=REP0022534&st=4&pref=13
日本橋小網町第４,repark-rep0007709,,35.681216041333,139.78224758593,self_propelled,30,TRUE,,,hourly,300,12,,ハイルーフ,5000,1900,2000,2000,30,,https://www.repark.jp/parking_user/time/result/detail/?park=REP0007709&st=4&pref=13
勝どき４丁目第７,repark-rep0021559,東京都中央区勝どき４丁目８ー１３,35.656874081458,139.77546315924,self_propelled,8,TRUE,,,hourly,440,15,,ハイルーフ,5000,1900,2000,2000,8,,https://www.repark.jp/parking_user/time/result/detail/?park=REP0021559&st=4&pref=13
勝どき４丁目第６,repark-rep0012034,東京都中央区勝どき４丁目１３ー６,35.656582439958,139.7750798715,self_propelled,5,TRUE,,,hourly,440,15,,ハイルーフ,5000,1900,2000,2000,5,,https://www.repark.jp/parking_user/time/result/detail/?park=REP0012034&st=4&pref=13
日本橋蛎殻町１丁目第８,repark-rep0027315,東京都中央区日本橋蛎殻町１丁目１８ー１１,35.682090964051,139.78318080214,self_propelled,18,TRUE,,,hourly,330,15,,ハイルーフ,5000,1900,2000,2000,18,,https://www.repark.jp/parking_user/time/result/detail/?park=REP0027315&st=4&pref=13
日本橋室町１丁目第５,repark-rep0023463,東京都中央区日本橋室町１丁目１０ー１１,35.685187720379,139.77548407575,self_propelled,4,TRUE,,,hourly,330,10,,ハイルーフ,5000,1900,2000,2000,4,,https://www.repark.jp/parking_user/time/result/detail/?park=REP0023463&st=4&pref=13
日本橋蛎殻町１丁目第５,repark-rep0008068,東京都中央区日本橋蛎殻町１丁目３８ー３,35.682827021259,139.78460842669,self_propelled,3,TRUE,,,hourly,330,15,,ハイルーフ,5000,1900,2000,2000,3,,https://www.repark.jp/parking_user/time/result/detail/?park=REP0008068&st=4&pref=13
日本橋人形町１丁目第５,repark-rep0026365,東京都中央区日本橋人形町１丁目２ー１３,35.685101716338,139.78108083791,self_propelled,2,TRUE,,,hourly,440,12,,ハイルーフ,5000,1900,2000,2000,2,,https://www.repark.jp/parking_user/time/result/detail/?park=REP0026365&st=4&pref=13
日本橋人形町１丁目第４,repark-rep0016226,東京都中央区日本橋人形町１丁目７ー４,35.685060075916,139.78234740064,self_propelled,3,TRUE,,,hourly,440,20,,ハイルーフ,5000,1900,2000,2000,3,,https://www.repark.jp/parking_user/time/result/detail/?park=REP0016226&st=4&pref=13
日本橋本町２丁目第４,repark-rep0009814,東京都中央区日本橋本町２丁目４ー１２,35.687018088217,139.77592006726,self_propelled,7,TRUE,,,hourly,440,12,,ハイルーフ,5000,1900,2000,2000,7,,https://www.repark.jp/parking_user/time/result/detail/?park=REP0009814&st=4&pref=13
日本橋人形町１丁目,repark-rep0003134,東京都中央区日本橋人形町１丁目１６,35.684518490211,139.78362787523,self_propelled,3,TRUE,,,hourly,440,15,,ハイルーフ,5000,1900,2000,2000,3,,https://www.repark.jp/parking_user/time/result/detail/?park=REP0003134&st=4&pref=13
日本橋人形町３丁目第７,repark-rep0028816,東京都中央区日本橋人形町３丁目４‐１,35.685854412034,139.78097803378,self_propelled,7,TRUE,,,hourly,330,12,,ハイルーフ,5000,1900,2000,2000,7,,https://www.repark.jp/parking_user/time/result/detail/?park=REP0028816&st=4&pref=13
日本橋小舟町第５,repark-rep0008555,,35.686707053617,139.77838932051,self_propelled,3,TRUE,,,hourly,330,12,,ハイルーフ,5000,1900,2000,2000,3,,https://www.repark.jp/parking_user/time/result/detail/?park=REP0008555&st=4&pref=13
日本橋人形町３丁目第４,repark-rep0021117,東京都中央区日本橋人形町３丁目４ー１６,35.68587107858,139.78111135494,self_propelled,1,TRUE,,,hourly,440,12,,ハイルーフ,5000,1900,2000,2000,1,,https://www.repark.jp/parking_user/time/result/detail/?park=REP0021117&st=4&pref=13
コレド室町テラス駐車場,repark-rep0021535,東京都中央区日本橋室町３丁目２－１,35.687645728754,139.77195092299,self_propelled,295,FALSE,,,hourly,200,60,,ハイルーフ,5300,1900,2000,2500,295,,https://www.repark.jp/parking_user/time/result/detail/?park=REP0021535&st=4&pref=13
晴海２丁目第２,repark-rep0026818,東京都中央区晴海２丁目２ー５８,35.658224139464,139.78705102371,self_propelled,36,TRUE,,,hourly,220,15,,ハイルーフ,5000,1900,2000,2000,36,,https://www.repark.jp/parking_user/time/result/detail/?park=REP0026818&st=4&pref=13
日本橋人形町３丁目第６,repark-rep0027838,東京都中央区日本橋人形町３丁目５ー９,35.686593224144,139.78110021162,self_propelled,6,TRUE,,,hourly,330,12,,ハイルーフ,5000,1900,2000,2000,6,,https://www.repark.jp/parking_user/time/result/detail/?park=REP0027838&st=4&pref=13
日本橋人形町２丁目第９,repark-rep0027144,東京都中央区日本橋人形町２丁目４ー５,35.68573224759,139.78352504988,self_propelled,5,TRUE,,,hourly,330,15,,ハイルーフ,5000,1900,2000,2000,5,,https://www.repark.jp/parking_user/time/result/detail/?park=REP0027144&st=4&pref=13
日本橋蛎殻町２丁目,repark-rep0005972,東京都中央区日本橋蛎殻町２丁目１２－７,35.68414358203,139.7865887576,self_propelled,3,TRUE,,,hourly,330,20,,ハイルーフ,5000,1900,2000,2000,3,,https://www.repark.jp/parking_user/time/result/detail/?park=REP0005972&st=4&pref=13
日本橋人形町２丁目第５,repark-rep0005324,東京都中央区日本橋人形町２丁目６－８,35.686357170753,139.78295284663,self_propelled,4,TRUE,,,hourly,330,12,,ハイルーフ,5000,1900,2000,2000,4,,https://www.repark.jp/parking_user/time/result/detail/?park=REP0005324&st=4&pref=13
晴海４丁目,repark-rep0028663,東京都中央区晴海４丁目１ー１１,35.654305022381,139.7817683099,self_propelled,26,TRUE,,,hourly,400,20,,ハイルーフ,5000,1900,2000,2000,26,,https://www.repark.jp/parking_user/time/result/detail/?park=REP0028663&st=4&pref=13
日本橋堀留町１丁目第４,repark-rep0004891,東京都中央区日本橋堀留町１丁目５－６,35.687734737869,139.77937252454,self_propelled,3,TRUE,,,hourly,440,12,,ハイルーフ,5000,1900,2000,2000,3,,https://www.repark.jp/parking_user/time/result/detail/?park=REP0004891&st=4&pref=13
日本橋室町４丁目,repark-rep0019404,東京都中央区日本橋室町４丁目１ー１５,35.689045579509,139.77197863423,self_propelled,2,TRUE,,,hourly,440,12,,ハイルーフ,5000,1900,2000,2000,2,,https://www.repark.jp/parking_user/time/result/detail/?park=REP0019404&st=4&pref=13
日本橋蛎殻町２丁目第４,repark-rep0013394,東京都中央区日本橋蛎殻町２丁目１５ー９,35.684401899723,139.78729424311,self_propelled,6,TRUE,,,hourly,330,15,,ハイルーフ,5000,1900,2000,2000,6,,https://www.repark.jp/parking_user/time/result/detail/?park=REP0013394&st=4&pref=13
日本橋人形町２丁目第７,repark-rep0011902,東京都中央区日本橋人形町２丁目３４ー１,35.685443428635,139.78576654403,self_propelled,6,TRUE,,,hourly,330,12,,ハイルーフ,5000,1900,2000,2000,6,,https://www.repark.jp/parking_user/time/result/detail/?park=REP0011902&st=4&pref=13
日本橋浜町３丁目第３,repark-rep0003645,東京都中央区日本橋浜町３丁目１－７,35.683485352687,139.78854973605,self_propelled,3,TRUE,,,hourly,330,15,,ハイルーフ,5000,1900,2000,2000,3,,https://www.repark.jp/parking_user/time/result/detail/?park=REP0003645&st=4&pref=13
日本橋堀留町１丁目第６,repark-rep0026202,東京都中央区日本橋堀留町１丁目８ー９,35.687793090468,139.78079462675,self_propelled,8,TRUE,,,hourly,330,12,,ハイルーフ,5000,1900,2000,2000,8,,https://www.repark.jp/parking_user/time/result/detail/?park=REP0026202&st=4&pref=13
日本橋人形町２丁目第６,repark-rep0006838,東京都中央区日本橋人形町２丁目３３番,35.685762834493,139.78553877024,self_propelled,4,TRUE,,,hourly,330,12,,ハイルーフ,5000,1900,2000,2000,4,,https://www.repark.jp/parking_user/time/result/detail/?park=REP0006838&st=4&pref=13
日本橋本町３丁目第６,repark-rep0025000,東京都中央区日本橋本町３丁目１０ー１,35.689173431018,139.77696988083,self_propelled,2,TRUE,,,hourly,330,10,,ハイルーフ,5000,1900,2000,2000,2,,https://www.repark.jp/parking_user/time/result/detail/?park=REP0025000&st=4&pref=13
日本橋本町３丁目第４,repark-rep0020047,東京都中央区日本橋本町３丁目７ー８,35.689248418825,139.77673100821,self_propelled,3,TRUE,,,hourly,330,12,,ハイルーフ,5000,1900,2000,2000,3,,https://www.repark.jp/parking_user/time/result/detail/?park=REP0020047&st=4&pref=13
日本橋本町３丁目,repark-rep0002422,東京都中央区日本橋本町３丁目１０,35.689242871744,139.77715041764,self_propelled,3,TRUE,,,hourly,330,12,,ハイルーフ,5000,1900,2000,2000,3,,https://www.repark.jp/parking_user/time/result/detail/?park=REP0002422&st=4&pref=13
日本橋人形町３丁目第５,repark-rep0025355,東京都中央区日本橋人形町３丁目１１ー８,35.687626475251,139.78273891695,self_propelled,3,TRUE,,,hourly,330,15,,ハイルーフ,5000,1900,2000,2000,3,,https://www.repark.jp/parking_user/time/result/detail/?park=REP0025355&st=4&pref=13
日本橋堀留町２丁目,repark-rep0008914,東京都中央区日本橋堀留町２丁目９ー１３,35.688070856825,139.7818861893,self_propelled,5,TRUE,,,hourly,440,15,,ハイルーフ,5000,1900,2000,2000,5,,https://www.repark.jp/parking_user/time/result/detail/?park=REP0008914&st=4&pref=13
日本橋浜町２丁目第３,repark-rep0002497,東京都中央区日本橋浜町２丁目２２,35.685726759857,139.78739972835,self_propelled,3,TRUE,,,hourly,330,12,,ハイルーフ,5000,1900,2000,2000,3,,https://www.repark.jp/parking_user/time/result/detail/?park=REP0002497&st=4&pref=13
日本橋富沢町第２,repark-rep0005914,,35.688793009568,139.78228612284,self_propelled,5,TRUE,,,hourly,330,12,,ハイルーフ,5000,1900,2000,2000,5,,https://www.repark.jp/parking_user/time/result/detail/?park=REP0005914&st=4&pref=13
日本橋富沢町第３,repark-rep0008055,,35.690098406796,139.78124726,self_propelled,5,TRUE,,,hourly,330,15,,ハイルーフ,5000,1900,2000,2000,5,,https://www.repark.jp/parking_user/time/result/detail/?park=REP0008055&st=4&pref=13
日本橋小伝馬町,repark-rep0023949,,35.691334311663,139.77701422164,self_propelled,7,TRUE,,,hourly,330,15,,ハイルーフ,5000,1900,2000,2000,7,,https://www.repark.jp/parking_user/time/result/detail/?park=REP0023949&st=4&pref=13
日本橋浜町３丁目第６,repark-rep0012701,東京都中央区日本橋浜町３丁目４５ー８,35.685113007776,139.79147997375,self_propelled,2,TRUE,,,hourly,220,12,,ハイルーフ,5000,1900,2000,2000,2,,https://www.repark.jp/parking_user/time/result/detail/?park=REP0012701&st=4&pref=13
日本橋浜町２丁目第２,repark-rep0001743,東京都中央区日本橋浜町２丁目３９－２,35.688451461433,139.78699963611,self_propelled,4,TRUE,,,hourly,330,12,,ハイルーフ,5000,1900,2000,2000,4,,https://www.repark.jp/parking_user/time/result/detail/?park=REP0001743&st=4&pref=13
日本橋浜町３丁目第５,repark-rep0008727,東京都中央区日本橋浜町３丁目４１ー１０,35.686351745842,139.79042444837,self_propelled,2,TRUE,,,hourly,330,15,,ハイルーフ,5000,1900,2000,2000,2,,https://www.repark.jp/parking_user/time/result/detail/?park=REP0008727&st=4&pref=13
日本橋浜町２丁目第７,repark-rep0027181,東京都中央区日本橋浜町２丁目３８ー１０,35.688395919088,139.78744126899,self_propelled,8,TRUE,,,hourly,330,12,,ハイルーフ,5000,1900,2000,2000,8,,https://www.repark.jp/parking_user/time/result/detail/?park=REP0027181&st=4&pref=13
日本橋浜町１丁目第２,repark-rep0004151,東京都中央区日本橋浜町１丁目１－８,35.689409674184,139.78598300942,self_propelled,8,TRUE,,,hourly,200,15,,ハイルーフ,5000,1900,2000,2000,8,,https://www.repark.jp/parking_user/time/result/detail/?park=REP0004151&st=4&pref=13
日本橋馬喰町１丁目第３,repark-rep0028596,東京都中央区日本橋馬喰町１丁目１‐２,35.691967653169,139.78132216771,self_propelled,9,TRUE,,,hourly,330,15,,ハイルーフ,5000,1900,2000,2000,9,,https://www.repark.jp/parking_user/time/result/detail/?park=REP0028596&st=4&pref=13
東日本橋１丁目,repark-rep0005529,東京都中央区東日本橋２丁目２－１６,35.690695638321,139.7854496615,self_propelled,3,TRUE,,,hourly,330,15,,ハイルーフ,5000,1900,2000,2000,3,,https://www.repark.jp/parking_user/time/result/detail/?park=REP0005529&st=4&pref=13
日本橋馬喰町１丁目第２,repark-rep0008129,東京都中央区日本橋馬喰町１丁目５ー１４,35.692259297047,139.78184155615,self_propelled,3,TRUE,,,hourly,330,12,,ハイルーフ,5000,1900,2000,2000,3,,https://www.repark.jp/parking_user/time/result/detail/?park=REP0008129&st=4&pref=13
東日本橋２丁目第３,repark-rep0028776,東京都中央区東日本橋２丁目１‐８,35.69203716018,139.78535516357,self_propelled,3,TRUE,,,hourly,440,15,,ハイルーフ,5000,1900,2000,2000,3,,https://www.repark.jp/parking_user/time/result/detail/?park=REP0028776&st=4&pref=13
東日本橋２丁目,repark-rep0025444,東京都中央区東日本橋２丁目６ー６,35.692939848322,139.78573842318,self_propelled,7,TRUE,,,hourly,330,15,,ハイルーフ,5000,1900,2000,2000,7,,https://www.repark.jp/parking_user/time/result/detail/?park=REP0025444&st=4&pref=13
東日本橋２丁目第２,repark-rep0027504,東京都中央区東日本橋２丁目１４ー６,35.693878643166,139.7860966832,self_propelled,2,TRUE,,,hourly,330,15,,ハイルーフ,5000,1900,2000,2000,2,,https://www.repark.jp/parking_user/time/result/detail/?park=REP0027504&st=4&pref=13
芝タワー駐車場,repark-rep0003160,東京都港区芝大門１丁目１－３０,35.65942063366,139.75265382527,self_propelled,30,TRUE,,,hourly,400,20,,一般,5000,2000,2100,2000,30,,https://www.repark.jp/parking_user/time/result/detail/?park=REP0003160&st=4&pref=13
芝大門２丁目第４,repark-rep0019563,東京都港区芝大門２丁目４ー７,35.655909928444,139.75438717598,self_propelled,2,TRUE,,,hourly,440,15,,ハイルーフ,5000,1900,2000,2000,2,,https://www.repark.jp/parking_user/time/result/detail/?park=REP0019563&st=4&pref=13
芝大門２丁目第６,repark-rep0028162,東京都港区芝大門２丁目６ー７,35.654990571591,139.75380393375,self_propelled,8,TRUE,,,hourly,330,12,,ハイルーフ,5000,1900,2000,2000,8,,https://www.repark.jp/parking_user/time/result/detail/?park=REP0028162&st=4&pref=13
浜松町１丁目第３,repark-rep0006801,東京都港区浜松町１丁目２番１６号,35.65966232931,139.75583132826,self_propelled,5,TRUE,,,hourly,440,12,,ハイルーフ,5000,1900,2000,2000,5,,https://www.repark.jp/parking_user/time/result/detail/?park=REP0006801&st=4&pref=13
新橋６丁目第４,repark-rep0011356,東京都港区新橋６丁目７ー４,35.661823200011,139.75530627236,self_propelled,1,TRUE,,,hourly,440,15,,ハイルーフ,5000,1900,2000,2000,1,,https://www.repark.jp/parking_user/time/result/detail/?park=REP0011356&st=4&pref=13
芝大門２丁目第５,repark-rep0021322,東京都港区芝大門２丁目１３ー８,35.653471289465,139.7537678957,self_propelled,2,TRUE,,,hourly,400,30,,ハイルーフ,5000,1900,2000,2000,2,,https://www.repark.jp/parking_user/time/result/detail/?park=REP0021322&st=4&pref=13
ポスパーク汐留第２,repark-rep0019148,東京都港区東新橋２丁目１４,35.659976210499,139.75730619132,self_propelled,20,TRUE,,,hourly,400,10,,ハイルーフ,5000,1900,2000,2000,20,,https://www.repark.jp/parking_user/time/result/detail/?park=REP0019148&st=4&pref=13
ポスパーク汐留,repark-rep0015763,東京都港区東新橋２丁目１４,35.659976211954,139.7573895174,self_propelled,20,TRUE,,,hourly,400,10,,ハイルーフ,5000,1900,2000,2000,20,,https://www.repark.jp/parking_user/time/result/detail/?park=REP0015763&st=4&pref=13
ＮＢＦコモディオ汐留,repark-rep0017191,東京都港区東新橋２丁目１４ー１,35.660587252405,139.75709229194,self_propelled,10,TRUE,,,hourly,330,20,,ハイルーフ,5000,1900,2000,2000,10,,https://www.repark.jp/parking_user/time/result/detail/?park=REP0017191&st=4&pref=13
芝公園３丁目,repark-rep0024966,東京都港区芝公園３丁目５ー２４,35.660309303938,139.74557381734,self_propelled,4,TRUE,,,hourly,440,12,,ハイルーフ,5000,1900,2000,2000,4,,https://www.repark.jp/parking_user/time/result/detail/?park=REP0024966&st=4&pref=13
浜松町２丁目第３,repark-rep0012448,東京都港区浜松町２丁目１０ー５,35.65356021519,139.75641489377,self_propelled,3,TRUE,,,hourly,330,10,,ハイルーフ,5000,1900,2000,2000,3,,https://www.repark.jp/parking_user/time/result/detail/?park=REP0012448&st=4&pref=13
新橋５丁目第５,repark-rep0009172,東京都港区新橋５丁目１２ー８,35.662834222598,139.75637835877,self_propelled,3,TRUE,,,hourly,440,12,,ハイルーフ,5000,1900,2000,2000,3,,https://www.repark.jp/parking_user/time/result/detail/?park=REP0009172&st=4&pref=13
芝２丁目第２,repark-rep0007813,東京都港区芝２丁目１２ー８,35.651335397026,139.7532013741,self_propelled,3,TRUE,,,hourly,440,12,,ハイルーフ,5000,1900,2000,2000,3,,https://www.repark.jp/parking_user/time/result/detail/?park=REP0007813&st=4&pref=13
東麻布１丁目,repark-rep0004740,東京都港区東麻布１丁目２０－１,35.655879181473,139.74326587901,self_propelled,4,TRUE,,,hourly,330,10,,ハイルーフ,5000,1900,2000,2000,4,,https://www.repark.jp/parking_user/time/result/detail/?park=REP0004740&st=4&pref=13
西新橋２丁目第４,repark-rep0004985,東京都港区西新橋２丁目３８－３,35.665111691858,139.75270633686,self_propelled,2,TRUE,,,hourly,440,12,,ハイルーフ,5000,1900,2000,2000,2,,https://www.repark.jp/parking_user/time/result/detail/?park=REP0004985&st=4&pref=13
芝１丁目第２,repark-rep0001640,東京都港区芝１丁目９,35.651613175801,139.7550039896,self_propelled,5,TRUE,,,hourly,440,15,,ハイルーフ,5000,1900,2000,2000,5,,https://www.repark.jp/parking_user/time/result/detail/?park=REP0001640&st=4&pref=13
東麻布１丁目第６,repark-rep0026691,東京都港区東麻布１丁目１７ー１７,35.656273569462,139.74247426059,self_propelled,4,TRUE,,,hourly,330,12,,ハイルーフ,5000,1900,2000,2000,4,,https://www.repark.jp/parking_user/time/result/detail/?park=REP0026691&st=4&pref=13
東新橋１丁目第３,repark-rep0020899,東京都港区東新橋１丁目１０ー１,35.661562191838,139.75959481722,self_propelled,4,TRUE,,,hourly,440,10,,ハイルーフ,5000,1900,2000,2000,4,,https://www.repark.jp/parking_user/time/result/detail/?park=REP0020899&st=4&pref=13
海岸１丁目第２,repark-rep0021531,東京都港区海岸１丁目４ー２２,35.65465182522,139.75989511048,self_propelled,6,TRUE,,,hourly,330,15,,ハイルーフ,5000,1900,2000,2000,6,,https://www.repark.jp/parking_user/time/result/detail/?park=REP0021531&st=4&pref=13
東麻布２丁目,repark-rep0007337,東京都港区東麻布２丁目２８ー１,35.65619855803,139.74136046754,self_propelled,2,TRUE,,,hourly,330,12,,ハイルーフ,5000,1900,2000,2000,2,,https://www.repark.jp/parking_user/time/result/detail/?park=REP0007337&st=4&pref=13
西新橋２丁目第５,repark-rep0006158,東京都港区西新橋２丁目１１－２,35.666522644129,139.75225908703,self_propelled,27,TRUE,,,hourly,440,12,,ハイルーフ,5000,1900,2000,2000,27,,https://www.repark.jp/parking_user/time/result/detail/?park=REP0006158&st=4&pref=13
芝５丁目第２,repark-rep0005869,東京都港区芝５丁目５番,35.649860443687,139.74684085925,self_propelled,2,TRUE,,,hourly,400,12,,ハイルーフ,5000,1900,2000,2000,2,,https://www.repark.jp/parking_user/time/result/detail/?park=REP0005869&st=4&pref=13
麻布狸穴町,repark-rep0024389,,35.658642714625,139.73981603826,self_propelled,3,TRUE,,,hourly,440,12,,ハイルーフ,5000,1900,2000,2000,3,,https://www.repark.jp/parking_user/time/result/detail/?park=REP0024389&st=4&pref=13
芝４丁目第３,repark-rep0010354,東京都港区芝４丁目３ー６,35.648680077303,139.75046839034,self_propelled,3,TRUE,,,hourly,440,12,,ハイルーフ,5000,1900,2000,2000,3,,https://www.repark.jp/parking_user/time/result/detail/?park=REP0010354&st=4&pref=13
虎ノ門３丁目第５,repark-rep0025137,東京都港区虎ノ門３丁目６ー２,35.666383656691,139.7457151919,self_propelled,13,TRUE,,,hourly,550,12,,ハイルーフ,5000,1900,2000,2000,13,,https://www.repark.jp/parking_user/time/result/detail/?park=REP0025137&st=4&pref=13
西新橋１丁目第５,repark-rep0027810,東京都港区西新橋１丁目１８ー８,35.667472560961,139.75331451064,self_propelled,6,TRUE,,,hourly,440,12,,ハイルーフ,5000,1900,2000,2000,6,,https://www.repark.jp/parking_user/time/result/detail/?park=REP0027810&st=4&pref=13
芝５丁目第６,repark-rep0021772,東京都港区芝５丁目９ー５,35.649160517096,139.7467575654,self_propelled,2,TRUE,,,hourly,440,12,,ハイルーフ,5000,1900,2000,2000,2,,https://www.repark.jp/parking_user/time/result/detail/?park=REP0021772&st=4&pref=13
芝４丁目第４,repark-rep0027138,東京都港区芝４丁目１８ー１０,35.648446811802,139.75290430978,self_propelled,7,TRUE,,,hourly,330,10,,ハイルーフ,5000,1900,2000,2000,7,,https://www.repark.jp/parking_user/time/result/detail/?park=REP0027138&st=4&pref=13
三田１丁目,repark-rep0023659,東京都港区三田１丁目２ー２２,35.65490978464,139.74003008137,self_propelled,3,TRUE,,,hourly,440,12,,ハイルーフ,5000,1900,2000,2000,3,,https://www.repark.jp/parking_user/time/result/detail/?park=REP0023659&st=4&pref=13
東麻布３丁目第３,repark-rep0028298,東京都港区東麻布３丁目６ー９,35.656629025972,139.73895509149,self_propelled,20,TRUE,,,hourly,440,15,,ハイルーフ,5000,1900,2000,2000,20,,https://www.repark.jp/parking_user/time/result/detail/?park=REP0028298&st=4&pref=13
西新橋１丁目第６,repark-rep0027851,東京都港区西新橋１丁目１４ー７,35.668083623174,139.75420607546,self_propelled,6,TRUE,,,hourly,440,12,,ハイルーフ,5000,1900,2000,2000,6,,https://www.repark.jp/parking_user/time/result/detail/?park=REP0027851&st=4&pref=13
西新橋１丁目第７,repark-rep0028477,東京都港区西新橋１丁目１４ー１１,35.668200269905,139.75381721338,self_propelled,3,TRUE,,,hourly,440,12,,ハイルーフ,5000,1900,2000,2000,3,,https://www.repark.jp/parking_user/time/result/detail/?park=REP0028477&st=4&pref=13
オークラプレステージタワー駐車場,repark-rep0022697,東京都港区虎ノ門２丁目１０ー４,35.666439174363,139.74391811659,self_propelled,22,FALSE,,,hourly,500,30,,普通車,5300,1950,1550,2300,22,,https://www.repark.jp/parking_user/time/result/detail/?park=REP0022697&st=4&pref=13
東新橋１丁目第２,repark-rep0020098,東京都港区東新橋１丁目１ー１７,35.665728425923,139.76032234296,self_propelled,12,TRUE,,,hourly,550,12,,ハイルーフ,5000,1900,2000,2000,12,,https://www.repark.jp/parking_user/time/result/detail/?park=REP0020098&st=4&pref=13
芝５丁目第４,repark-rep0010924,東京都港区芝５丁目１４ー５ブリリアント三田　慶大前,35.648554997239,139.74511884037,self_propelled,1,TRUE,,,hourly,440,12,,ハイルーフ,5000,1900,2000,2000,1,,https://www.repark.jp/parking_user/time/result/detail/?park=REP0010924&st=4&pref=13
みなとパーク芝浦駐車場,repark-rep0012860,東京都港区芝浦１丁目１６みなとパーク芝浦,35.647052493768,139.7516350354,self_propelled,134,FALSE,,,hourly,250,30,,ハイルーフ,5000,1900,2000,2000,134,,https://www.repark.jp/parking_user/time/result/detail/?park=REP0012860&st=4&pref=13
虎の門病院駐車場,repark-rep0021175,東京都港区虎ノ門２丁目２ー２国家公務員共済組合連合会虎の門病院,35.668344562559,139.7459789687,self_propelled,190,TRUE,,,hourly,400,30,,普通車,5300,1950,0,2300,190,,https://www.repark.jp/parking_user/time/result/detail/?park=REP0021175&st=4&pref=13
虎ノ門アルセアタワー駐車場,repark-rep0027485,東京都港区虎ノ門２丁目２ー３,35.668425111223,139.74610951015,self_propelled,121,TRUE,,,hourly,400,30,,一般,5300,1950,2050,2600,121,,https://www.repark.jp/parking_user/time/result/detail/?park=REP0027485&st=4&pref=13
西新橋１丁目第４,repark-rep0009594,東京都港区西新橋１丁目５ー６,35.669233497465,139.75405047943,self_propelled,3,TRUE,,,hourly,330,10,,ハイルーフ,5000,1900,2000,2000,3,,https://www.repark.jp/parking_user/time/result/detail/?park=REP0009594&st=4&pref=13
虎ノ門ツインビルディング駐車場,repark-rep0003796,東京都港区虎ノ門２丁目１０－１,35.668136231193,139.74485407171,self_propelled,24,FALSE,,,hourly,400,30,,ハイルーフ,4850,1850,2000,0,24,,https://www.repark.jp/parking_user/time/result/detail/?park=REP0003796&st=4&pref=13
新橋１丁目第５,repark-rep0021955,東京都港区新橋１丁目１０ー４,35.667292141067,139.75994452433,self_propelled,3,TRUE,,,hourly,440,12,,ハイルーフ,5000,1900,2000,2000,3,,https://www.repark.jp/parking_user/time/result/detail/?park=REP0021955&st=4&pref=13
新橋１丁目第６,repark-rep0025149,東京都港区新橋１丁目７ー２,35.667056076664,139.7611666557,self_propelled,2,TRUE,,,hourly,440,20,,ハイルーフ,5000,1900,2000,2000,2,,https://www.repark.jp/parking_user/time/result/detail/?park=REP0025149&st=4&pref=13
赤坂インターシティ駐車場,repark-rep0003157,東京都港区赤坂１丁目１１－４４,35.668461147341,139.74204317919,self_propelled,22,TRUE,,,hourly,200,10,,ハイルーフ,5000,1900,2000,2000,22,,https://www.repark.jp/parking_user/time/result/detail/?park=REP0003157&st=4&pref=13
三田３丁目第５,repark-rep0021534,東京都港区三田３丁目３ー７,35.646882923764,139.74338295053,self_propelled,3,TRUE,,,hourly,440,10,,ハイルーフ,5000,1900,2000,2000,3,,https://www.repark.jp/parking_user/time/result/detail/?park=REP0021534&st=4&pref=13
六本木５丁目第４,repark-rep0014416,東京都港区六本木５丁目１２ー１１,35.657931601333,139.73533033254,self_propelled,3,TRUE,,,hourly,330,15,,ハイルーフ,5000,1900,2000,2000,3,,https://www.repark.jp/parking_user/time/result/detail/?park=REP0014416&st=4&pref=13
六本木５丁目第５,repark-rep0027856,東京都港区六本木５丁目１４ー１９,35.658076029739,139.73532199358,self_propelled,11,TRUE,,,hourly,440,20,,ハイルーフ,5000,1900,2000,2000,11,,https://www.repark.jp/parking_user/time/result/detail/?park=REP0027856&st=4&pref=13
麻布十番１丁目,repark-rep0028866,東京都港区麻布十番１丁目９‐１２ダイアパレス麻布十番,35.656209565707,139.73545540145,self_propelled,2,TRUE,,,hourly,550,10,,ハイルーフ,5000,1900,2000,2000,2,,https://www.repark.jp/parking_user/time/result/detail/?park=REP0028866&st=4&pref=13
三田３丁目第４,repark-rep0016524,東京都港区三田３丁目３ー１０,35.646688494126,139.74307187432,self_propelled,2,TRUE,,,hourly,440,10,,ハイルーフ,5000,1900,2000,2000,2,,https://www.repark.jp/parking_user/time/result/detail/?park=REP0016524&st=4&pref=13
港区赤坂１丁目,repark-rep0013390,東京都港区赤坂１丁目４ー１３,35.670055459508,139.74420125955,self_propelled,7,TRUE,,,hourly,440,12,,ハイルーフ,5000,1900,2000,2000,7,,https://www.repark.jp/parking_user/time/result/detail/?park=REP0013390&st=4&pref=13
六本木ティーキューブ駐車場,repark-rep0015368,東京都港区六本木３丁目１ー１,35.665672482682,139.73781032614,self_propelled,16,TRUE,,,hourly,300,30,,ハイルーフ,5650,2050,1700,2000,16,,https://www.repark.jp/parking_user/time/result/detail/?park=REP0015368&st=4&pref=13
麻布十番２丁目第３,repark-rep0007770,東京都港区麻布十番２丁目１０ー７,35.65444029753,139.73474443096,self_propelled,3,TRUE,,,hourly,440,12,,ハイルーフ,5000,1900,2000,2000,3,,https://www.repark.jp/parking_user/time/result/detail/?park=REP0007770&st=4&pref=13
麻布十番２丁目第５,repark-rep0028566,東京都港区麻布十番２丁目８ー２０,35.655337417363,139.73438886318,self_propelled,1,TRUE,,,hourly,440,10,,ハイルーフ,5000,1900,2000,2000,1,,https://www.repark.jp/parking_user/time/result/detail/?park=REP0028566&st=4&pref=13
ＴＨＥ　ＲＯＰＰＯＮＧＩ　ＴＯＫＹＯ,repark-rep0007120,東京都港区六本木３丁目７,35.664055942917,139.73513839947,self_propelled,12,TRUE,,,hourly,330,15,,ハイルーフ,5000,1900,2000,2000,12,,https://www.repark.jp/parking_user/time/result/detail/?park=REP0007120&st=4&pref=13
麻布十番３丁目第８,repark-rep0007498,東京都港区麻布十番３丁目９ー３,35.652773801067,139.73430287737,self_propelled,4,TRUE,,,hourly,440,12,,ハイルーフ,5000,1900,2000,2000,4,,https://www.repark.jp/parking_user/time/result/detail/?park=REP0007498&st=4&pref=13
芝浦２丁目第３,repark-rep0009223,東京都港区芝浦２丁目３ー２３,35.643308491956,139.7540238984,self_propelled,11,TRUE,,,hourly,330,20,,ハイルーフ,5000,1900,2000,2000,11,,https://www.repark.jp/parking_user/time/result/detail/?park=REP0009223&st=4&pref=13
海岸３丁目第３,repark-rep0023456,東京都港区海岸３丁目１７ー７,35.643016888992,139.75590431066,self_propelled,4,TRUE,,,hourly,330,15,,ハイルーフ,5000,1900,2000,2000,4,,https://www.repark.jp/parking_user/time/result/detail/?park=REP0023456&st=4&pref=13
芝浦３丁目第４,repark-rep0025763,東京都港区芝浦３丁目１８ー２２,35.64241964238,139.75083809191,self_propelled,22,TRUE,,,hourly,440,15,,ハイルーフ,5000,1900,2000,2000,22,,https://www.repark.jp/parking_user/time/result/detail/?park=REP0025763&st=4&pref=13
南麻布２丁目第９,repark-rep0025957,東京都港区南麻布２丁目１０ー７,35.64818265826,139.73614182505,self_propelled,12,TRUE,,,hourly,400,10,,ハイルーフ,5000,1900,2000,2000,12,,https://www.repark.jp/parking_user/time/result/detail/?park=REP0025957&st=4&pref=13
南麻布２丁目第４,repark-rep0005750,東京都港区南麻布２丁目３番,35.648932561942,139.73521964511,self_propelled,7,TRUE,,,hourly,440,15,,ハイルーフ,5000,1900,2000,2000,7,,https://www.repark.jp/parking_user/time/result/detail/?park=REP0005750&st=4&pref=13
南麻布２丁目第８,repark-rep0025017,東京都港区南麻布２丁目１０ー５,35.648213202958,139.73573907909,self_propelled,16,TRUE,,,hourly,400,10,,ハイルーフ,5000,1900,2000,2000,16,,https://www.repark.jp/parking_user/time/result/detail/?park=REP0025017&st=4&pref=13
六本木６丁目第２,repark-rep0011546,東京都港区六本木６丁目６ー２,35.661497814033,139.73121662097,self_propelled,5,TRUE,,,hourly,330,10,,ハイルーフ,5000,1900,2000,2000,5,,https://www.repark.jp/parking_user/time/result/detail/?park=REP0011546&st=4&pref=13
芝浦アイランドエアテラス駐車場,repark-rep0004284,東京都港区芝浦４丁目２２－２,35.641222580489,139.75267410655,self_propelled,36,TRUE,,,hourly,250,30,,一般,5000,1900,2700,2500,36,,https://www.repark.jp/parking_user/time/result/detail/?park=REP0004284&st=4&pref=13
南麻布１丁目,repark-rep0028299,東京都港区南麻布１丁目２ー２４,35.650979512018,139.73218646976,self_propelled,14,TRUE,,,hourly,330,15,,ハイルーフ,5000,1900,2000,2000,14,,https://www.repark.jp/parking_user/time/result/detail/?park=REP0028299&st=4&pref=13
レム六本木駐車場,repark-rep0027637,東京都港区六本木７丁目１４ー４レム六本木,35.66367535878,139.73119707832,self_propelled,12,FALSE,,,hourly,400,15,,普通車,5300,2050,1550,2300,12,,https://www.repark.jp/parking_user/time/result/detail/?park=REP0027637&st=4&pref=13
赤坂２丁目第５,repark-rep0025815,東京都港区赤坂２丁目６ー８,35.672688423553,139.73920155353,self_propelled,10,TRUE,,,hourly,440,10,,ハイルーフ,5000,1900,2000,2000,10,,https://www.repark.jp/parking_user/time/result/detail/?park=REP0025815&st=4&pref=13
ポスパーク南麻布,repark-rep0025516,東京都港区南麻布１丁目２７ー３７旧郵政宿舎,35.649510227406,139.73231430379,self_propelled,2,TRUE,,,hourly,300,15,,ハイルーフ,5000,1900,2000,2000,2,,https://www.repark.jp/parking_user/time/result/detail/?park=REP0025516&st=4&pref=13
赤坂６丁目第２,repark-rep0024541,東京都港区赤坂６丁目５ー２８,35.670177511552,139.73521866693,self_propelled,2,TRUE,,,hourly,330,12,,ハイルーフ,4600,1900,2000,2000,2,,https://www.repark.jp/parking_user/time/result/detail/?park=REP0024541&st=4&pref=13
港区白金１丁目第４,repark-rep0027923,東京都港区白金１丁目１１ー１４,35.64546623383,139.73339495626,self_propelled,7,TRUE,,,hourly,440,15,,ハイルーフ,5000,1900,2000,2000,7,,https://www.repark.jp/parking_user/time/result/detail/?park=REP0027923&st=4&pref=13
六本木７丁目第７,repark-rep0025023,東京都港区六本木７丁目４ー２,35.665711213451,139.72898883397,self_propelled,5,TRUE,,,hourly,550,10,,ハイルーフ,5000,1900,2000,2000,5,,https://www.repark.jp/parking_user/time/result/detail/?park=REP0025023&st=4&pref=13
白金タワー駐車場,repark-rep0010217,東京都港区白金１丁目１７ー１白金タワー,35.644271921408,139.73361443703,self_propelled,41,TRUE,,,hourly,400,30,,ハイルーフ,5000,1900,2000,2000,41,,https://www.repark.jp/parking_user/time/result/detail/?park=REP0010217&st=4&pref=13
白金高輪駅前,repark-rep0028666,東京都港区白金１丁目２８‐８,35.643558119868,139.73425052907,self_propelled,1,TRUE,,,hourly,330,12,,ハイルーフ,5000,1900,2000,2000,1,,https://www.repark.jp/parking_user/time/result/detail/?park=REP0028666&st=4&pref=13
赤坂７丁目第５,repark-rep0027279,東京都港区赤坂７丁目６ー５２,35.669860804682,139.73099681013,self_propelled,1,TRUE,,,hourly,330,12,,ハイルーフ,5000,1900,2000,2000,1,,https://www.repark.jp/parking_user/time/result/detail/?park=REP0027279&st=4&pref=13
港区白金１丁目第５,repark-rep0028667,東京都港区白金１丁目２８ー３,35.643744195343,139.73335614978,self_propelled,9,TRUE,,,hourly,440,15,,ハイルーフ,5000,1900,2000,2000,9,,https://www.repark.jp/parking_user/time/result/detail/?park=REP0028667&st=4&pref=13
南麻布４丁目第３,repark-rep0028078,東京都港区南麻布４丁目７ー１２,35.64971013388,139.7281840826,self_propelled,5,TRUE,,,hourly,330,20,,ハイルーフ,5000,1900,2000,2000,5,,https://www.repark.jp/parking_user/time/result/detail/?park=REP0028078&st=4&pref=13
西麻布１丁目第８,repark-rep0014101,東京都港区西麻布１丁目６ー１０,35.661458834916,139.7257615208,self_propelled,5,TRUE,,,hourly,330,12,,ハイルーフ,5000,1900,2000,2000,5,,https://www.repark.jp/parking_user/time/result/detail/?park=REP0014101&st=4&pref=13
赤坂４丁目第８,repark-rep0013787,東京都港区赤坂４丁目３ー２７,35.674629811193,139.73509625008,self_propelled,3,TRUE,,,hourly,330,12,,ハイルーフ,5000,1900,2000,2000,3,,https://www.repark.jp/parking_user/time/result/detail/?park=REP0013787&st=4&pref=13
西麻布１丁目第９,repark-rep0017054,東京都港区西麻布１丁目４ー４０,35.662055984699,139.72528375498,self_propelled,2,TRUE,,,hourly,330,12,,ハイルーフ,5000,1900,2000,2000,2,,https://www.repark.jp/parking_user/time/result/detail/?park=REP0017054&st=4&pref=13
六本木７丁目第４,repark-rep0003982,東京都港区六本木７丁目２－４,35.666394434735,139.72671954697,self_propelled,5,TRUE,,,hourly,440,12,,ハイルーフ,5000,1900,2000,2000,5,,https://www.repark.jp/parking_user/time/result/detail/?park=REP0003982&st=4&pref=13
西麻布１丁目第４,repark-rep0003797,東京都港区西麻布１丁目９－３,35.661261618747,139.7249449307,self_propelled,6,TRUE,,,hourly,330,12,,ハイルーフ,5000,1900,2000,2000,6,,https://www.repark.jp/parking_user/time/result/detail/?park=REP0003797&st=4&pref=13
西麻布１丁目第７,repark-rep0010034,東京都港区西麻布１丁目４,35.662086532453,139.72505599449,self_propelled,2,TRUE,,,hourly,330,12,,ハイルーフ,5000,1900,2000,2000,2,,https://www.repark.jp/parking_user/time/result/detail/?park=REP0010034&st=4&pref=13
アパホテル赤坂見附駐車場,repark-rep0028504,東京都港区赤坂３丁目１９ー１０,35.675954684183,139.73593778519,self_propelled,15,FALSE,,,hourly,400,15,,ハイルーフ,5000,1900,2000,2000,15,,https://www.repark.jp/parking_user/time/result/detail/?park=REP0028504&st=4&pref=13
港区白金３丁目第２,repark-rep0002510,東京都港区白金３丁目２０,35.644171876946,139.73045637091,self_propelled,8,TRUE,,,hourly,330,20,,ハイルーフ,5000,1900,2000,2000,8,,https://www.repark.jp/parking_user/time/result/detail/?park=REP0002510&st=4&pref=13
六本木７丁目第６,repark-rep0021415,東京都港区六本木７丁目１ー１７,35.666533296074,139.72598626848,self_propelled,1,TRUE,,,hourly,440,12,,ハイルーフ,5000,1900,2000,2000,1,,https://www.repark.jp/parking_user/time/result/detail/?park=REP0021415&st=4&pref=13
アパホテル品川泉岳寺駅前駐車場,repark-rep0014537,東京都港区高輪２丁目１６ー３０,35.637978250648,139.73940035831,self_propelled,16,TRUE,,,hourly,400,15,,ハイルーフ,5000,1900,2000,2000,16,,https://www.repark.jp/parking_user/time/result/detail/?park=REP0014537&st=4&pref=13
西麻布１丁目第１１,repark-rep0026956,東京都港区西麻布１丁目１４ー７,35.660714438148,139.72396448132,self_propelled,14,TRUE,,,hourly,330,12,,ハイルーフ,5000,1900,2000,2000,14,,https://www.repark.jp/parking_user/time/result/detail/?park=REP0026956&st=4&pref=13
港区白金３丁目第６,repark-rep0010019,東京都港区白金３丁目５－１２ファミール白金,35.645755001266,139.72820370709,self_propelled,6,TRUE,,,hourly,330,12,,ハイルーフ,5000,1900,2000,2000,6,,https://www.repark.jp/parking_user/time/result/detail/?park=REP0010019&st=4&pref=13
西麻布１丁目第２,repark-rep0001651,東京都港区西麻布１丁目１０－１２,35.661136613584,139.72388391357,self_propelled,4,TRUE,,,hourly,440,15,,ハイルーフ,5000,1900,2000,2000,4,,https://www.repark.jp/parking_user/time/result/detail/?park=REP0001651&st=4&pref=13
南青山１丁目,repark-rep0014923,東京都港区南青山１丁目１０ー６,35.670455109022,139.72658326031,self_propelled,4,TRUE,,,hourly,550,12,,ハイルーフ,5000,1900,2000,2000,4,,https://www.repark.jp/parking_user/time/result/detail/?park=REP0014923&st=4&pref=13
南麻布４丁目,repark-rep0026094,東京都港区南麻布４丁目２ー１２,35.649729503373,139.7240372041,self_propelled,12,TRUE,,,hourly,440,12,,ハイルーフ,5000,1900,2000,2000,12,,https://www.repark.jp/parking_user/time/result/detail/?park=REP0026094&st=4&pref=13
南麻布４丁目第２,repark-rep0026095,東京都港区南麻布４丁目２ー１２,35.649662838507,139.72375111993,self_propelled,8,TRUE,,,hourly,440,12,,ハイルーフ,5000,1900,2000,2000,8,,https://www.repark.jp/parking_user/time/result/detail/?park=REP0026095&st=4&pref=13
西麻布２丁目第８,repark-rep0021173,東京都港区西麻布２丁目２４ー１９,35.660125577056,139.72195634221,self_propelled,7,TRUE,,,hourly,440,12,,ハイルーフ,5000,1900,2000,2000,7,,https://www.repark.jp/parking_user/time/result/detail/?park=REP0021173&st=4&pref=13
西麻布２丁目第４,repark-rep0010892,東京都港区西麻布２丁目２５ー１０,35.660053360694,139.72183691146,self_propelled,3,TRUE,,,hourly,440,12,,ハイルーフ,5000,1900,2000,2000,3,,https://www.repark.jp/parking_user/time/result/detail/?park=REP0010892&st=4&pref=13
港区白金４丁目,repark-rep0006451,東京都港区白金４丁目１番９号,35.644207922912,139.72695388213,self_propelled,2,TRUE,,,hourly,330,10,,ハイルーフ,5000,1900,2000,2000,2,,https://www.repark.jp/parking_user/time/result/detail/?park=REP0006451&st=4&pref=13
広尾駅前,repark-rep0001938,東京都港区南麻布５丁目１０－２３,35.652420853393,139.72237055159,self_propelled,16,TRUE,,,hourly,400,10,,ハイルーフ,5000,1900,2000,2000,16,,https://www.repark.jp/parking_user/time/result/detail/?park=REP0001938&st=4&pref=13
興和西麻布ビル駐車場,repark-rep0007826,東京都港区西麻布４丁目１２,35.659017353957,139.7214619903,self_propelled,5,TRUE,,,hourly,440,15,,ハイルーフ,5000,1900,2000,2000,5,,https://www.repark.jp/parking_user/time/result/detail/?park=REP0007826&st=4&pref=13
西麻布２丁目第３,repark-rep0009590,東京都港区西麻布２丁目２６ー１８,35.659803371326,139.72091477655,self_propelled,5,TRUE,,,hourly,440,12,,ハイルーフ,5000,1900,2000,2000,5,,https://www.repark.jp/parking_user/time/result/detail/?park=REP0009590&st=4&pref=13
グランドメゾン元赤坂,repark-rep0013460,東京都港区元赤坂１丁目７ー１０グランドメゾン元赤坂,35.677862756717,139.73271018837,self_propelled,4,TRUE,,,hourly,440,15,,ハイルーフ,5000,1900,2000,2000,4,,https://www.repark.jp/parking_user/time/result/detail/?park=REP0013460&st=4&pref=13
西麻布２丁目第９,repark-rep0022153,東京都港区西麻布２丁目２５ー２,35.660264428498,139.72065644377,self_propelled,5,TRUE,,,hourly,440,12,,ハイルーフ,5000,1900,2000,2000,5,,https://www.repark.jp/parking_user/time/result/detail/?park=REP0022153&st=4&pref=13
西麻布２丁目第７,repark-rep0020233,東京都港区西麻布２丁目２１ー１５,35.661586506031,139.72048139743,self_propelled,12,TRUE,,,hourly,220,10,,ハイルーフ,5000,1900,2000,2000,12,,https://www.repark.jp/parking_user/time/result/detail/?park=REP0020233&st=4&pref=13
港区白金５丁目,repark-rep0012383,東京都港区白金５丁目１２ー１３,35.644866140339,139.72436795558,self_propelled,2,TRUE,,,hourly,440,15,,ハイルーフ,5000,1900,2000,2000,2,,https://www.repark.jp/parking_user/time/result/detail/?park=REP0012383&st=4&pref=13
コーシャハイム港南三丁目,repark-rep0019769,東京都港区港南３丁目７ー１,35.632345686332,139.74891649337,self_propelled,7,TRUE,,,hourly,330,15,,ハイルーフ,5000,1900,2000,2000,7,,https://www.repark.jp/parking_user/time/result/detail/?park=REP0019769&st=4&pref=13
西麻布４丁目第２,repark-rep0003551,東京都港区西麻布４丁目２１,35.657236952732,139.71942057482,self_propelled,8,TRUE,,,hourly,440,12,,ハイルーフ,5000,1900,2000,2000,8,,https://www.repark.jp/parking_user/time/result/detail/?park=REP0003551&st=4&pref=13
西麻布４丁目第３,repark-rep0005076,東京都港区西麻布４丁目１７－１７,35.658378493847,139.71920387325,self_propelled,10,TRUE,,,hourly,330,10,,ハイルーフ,5000,1900,2000,2000,10,,https://www.repark.jp/parking_user/time/result/detail/?park=REP0005076&st=4&pref=13
パークウェルステイト西麻布来客用駐車場,repark-rep0027926,東京都港区西麻布４丁目１７ー３,35.658900658103,139.7190955252,self_propelled,5,TRUE,,,hourly,550,20,,一般,5300,2050,2050,2700,5,,https://www.repark.jp/parking_user/time/result/detail/?park=REP0027926&st=4&pref=13
南青山４丁目第１５,repark-rep0026246,東京都港区南青山４丁目１３ー１５,35.665397177075,139.71862859784,self_propelled,14,TRUE,,,hourly,330,15,,ハイルーフ,5000,1900,2000,2000,14,,https://www.repark.jp/parking_user/time/result/detail/?park=REP0026246&st=4&pref=13
南青山４丁目第１３,repark-rep0021337,東京都港区南青山４丁目１１ー５,35.665791571982,139.71817584028,self_propelled,3,TRUE,,,hourly,330,15,,ハイルーフ,5000,1900,2000,2000,3,,https://www.repark.jp/parking_user/time/result/detail/?park=REP0021337&st=4&pref=13
港区白金台３丁目,repark-rep0005232,東京都港区白金台３丁目２－１４,35.637941932487,139.72731802941,self_propelled,3,TRUE,,,hourly,330,15,,ハイルーフ,5000,1900,2000,2000,3,,https://www.repark.jp/parking_user/time/result/detail/?park=REP0005232&st=4&pref=13
南青山２丁目第４,repark-rep0007670,東京都港区南青山２丁目１１ー１２,35.671321582205,139.72085036352,self_propelled,2,TRUE,,,hourly,330,10,,ハイルーフ,5000,1900,2000,2000,2,,https://www.repark.jp/parking_user/time/result/detail/?park=REP0007670&st=4&pref=13
高輪３丁目第１４,repark-rep0027032,東京都港区高輪３丁目６ー１,35.634345179279,139.73213168426,self_propelled,12,TRUE,,,hourly,330,12,,ハイルーフ,5000,1900,2000,2000,12,,https://www.repark.jp/parking_user/time/result/detail/?park=REP0027032&st=4&pref=13
南青山６丁目第６,repark-rep0022772,東京都港区南青山６丁目９ー３,35.659414444456,139.7163651723,self_propelled,1,TRUE,,,hourly,440,10,,ハイルーフ,5000,1900,2000,2000,1,,https://www.repark.jp/parking_user/time/result/detail/?park=REP0022772&st=4&pref=13
高輪３丁目第１１,repark-rep0026244,東京都港区高輪３丁目１４ー１６,35.632645396411,139.7341538166,self_propelled,14,TRUE,,,hourly,330,12,,ハイルーフ,5000,1900,2000,2000,14,,https://www.repark.jp/parking_user/time/result/detail/?park=REP0026244&st=4&pref=13
高輪３丁目第１３,repark-rep0026684,東京都港区高輪３丁目６ー１９,35.633606365811,139.73193173489,self_propelled,3,TRUE,,,hourly,330,12,,ハイルーフ,5000,1900,2000,2000,3,,https://www.repark.jp/parking_user/time/result/detail/?park=REP0026684&st=4&pref=13
高輪３丁目第７,repark-rep0022730,東京都港区高輪３丁目７ー１９,35.633203632489,139.73202341282,self_propelled,10,TRUE,,,hourly,330,12,,ハイルーフ,5000,1900,2000,2000,10,,https://www.repark.jp/parking_user/time/result/detail/?park=REP0022730&st=4&pref=13
青山ＯＭ－ＳＱＵＡＲＥ駐車場,repark-rep0005327,東京都港区北青山２丁目５－８青山ＯＭ－ＳＱＵＡＲＥ,35.670932697376,139.71865056412,self_propelled,26,TRUE,,,hourly,300,15,,ハイルーフ,5200,1950,2000,2000,26,,https://www.repark.jp/parking_user/time/result/detail/?park=REP0005327&st=4&pref=13
港区白金台２丁目第２,repark-rep0027205,東京都港区白金台２丁目１２ー１３,35.633414691804,139.7303568745,self_propelled,15,TRUE,,,hourly,330,15,,ハイルーフ,5000,1900,2000,2000,15,,https://www.repark.jp/parking_user/time/result/detail/?park=REP0027205&st=4&pref=13
港区白金台４丁目第２,repark-rep0019967,東京都港区白金台４丁目９ー８,35.637575245615,139.72393499426,self_propelled,7,TRUE,,,hourly,440,12,,ハイルーフ,5000,1900,2000,2000,7,,https://www.repark.jp/parking_user/time/result/detail/?park=REP0019967&st=4&pref=13
港区白金台５丁目第５,repark-rep0027870,東京都港区白金台５丁目１３ー１９,35.637191940272,139.72317118634,self_propelled,7,TRUE,,,hourly,330,15,,ハイルーフ,5000,1900,2000,2000,7,,https://www.repark.jp/parking_user/time/result/detail/?park=REP0027870&st=4&pref=13
北青山２丁目第３,repark-rep0021517,東京都港区北青山２丁目９ー１７,35.671327052329,139.71596743479,self_propelled,6,TRUE,,,hourly,400,20,,ハイルーフ,5000,1900,2000,2000,6,,https://www.repark.jp/parking_user/time/result/detail/?park=REP0021517&st=4&pref=13
高輪４丁目第２,repark-rep0009853,東京都港区高輪４丁目２ー１３,35.628651336072,139.73171809179,self_propelled,5,TRUE,,,hourly,220,20,,ハイルーフ,5000,1900,2000,2000,5,,https://www.repark.jp/parking_user/time/result/detail/?park=REP0009853&st=4&pref=13
北青山３丁目第５,repark-rep0014315,東京都港区北青山３丁目１０ー１,35.664702665742,139.71052097015,self_propelled,3,TRUE,,,hourly,500,12,,ハイルーフ,5000,1900,2000,2000,3,,https://www.repark.jp/parking_user/time/result/detail/?park=REP0014315&st=4&pref=13
北青山３丁目第２,repark-rep0002496,東京都港区北青山３丁目１４－７,35.663969398947,139.70982106204,self_propelled,11,TRUE,,,hourly,300,10,,ハイルーフ,5000,1900,2000,2000,11,,https://www.repark.jp/parking_user/time/result/detail/?park=REP0002496&st=4&pref=13
品川グランドセントラルタワー・ＮＢＦ品川タワー,repark-rep0025082,東京都港区港南２丁目１６ー３,35.624549157175,139.74083974514,self_propelled,86,TRUE,,,hourly,250,30,,ハイルーフ,5000,1900,2000,2000,86,,https://www.repark.jp/parking_user/time/result/detail/?park=REP0025082&st=4&pref=13
北青山３丁目第４,repark-rep0007457,東京都港区北青山３丁目１５ー１５,35.664516551119,139.70917386859,self_propelled,4,TRUE,,,hourly,300,10,,ハイルーフ,5000,1900,2000,2000,4,,https://www.repark.jp/parking_user/time/result/detail/?park=REP0007457&st=4&pref=13
歌舞伎町１丁目第３,repark-rep0006062,東京都新宿区歌舞伎町１丁目４,35.694257716152,139.70357296426,self_propelled,12,TRUE,,,hourly,450,20,,ハイルーフ,5000,1900,2000,2000,12,,https://www.repark.jp/parking_user/time/result/detail/?park=REP0006062&st=4&pref=13
歌舞伎町２丁目第３,repark-rep0002464,東京都新宿区歌舞伎町２丁目１２－３,35.696149210915,139.70529495615,self_propelled,15,TRUE,,,hourly,330,15,,ハイルーフ,5000,1900,2000,2000,15,,https://www.repark.jp/parking_user/time/result/detail/?park=REP0002464&st=4&pref=13
歌舞伎町２丁目第１１,repark-rep0024329,東京都新宿区歌舞伎町２丁目３１ー５,35.697537916009,139.70327006037,self_propelled,8,TRUE,,,hourly,330,15,,ハイルーフ,5000,1900,2000,2000,8,,https://www.repark.jp/parking_user/time/result/detail/?park=REP0024329&st=4&pref=13
新宿５丁目第３,repark-rep0028020,東京都新宿区新宿５丁目１１ー２３,35.693032925366,139.70805042681,self_propelled,5,TRUE,,,hourly,330,20,,ハイルーフ,5000,1900,2000,2000,5,,https://www.repark.jp/parking_user/time/result/detail/?park=REP0028020&st=4&pref=13
新宿５丁目第２,repark-rep0027535,東京都新宿区新宿５丁目１０ー２０,35.692771849471,139.70846151569,self_propelled,3,TRUE,,,hourly,250,20,,ハイルーフ,5000,1900,2000,2000,3,,https://www.repark.jp/parking_user/time/result/detail/?park=REP0027535&st=4&pref=13
歌舞伎町２丁目第１０,repark-rep0009943,東京都新宿区歌舞伎町２丁目１６ー１２,35.697985138011,139.70600870134,self_propelled,25,TRUE,,,hourly,350,12,,ハイルーフ,5000,1900,2000,2000,25,,https://www.repark.jp/parking_user/time/result/detail/?park=REP0009943&st=4&pref=13
新宿２丁目第５,repark-rep0015065,東京都新宿区新宿２丁目１８ー１０,35.690899823145,139.70820051257,self_propelled,2,TRUE,,,hourly,350,15,,ハイルーフ,5000,1900,2000,2000,2,,https://www.repark.jp/parking_user/time/result/detail/?park=REP0015065&st=4&pref=13
大久保１丁目第３,repark-rep0009642,東京都新宿区大久保１丁目８ー８,35.69876002791,139.70445046207,self_propelled,14,TRUE,,,hourly,250,15,,ハイルーフ,5000,1900,2000,2000,14,,https://www.repark.jp/parking_user/time/result/detail/?park=REP0009642&st=4&pref=13
モード学園コクーンタワー駐車場,repark-rep0004392,東京都新宿区西新宿１丁目７－３,35.691841200338,139.69737359039,self_propelled,160,FALSE,,,hourly,250,30,,普通車,5300,1950,1550,2300,160,,https://www.repark.jp/parking_user/time/result/detail/?park=REP0004392&st=4&pref=13
新宿６丁目第１０,repark-rep0026156,東京都新宿区新宿６丁目２７ー２,35.69589375448,139.70943073544,self_propelled,2,TRUE,,,hourly,250,10,,ハイルーフ,5000,1900,2000,2000,2,,https://www.repark.jp/parking_user/time/result/detail/?park=REP0026156&st=4&pref=13
新宿エルタワー駐車場,repark-rep0005516,東京都新宿区西新宿１丁目６番１号,35.692374467614,139.69687638512,self_propelled,131,TRUE,,,hourly,400,30,,一般,6000,2000,2100,4000,131,,https://www.repark.jp/parking_user/time/result/detail/?park=REP0005516&st=4&pref=13
大久保１丁目第４,repark-rep0020068,東京都新宿区大久保１丁目９ー７,35.700040447924,139.7045059535,self_propelled,2,TRUE,,,hourly,330,20,,ハイルーフ,5000,1900,2000,2000,2,,https://www.repark.jp/parking_user/time/result/detail/?park=REP0020068&st=4&pref=13
百人町１丁目第２,repark-rep0002080,東京都新宿区百人町１丁目６－９,35.700723647397,139.70104509846,self_propelled,3,TRUE,,,hourly,250,20,,ハイルーフ,5000,1900,2000,2000,3,,https://www.repark.jp/parking_user/time/result/detail/?park=REP0002080&st=4&pref=13
新宿１丁目第４,repark-rep0005775,東京都新宿区新宿１丁目１６番１,35.689627787661,139.71108921924,self_propelled,3,TRUE,,,hourly,550,12,,ハイルーフ,5000,1900,2000,2000,3,,https://www.repark.jp/parking_user/time/result/detail/?park=REP0005775&st=4&pref=13
エステック駐車場,repark-rep0004403,東京都新宿区西新宿１丁目２４－１,35.690338544591,139.6951710645,self_propelled,13,FALSE,,,hourly,300,30,,一般,4850,1700,2100,2000,13,,https://www.repark.jp/parking_user/time/result/detail/?park=REP0004403&st=4&pref=13
新宿三井ビル駐車場,repark-rep0002514,東京都新宿区西新宿２丁目１－１新宿三井ビルディング,35.691877256005,139.69442661147,self_propelled,158,TRUE,,,hourly,600,50,,一般,6000,2100,2100,4000,158,,https://www.repark.jp/parking_user/time/result/detail/?park=REP0002514&st=4&pref=13
新宿７丁目第２,repark-rep0014608,東京都新宿区新宿７丁目１１ー３,35.698099123592,139.71223595692,self_propelled,7,TRUE,,,hourly,250,20,,ハイルーフ,5000,1900,2000,2000,7,,https://www.repark.jp/parking_user/time/result/detail/?park=REP0014608&st=4&pref=13
百人町２丁目第９,repark-rep0026597,東京都新宿区百人町２丁目２ー７,35.701884636302,139.70116447909,self_propelled,2,TRUE,,,hourly,300,15,,ハイルーフ,5000,1900,2000,2000,2,,https://www.repark.jp/parking_user/time/result/detail/?park=REP0026597&st=4&pref=13
新宿１丁目第８,repark-rep0019437,東京都新宿区新宿１丁目２９ー２,35.690288863029,139.71309735602,self_propelled,2,TRUE,,,hourly,450,15,,ハイルーフ,5000,1900,2000,2000,2,,https://www.repark.jp/parking_user/time/result/detail/?park=REP0019437&st=4&pref=13
京王プラザホテル駐車場,repark-rep0014998,東京都新宿区西新宿２丁目２ー１,35.690038554991,139.69392951442,self_propelled,208,TRUE,,,hourly,400,30,,ハイルーフ,5000,1900,2000,2000,208,,https://www.repark.jp/parking_user/time/result/detail/?park=REP0014998&st=4&pref=13
新宿１丁目第１０,repark-rep0024474,東京都新宿区新宿１丁目９ー５,35.688600138404,139.71216695505,self_propelled,2,TRUE,,,hourly,450,12,,ハイルーフ,5000,1900,2000,2000,2,,https://www.repark.jp/parking_user/time/result/detail/?park=REP0024474&st=4&pref=13
新宿富久町第５,repark-rep0025487,,35.694377335485,139.71428595805,self_propelled,4,TRUE,,,hourly,250,30,,ハイルーフ,5000,1900,2000,2000,4,,https://www.repark.jp/parking_user/time/result/detail/?park=REP0025487&st=4&pref=13
新宿１丁目,repark-rep0001207,東京都新宿区新宿１丁目２８－１６,35.690649944285,139.71360563018,self_propelled,7,TRUE,,,hourly,550,12,,ハイルーフ,5000,1900,2000,2000,7,,https://www.repark.jp/parking_user/time/result/detail/?park=REP0001207&st=4&pref=13
大久保２丁目第５,repark-rep0016014,東京都新宿区大久保２丁目３３ー３,35.702723458286,139.70246433251,self_propelled,2,TRUE,,,hourly,220,15,,ハイルーフ,5000,1900,2000,2000,2,,https://www.repark.jp/parking_user/time/result/detail/?park=REP0016014&st=4&pref=13
新宿１丁目第７,repark-rep0018051,東京都新宿区新宿１丁目２７ー７,35.691124903138,139.71415834041,self_propelled,23,TRUE,,,hourly,450,15,,ハイルーフ,5000,1900,2000,2000,23,,https://www.repark.jp/parking_user/time/result/detail/?park=REP0018051&st=4&pref=13
大久保２丁目第４,repark-rep0008004,東京都新宿区大久保２丁目２９ー６大祥ビル,35.702945669084,139.70318370754,self_propelled,3,TRUE,,,hourly,350,30,,ハイルーフ,5000,1900,1800,2000,3,,https://www.repark.jp/parking_user/time/result/detail/?park=REP0008004&st=4&pref=13
新宿１丁目第９,repark-rep0019547,東京都新宿区新宿１丁目２６ー５,35.690547189308,139.71429446671,self_propelled,8,TRUE,,,hourly,550,15,,ハイルーフ,5000,1900,2000,2000,8,,https://www.repark.jp/parking_user/time/result/detail/?park=REP0019547&st=4&pref=13
百人町２丁目第７,repark-rep0008667,東京都新宿区百人町２丁目１５ー１６,35.702798386909,139.69883685332,self_propelled,4,TRUE,,,hourly,330,20,,ハイルーフ,5000,1900,2000,2000,4,,https://www.repark.jp/parking_user/time/result/detail/?park=REP0008667&st=4&pref=13
新宿富久町第４,repark-rep0017796,,35.694405133363,139.71559418112,self_propelled,2,TRUE,,,hourly,250,20,,ハイルーフ,5000,1900,2000,2000,2,,https://www.repark.jp/parking_user/time/result/detail/?park=REP0017796&st=4&pref=13
北新宿１丁目第７,repark-rep0026047,東京都新宿区北新宿１丁目１５ー１０,35.699876384397,139.69350965229,self_propelled,3,TRUE,,,hourly,250,20,,ハイルーフ,5000,1900,2000,2000,3,,https://www.repark.jp/parking_user/time/result/detail/?park=REP0026047&st=4&pref=13
新宿富久町第３,repark-rep0012659,,35.691997063532,139.71597203862,self_propelled,2,TRUE,,,hourly,250,10,,ハイルーフ,5000,1900,2000,2000,2,,https://www.repark.jp/parking_user/time/result/detail/?park=REP0012659&st=4&pref=13
新宿若松町第５,repark-rep0023606,,35.699185157969,139.71449960792,self_propelled,2,TRUE,,,hourly,250,12,,ハイルーフ,5000,1900,2000,2000,2,,https://www.repark.jp/parking_user/time/result/detail/?park=REP0023606&st=4&pref=13
余丁町第２,repark-rep0028511,,35.694710672954,139.71658297393,self_propelled,12,TRUE,,,hourly,330,25,,ハイルーフ,5000,1900,2000,2000,12,,https://www.repark.jp/parking_user/time/result/detail/?park=REP0028511&st=4&pref=13
余丁町,repark-rep0021381,,35.69549947831,139.71662460115,self_propelled,5,TRUE,,,hourly,350,15,,ハイルーフ,5000,1900,2000,2000,5,,https://www.repark.jp/parking_user/time/result/detail/?park=REP0021381&st=4&pref=13
北新宿１丁目第５,repark-rep0009775,東京都新宿区北新宿１丁目１３ー２１,35.701642860288,139.69344290949,self_propelled,4,TRUE,,,hourly,350,20,,ハイルーフ,5000,1900,2000,2000,4,,https://www.repark.jp/parking_user/time/result/detail/?park=REP0009775&st=4&pref=13
四谷４丁目第５,repark-rep0025423,東京都新宿区四谷４丁目１４ー１,35.68869464313,139.71622216992,self_propelled,3,TRUE,,,hourly,220,20,,ハイルーフ,5000,1900,2000,2000,3,,https://www.repark.jp/parking_user/time/result/detail/?park=REP0025423&st=4&pref=13
四谷４丁目第３,repark-rep0016477,東京都新宿区四谷４丁目１８ー２３,35.68973620925,139.7168248499,self_propelled,3,TRUE,,,hourly,250,20,,ハイルーフ,5000,1900,2000,2000,3,,https://www.repark.jp/parking_user/time/result/detail/?park=REP0016477&st=4&pref=13
西新宿３丁目第２,repark-rep0020373,東京都新宿区西新宿３丁目４ー１,35.686072288456,139.69256869907,self_propelled,3,TRUE,,,hourly,480,15,,ハイルーフ,5000,1900,2000,2000,3,,https://www.repark.jp/parking_user/time/result/detail/?park=REP0020373&st=4&pref=13
西新宿三井ビル駐車場,repark-rep0003136,東京都新宿区西新宿６丁目２４－１,35.695349009872,139.68888524481,self_propelled,30,TRUE,,,hourly,250,30,,一般,5050,1850,2100,2000,30,,https://www.repark.jp/parking_user/time/result/detail/?park=REP0003136&st=4&pref=13
新宿若松町第６,repark-rep0027050,,35.700460061532,139.71678547038,self_propelled,9,TRUE,,,hourly,250,15,,ハイルーフ,5000,1900,2000,2000,9,,https://www.repark.jp/parking_user/time/result/detail/?park=REP0027050&st=4&pref=13
西新宿５丁目第４,repark-rep0027875,東京都新宿区西新宿５丁目３ー１６,35.694524071618,139.68736874174,self_propelled,9,TRUE,,,hourly,330,12,,ハイルーフ,5000,1900,2000,2000,9,,https://www.repark.jp/parking_user/time/result/detail/?park=REP0027875&st=4&pref=13
新宿河田町第４,repark-rep0016440,,35.695849494676,139.71970488422,self_propelled,2,TRUE,,,hourly,250,20,,ハイルーフ,5000,1900,2000,2000,2,,https://www.repark.jp/parking_user/time/result/detail/?park=REP0016440&st=4&pref=13
西新宿４丁目,repark-rep0005691,東京都新宿区西新宿４丁目２９－１４,35.688483053491,139.68752456297,self_propelled,4,TRUE,,,hourly,250,20,,ハイルーフ,5000,1900,2000,2000,4,,https://www.repark.jp/parking_user/time/result/detail/?park=REP0005691&st=4&pref=13
四谷三丁目駅前,repark-rep0027694,東京都新宿区四谷３丁目１２ー５,35.687611476541,139.71911642343,self_propelled,19,TRUE,,,hourly,450,10,,ハイルーフ,5000,1900,2000,2000,19,,https://www.repark.jp/parking_user/time/result/detail/?park=REP0027694&st=4&pref=13
新宿北郵便局駐車場,repark-rep0025025,東京都新宿区大久保３丁目１４ー８新宿北郵便局,35.707567495554,139.70884135785,self_propelled,6,TRUE,,,hourly,300,15,,ハイルーフ,5000,1900,2000,2000,6,,https://www.repark.jp/parking_user/time/result/detail/?park=REP0025025&st=4&pref=13
新宿住吉町第３,repark-rep0020955,,35.692749855182,139.72136322223,self_propelled,4,TRUE,,,hourly,350,10,,ハイルーフ,5000,1900,2000,2000,4,,https://www.repark.jp/parking_user/time/result/detail/?park=REP0020955&st=4&pref=13
新宿大京町第２,repark-rep0013401,,35.684525673382,139.71784444916,self_propelled,2,TRUE,,,hourly,350,20,,ハイルーフ,5000,1900,2000,2000,2,,https://www.repark.jp/parking_user/time/result/detail/?park=REP0013401&st=4&pref=13
新宿河田町第７,repark-rep0022127,,35.696635557645,139.72176856564,self_propelled,26,TRUE,,,hourly,450,12,,ハイルーフ,5000,1900,2000,2000,26,,https://www.repark.jp/parking_user/time/result/detail/?park=REP0022127&st=4&pref=13
新宿大京町第５,repark-rep0026211,,35.684831212712,139.71876102597,self_propelled,2,TRUE,,,hourly,350,15,,ハイルーフ,5000,1900,2000,2000,2,,https://www.repark.jp/parking_user/time/result/detail/?park=REP0026211&st=4&pref=13
ローソン新宿曙橋店,repark-rep0026145,,35.692538787911,139.72257424337,self_propelled,7,TRUE,,,hourly,400,15,,ハイルーフ,5000,1900,2000,2000,7,,https://www.repark.jp/parking_user/time/result/detail/?park=REP0026145&st=4&pref=13
トミンハイム仲之町,repark-rep0026228,,35.696266165624,139.72248241237,self_propelled,4,TRUE,,,hourly,400,12,,ハイルーフ,5000,1900,2000,2000,4,,https://www.repark.jp/parking_user/time/result/detail/?park=REP0026228&st=4&pref=13
新宿住吉町,repark-rep0009631,,35.691955524818,139.72300478947,self_propelled,2,TRUE,,,hourly,250,15,,ハイルーフ,5000,1900,2000,2000,2,,https://www.repark.jp/parking_user/time/result/detail/?park=REP0009631&st=4&pref=13
高田馬場４丁目第７,repark-rep0028338,東京都新宿区高田馬場４丁目３２ー２１,35.709408778287,139.6981171637,self_propelled,3,TRUE,,,hourly,220,20,,ハイルーフ,5000,1900,2000,2000,3,,https://www.repark.jp/parking_user/time/result/detail/?park=REP0028338&st=4&pref=13
高田馬場１丁目,repark-rep0012116,東京都新宿区高田馬場１丁目２ー１５,35.709500630498,139.70928289917,self_propelled,2,TRUE,,,hourly,250,10,,ハイルーフ,5000,1900,2000,2000,2,,https://www.repark.jp/parking_user/time/result/detail/?park=REP0012116&st=4&pref=13
新宿若松町第３,repark-rep0014637,,35.702123844813,139.7209211613,self_propelled,2,TRUE,,,hourly,230,15,,ハイルーフ,5000,1900,2000,2000,2,,https://www.repark.jp/parking_user/time/result/detail/?park=REP0014637&st=4&pref=13
四谷左門町第５,repark-rep0006612,,35.685614503799,139.72115801283,self_propelled,2,TRUE,,,hourly,250,15,,ハイルーフ,5000,1900,2000,2000,2,,https://www.repark.jp/parking_user/time/result/detail/?park=REP0006612&st=4&pref=13
信濃町第３,repark-rep0016242,,35.682914751912,139.71883055244,self_propelled,8,TRUE,,,hourly,350,10,,ハイルーフ,5000,1900,2000,2000,8,,https://www.repark.jp/parking_user/time/result/detail/?park=REP0016242&st=4&pref=13
信濃町第２,repark-rep0005442,,35.68343137845,139.7196776803,self_propelled,13,TRUE,,,hourly,350,10,,ハイルーフ,5000,1900,2000,2000,13,,https://www.repark.jp/parking_user/time/result/detail/?park=REP0005442&st=4&pref=13
高田馬場１丁目第３,repark-rep0026165,東京都新宿区高田馬場１丁目３２,35.710547637169,139.70336667529,self_propelled,11,TRUE,,,hourly,450,12,,ハイルーフ,5000,1900,2000,2000,11,,https://www.repark.jp/parking_user/time/result/detail/?park=REP0026165&st=4&pref=13
明治神宮外苑アイススケート場駐車場,repark-rep0022387,,35.679998335095,139.71529486936,self_propelled,9,TRUE,,,hourly,600,60,,ハイルーフ,5000,1900,2000,2000,9,,https://www.repark.jp/parking_user/time/result/detail/?park=REP0022387&st=4&pref=13
三井ガーデンホテル神宮外苑の杜プレミア駐車場,repark-rep0023048,,35.680084443483,139.71567261203,self_propelled,28,FALSE,,,hourly,600,60,,ハイルーフ,5000,1900,2000,2000,28,,https://www.repark.jp/parking_user/time/result/detail/?park=REP0023048&st=4&pref=13
新宿若松町第４,repark-rep0016180,,35.702604359362,139.72149053589,self_propelled,4,TRUE,,,hourly,250,15,,ハイルーフ,5000,1900,2000,2000,4,,https://www.repark.jp/parking_user/time/result/detail/?park=REP0016180&st=4&pref=13
新宿須賀町,repark-rep0026007,,35.685128452648,139.72160799784,self_propelled,4,TRUE,,,hourly,250,15,,ハイルーフ,5000,1900,2000,2000,4,,https://www.repark.jp/parking_user/time/result/detail/?park=REP0026007&st=4&pref=13
牛込柳町駅前第２,repark-rep0028385,東京都新宿区原町２丁目３８,35.699326983585,139.72444877512,self_propelled,3,TRUE,,,hourly,330,15,,ハイルーフ,5000,1900,2000,2000,3,,https://www.repark.jp/parking_user/time/result/detail/?park=REP0028385&st=4&pref=13
コーシャハイム高田馬場,repark-rep0024953,東京都新宿区高田馬場４丁目１５ー１,35.711900232359,139.70118346133,self_propelled,5,TRUE,,,hourly,200,30,,ハイルーフ,5000,1900,2000,2000,5,,https://www.repark.jp/parking_user/time/result/detail/?park=REP0024953&st=4&pref=13
高田馬場４丁目第８,repark-rep0028465,東京都新宿区高田馬場４丁目２９ー２３,35.711725190291,139.69770320242,self_propelled,12,TRUE,,,hourly,350,15,,ハイルーフ,5000,1900,2000,2000,12,,https://www.repark.jp/parking_user/time/result/detail/?park=REP0028465&st=4&pref=13
高田馬場３丁目第１２,repark-rep0029029,東京都新宿区高田馬場３丁目３２‐５,35.711400201328,139.69634499718,self_propelled,23,TRUE,,,hourly,220,25,,ハイルーフ,5000,1900,2000,2000,23,,https://www.repark.jp/parking_user/time/result/detail/?park=REP0029029&st=4&pref=13
高田馬場４丁目第６,repark-rep0022478,東京都新宿区高田馬場４丁目１２,35.712927912275,139.70186113572,self_propelled,5,TRUE,,,hourly,450,12,,ハイルーフ,5000,1900,2000,2000,5,,https://www.repark.jp/parking_user/time/result/detail/?park=REP0022478&st=4&pref=13
上落合１丁目第３,repark-rep0003973,東京都新宿区上落合１丁目４－５,35.71094739559,139.69198426919,self_propelled,4,TRUE,,,hourly,250,12,,ハイルーフ,5000,1900,2000,2000,4,,https://www.repark.jp/parking_user/time/result/detail/?park=REP0003973&st=4&pref=13
四谷坂町,repark-rep0027704,,35.68889758558,139.72687960848,self_propelled,8,TRUE,,,hourly,330,12,,ハイルーフ,5000,1900,2000,2000,8,,https://www.repark.jp/parking_user/time/result/detail/?park=REP0027704&st=4&pref=13
南元町,repark-rep0024059,,35.68215379605,139.72305245885,self_propelled,5,TRUE,,,hourly,250,20,,ハイルーフ,5000,1900,2000,2000,5,,https://www.repark.jp/parking_user/time/result/detail/?park=REP0024059&st=4&pref=13
市谷薬王寺町,repark-rep0025796,,35.697966068995,139.72735970704,self_propelled,6,TRUE,,,hourly,330,20,,ハイルーフ,5000,1900,2000,2000,6,,https://www.repark.jp/parking_user/time/result/detail/?park=REP0025796&st=4&pref=13
早稲田町,repark-rep0026796,,35.705770715648,139.72314858639,self_propelled,4,TRUE,,,hourly,220,15,,ハイルーフ,5000,1900,2000,2000,4,,https://www.repark.jp/parking_user/time/result/detail/?park=REP0026796&st=4&pref=13
新宿若葉１丁目第２,repark-rep0028536,東京都新宿区若葉１丁目１１ー７,35.685189634293,139.72602707202,self_propelled,9,TRUE,,,hourly,330,15,,ハイルーフ,5000,1900,2000,2000,9,,https://www.repark.jp/parking_user/time/result/detail/?park=REP0028536&st=4&pref=13
高田馬場３丁目第８,repark-rep0014447,東京都新宿区高田馬場３丁目５ー４,35.71462497352,139.70304984786,self_propelled,6,TRUE,,,hourly,350,12,,ハイルーフ,5000,1900,2000,2000,6,,https://www.repark.jp/parking_user/time/result/detail/?park=REP0014447&st=4&pref=13
早稲田鶴巻町第７,repark-rep0017619,,35.706678968122,139.72404291429,self_propelled,4,TRUE,,,hourly,250,20,,ハイルーフ,5000,1900,2000,2000,4,,https://www.repark.jp/parking_user/time/result/detail/?park=REP0017619&st=4&pref=13
下落合１丁目第５,repark-rep0011314,東京都新宿区下落合１丁目３ー２２,35.715080478683,139.70298594319,self_propelled,20,TRUE,,,hourly,330,15,,ハイルーフ,5000,1900,2000,2000,20,,https://www.repark.jp/parking_user/time/result/detail/?park=REP0011314&st=4&pref=13
西早稲田１丁目第４,repark-rep0028310,東京都新宿区西早稲田１丁目９ー３７,35.709795252332,139.72126800125,self_propelled,1,TRUE,,,hourly,250,12,,ハイルーフ,5000,1900,2000,2000,1,,https://www.repark.jp/parking_user/time/result/detail/?park=REP0028310&st=4&pref=13
早稲田鶴巻町,repark-rep0003895,,35.707406673593,139.7244039618,self_propelled,3,TRUE,,,hourly,350,20,,ハイルーフ,5000,1900,2000,2000,3,,https://www.repark.jp/parking_user/time/result/detail/?park=REP0003895&st=4&pref=13
新宿南榎町,repark-rep0014796,,35.702726685153,139.72818164156,self_propelled,16,TRUE,,,hourly,220,15,,ハイルーフ,5000,1900,2000,2000,16,,https://www.repark.jp/parking_user/time/result/detail/?park=REP0014796&st=4&pref=13
下落合１丁目第６,repark-rep0015839,東京都新宿区下落合１丁目９ー２,35.716085864705,139.69941119378,self_propelled,12,TRUE,,,hourly,250,20,,ハイルーフ,5000,1900,2000,2000,12,,https://www.repark.jp/parking_user/time/result/detail/?park=REP0015839&st=4&pref=13
早稲田鶴巻町第８,repark-rep0021029,,35.709081488873,139.72408446721,self_propelled,6,TRUE,,,hourly,250,30,,ハイルーフ,5000,1900,2000,2000,6,,https://www.repark.jp/parking_user/time/result/detail/?park=REP0021029&st=4&pref=13
上落合１丁目第６,repark-rep0027260,東京都新宿区上落合１丁目２３ー４,35.714163704548,139.69118140976,self_propelled,3,TRUE,,,hourly,250,12,,ハイルーフ,5000,1900,2000,2000,3,,https://www.repark.jp/parking_user/time/result/detail/?park=REP0027260&st=4&pref=13
早稲田鶴巻町第４,repark-rep0007393,,35.710117476836,139.72338447764,self_propelled,6,TRUE,,,hourly,250,15,,ハイルーフ,5000,1900,2000,2000,6,,https://www.repark.jp/parking_user/time/result/detail/?park=REP0007393&st=4&pref=13
上落合１丁目第４,repark-rep0004573,東京都新宿区上落合１丁目１２－１４,35.715169185476,139.6930978713,self_propelled,3,TRUE,,,hourly,250,15,,ハイルーフ,5000,1900,2000,2000,3,,https://www.repark.jp/parking_user/time/result/detail/?park=REP0004573&st=4&pref=13
上落合３丁目,repark-rep0011893,東京都新宿区上落合３丁目８ー２５,35.710977820689,139.68467654168,self_propelled,27,TRUE,,,hourly,200,25,,ハイルーフ,5000,1900,2000,2000,27,,https://www.repark.jp/parking_user/time/result/detail/?park=REP0011893&st=4&pref=13
新宿矢来町第６,repark-rep0027708,,35.701182445208,139.73046485605,self_propelled,5,TRUE,,,hourly,220,20,,ハイルーフ,5000,1900,2000,2000,5,,https://www.repark.jp/parking_user/time/result/detail/?park=REP0027708&st=4&pref=13
市谷本村町,repark-rep0013355,,35.690872464681,139.73205131004,self_propelled,3,TRUE,,,hourly,330,10,,ハイルーフ,5000,1900,2000,2000,3,,https://www.repark.jp/parking_user/time/result/detail/?park=REP0013355&st=4&pref=13
早稲田鶴巻町第６,repark-rep0007796,,35.709242604084,139.72531213484,self_propelled,2,TRUE,,,hourly,250,15,,ハイルーフ,5000,1900,2000,2000,2,,https://www.repark.jp/parking_user/time/result/detail/?park=REP0007796&st=4&pref=13
下落合駅前,repark-rep0009247,東京都新宿区下落合１丁目１５ー１５,35.716388534597,139.69507542892,self_propelled,3,TRUE,,,hourly,200,20,,ハイルーフ,5000,1900,2000,2000,3,,https://www.repark.jp/parking_user/time/result/detail/?park=REP0009247&st=4&pref=13
早稲田鶴巻町第９,repark-rep0027220,,35.70960367397,139.72511213482,self_propelled,3,TRUE,,,hourly,250,15,,ハイルーフ,5000,1900,2000,2000,3,,https://www.repark.jp/parking_user/time/result/detail/?park=REP0027220&st=4&pref=13
新宿榎町,repark-rep0021609,,35.705040343274,139.72913145615,self_propelled,3,TRUE,,,hourly,250,12,,ハイルーフ,5000,1900,2000,2000,3,,https://www.repark.jp/parking_user/time/result/detail/?park=REP0021609&st=4&pref=13
新宿矢来町第３,repark-rep0011818,,35.702737845029,139.73104807,self_propelled,7,TRUE,,,hourly,220,10,,ハイルーフ,5000,1900,2000,2000,7,,https://www.repark.jp/parking_user/time/result/detail/?park=REP0011818&st=4&pref=13
新宿矢来町第４,repark-rep0021229,,35.702410107469,139.73135639248,self_propelled,2,TRUE,,,hourly,220,10,,ハイルーフ,5000,1900,2000,2000,2,,https://www.repark.jp/parking_user/time/result/detail/?park=REP0021229&st=4&pref=13
新宿箪笥町,repark-rep0022314,,35.699765967395,139.73256474688,self_propelled,1,TRUE,,,hourly,260,10,,ハイルーフ,5000,1900,2000,2000,1,,https://www.repark.jp/parking_user/time/result/detail/?park=REP0022314&st=4&pref=13
新宿矢来町第５,repark-rep0027532,,35.702535096332,139.73148415411,self_propelled,4,TRUE,,,hourly,220,10,,ハイルーフ,5000,1900,2000,2000,4,,https://www.repark.jp/parking_user/time/result/detail/?park=REP0027532&st=4&pref=13
新宿山吹町,repark-rep0005355,,35.707859478846,139.7287369141,self_propelled,5,TRUE,,,hourly,350,20,,ハイルーフ,5000,1900,2000,2000,5,,https://www.repark.jp/parking_user/time/result/detail/?park=REP0005355&st=4&pref=13
市谷左内町,repark-rep0012217,,35.694658206364,139.73408985542,self_propelled,9,TRUE,,,hourly,330,12,,ハイルーフ,5000,1900,2000,2000,9,,https://www.repark.jp/parking_user/time/result/detail/?park=REP0012217&st=4&pref=13
下落合４丁目第４,repark-rep0027311,東京都新宿区下落合４丁目５ー４,35.717791156718,139.69479760941,self_propelled,11,TRUE,,,hourly,220,20,,ハイルーフ,5000,1900,2000,2000,11,,https://www.repark.jp/parking_user/time/result/detail/?park=REP0027311&st=4&pref=13
市谷長延寺町,repark-rep0019430,,35.694627663315,139.73458703753,self_propelled,25,TRUE,,,hourly,330,12,,ハイルーフ,5000,1900,2000,2000,25,,https://www.repark.jp/parking_user/time/result/detail/?park=REP0019430&st=4&pref=13
中落合１丁目,repark-rep0022248,東京都新宿区中落合１丁目４ー７,35.717496680369,139.69114237053,self_propelled,2,TRUE,,,hourly,220,15,,ハイルーフ,5000,1900,2000,2000,2,,https://www.repark.jp/parking_user/time/result/detail/?park=REP0022248&st=4&pref=13
下落合３丁目第２,repark-rep0003267,東京都新宿区下落合３丁目１－１２,35.721638146342,139.70499380748,self_propelled,4,TRUE,,,hourly,250,20,,ハイルーフ,5000,1900,2000,2000,4,,https://www.repark.jp/parking_user/time/result/detail/?park=REP0003267&st=4&pref=13
下落合３丁目第４,repark-rep0028110,東京都新宿区下落合３丁目１ー１４,35.721624265328,139.70536599921,self_propelled,5,TRUE,,,hourly,250,12,,ハイルーフ,5000,1900,2000,2000,5,,https://www.repark.jp/parking_user/time/result/detail/?park=REP0028110&st=4&pref=13
新宿下落合四郵便局駐車場,repark-rep0022997,東京都新宿区下落合４丁目２６ー６新宿下落合四郵便局,35.721968511627,139.69615563727,self_propelled,6,TRUE,,,hourly,400,30,,ハイルーフ,5000,1900,2000,2000,6,,https://www.repark.jp/parking_user/time/result/detail/?park=REP0022997&st=4&pref=13
新宿袋町,repark-rep0017000,,35.700113251853,139.73826703532,self_propelled,11,TRUE,,,hourly,350,15,,ハイルーフ,5000,1900,2000,2000,11,,https://www.repark.jp/parking_user/time/result/detail/?park=REP0017000&st=4&pref=13
中落合２丁目第２,repark-rep0022218,東京都新宿区中落合２丁目２５ー１１,35.721115745759,139.69162827453,self_propelled,9,TRUE,,,hourly,220,20,,ハイルーフ,5000,1900,2000,2000,9,,https://www.repark.jp/parking_user/time/result/detail/?park=REP0022218&st=4&pref=13
筑土八幡町第２,repark-rep0009591,,35.703404599651,139.74014728361,self_propelled,3,TRUE,,,hourly,450,25,,ハイルーフ,5000,1900,2000,2000,3,,https://www.repark.jp/parking_user/time/result/detail/?park=REP0009591&st=4&pref=13
西落合１丁目,repark-rep0005346,東京都新宿区西落合１丁目３３－１９,35.718296385774,139.67917388368,self_propelled,12,TRUE,,,hourly,150,20,,ハイルーフ,5000,1900,2000,2000,12,,https://www.repark.jp/parking_user/time/result/detail/?park=REP0005346&st=4&pref=13
西落合２丁目,repark-rep0005890,東京都新宿区西落合２丁目８－４,35.718832434295,139.67887943845,self_propelled,3,TRUE,,,hourly,150,20,,ハイルーフ,5000,1900,2000,2000,3,,https://www.repark.jp/parking_user/time/result/detail/?park=REP0005890&st=4&pref=13
西落合１丁目第３,repark-rep0007663,東京都新宿区西落合１丁目２２ー１３,35.720868360229,139.68075141224,self_propelled,5,TRUE,,,hourly,250,15,,ハイルーフ,5000,1900,2000,2000,5,,https://www.repark.jp/parking_user/time/result/detail/?park=REP0007663&st=4&pref=13
新宿新小川町第５,repark-rep0028249,,35.704246211193,139.74218318678,self_propelled,16,TRUE,,,hourly,330,15,,ハイルーフ,5000,1900,2000,2000,16,,https://www.repark.jp/parking_user/time/result/detail/?park=REP0028249&st=4&pref=13
西落合１丁目第６,repark-rep0011708,東京都新宿区西落合１丁目２４ー１４,35.721623826642,139.6802486412,self_propelled,5,TRUE,,,hourly,250,20,,ハイルーフ,5000,1900,2000,2000,5,,https://www.repark.jp/parking_user/time/result/detail/?park=REP0011708&st=4&pref=13
西落合３丁目第３,repark-rep0008815,東京都新宿区西落合３丁目１ー１２,35.723090382741,139.68293723939,self_propelled,7,TRUE,,,hourly,220,40,,ハイルーフ,5000,1900,2000,2000,7,,https://www.repark.jp/parking_user/time/result/detail/?park=REP0008815&st=4&pref=13
西落合１丁目第９,repark-rep0028724,東京都新宿区西落合１丁目２５‐２,35.721793253539,139.68030696156,self_propelled,8,TRUE,,,hourly,250,20,,ハイルーフ,5000,1900,2000,2000,8,,https://www.repark.jp/parking_user/time/result/detail/?park=REP0028724&st=4&pref=13
西落合１丁目第８,repark-rep0027191,東京都新宿区西落合１丁目３０ー１５,35.721432166509,139.67946815885,self_propelled,4,TRUE,,,hourly,250,20,,ハイルーフ,5000,1900,2000,2000,4,,https://www.repark.jp/parking_user/time/result/detail/?park=REP0027191&st=4&pref=13
西落合１丁目第７,repark-rep0021228,東京都新宿区西落合１丁目２９ー５,35.72140160818,139.67909041363,self_propelled,3,TRUE,,,hourly,250,20,,ハイルーフ,5000,1900,2000,2000,3,,https://www.repark.jp/parking_user/time/result/detail/?park=REP0021228&st=4&pref=13
新宿新小川町第２,repark-rep0012009,,35.704057364468,139.74344697952,self_propelled,3,TRUE,,,hourly,300,20,,ハイルーフ,5000,1900,2000,2000,3,,https://www.repark.jp/parking_user/time/result/detail/?park=REP0012009&st=4&pref=13
西落合３丁目第５,repark-rep0013175,東京都新宿区西落合３丁目９ー１９,35.72295981381,139.68134015504,self_propelled,3,TRUE,,,hourly,250,60,,ハイルーフ,5000,1900,2000,2000,3,,https://www.repark.jp/parking_user/time/result/detail/?park=REP0013175&st=4&pref=13
飯田橋ＭＦビル,repark-rep0016468,,35.704101810099,139.74375528487,self_propelled,8,TRUE,,,hourly,330,15,,ハイルーフ,5000,1900,2000,2000,8,,https://www.repark.jp/parking_user/time/result/detail/?park=REP0016468&st=4&pref=13
西落合１丁目第５,repark-rep0008179,東京都新宿区西落合１丁目２６ー１６,35.722609836398,139.68049024174,self_propelled,3,TRUE,,,hourly,150,15,,ハイルーフ,5000,1900,2000,2000,3,,https://www.repark.jp/parking_user/time/result/detail/?park=REP0008179&st=4&pref=13
西落合３丁目第２,repark-rep0006291,東京都新宿区西落合３丁目６,35.725354007206,139.68165390774,self_propelled,28,TRUE,,,hourly,200,60,,ハイルーフ,5000,1900,2000,2000,28,,https://www.repark.jp/parking_user/time/result/detail/?park=REP0006291&st=4&pref=13
西落合４丁目第２,repark-rep0007731,東京都新宿区西落合４丁目２ー１５,35.726809399433,139.68118999025,self_propelled,6,TRUE,,,hourly,250,20,,ハイルーフ,5000,1900,2000,2000,6,,https://www.repark.jp/parking_user/time/result/detail/?park=REP0007731&st=4&pref=13
ローソン新宿西落合３丁目,repark-rep0012489,東京都新宿区西落合３丁目２８ー７,35.725215031478,139.67583773116,self_propelled,16,TRUE,,,hourly,300,20,,ハイルーフ,5000,1900,2000,2000,16,,https://www.repark.jp/parking_user/time/result/detail/?park=REP0012489&st=4&pref=13
文京ガーデン南パーキング,repark-rep0024452,東京都文京区小石川１丁目１ー１,35.708854223334,139.75197382749,self_propelled,18,TRUE,,,hourly,400,30,,ハイルーフ,5300,1950,2000,2600,18,,https://www.repark.jp/parking_user/time/result/detail/?park=REP0024452&st=4&pref=13
本郷１丁目第３,repark-rep0027187,東京都文京区本郷１丁目３５ー１０,35.707284986402,139.75427648652,self_propelled,3,TRUE,,,hourly,330,12,,ハイルーフ,5000,1900,2000,2000,3,,https://www.repark.jp/parking_user/time/result/detail/?park=REP0027187&st=4&pref=13
ラクーア駐車場,repark-rep0025821,東京都文京区春日１丁目１ー１,35.706640604921,139.75390987963,self_propelled,168,TRUE,,,hourly,400,30,,ハイルーフ,5000,1900,2000,2000,168,,https://www.repark.jp/parking_user/time/result/detail/?park=REP0025821&st=4&pref=13
小石川２丁目第２,repark-rep0020281,東京都文京区小石川２丁目４ー１７,35.708670878961,139.75025731249,self_propelled,2,TRUE,,,hourly,300,15,,ハイルーフ,5000,1900,2000,2000,2,,https://www.repark.jp/parking_user/time/result/detail/?park=REP0020281&st=4&pref=13
東京ドーム駐車場,repark-rep0025818,東京都文京区後楽１丁目３ー１７東京ドーム,35.70579902168,139.75355161514,self_propelled,350,FALSE,,,hourly,400,30,,ハイルーフ,5000,1900,2000,2000,350,,https://www.repark.jp/parking_user/time/result/detail/?park=REP0025818&st=4&pref=13
本郷４丁目第３,repark-rep0013124,東京都文京区本郷４丁目１２ー９,35.708851511266,139.75573184952,self_propelled,4,TRUE,,,hourly,440,20,,ハイルーフ,5000,1900,2000,2000,4,,https://www.repark.jp/parking_user/time/result/detail/?park=REP0013124&st=4&pref=13
文京ガーデン北パーキング,repark-rep0025024,東京都文京区小石川１丁目５－１,35.710717925526,139.75274867732,self_propelled,15,TRUE,,,hourly,400,30,,普通車,5300,1950,1550,2300,15,,https://www.repark.jp/parking_user/time/result/detail/?park=REP0025024&st=4&pref=13
西片１丁目第３,repark-rep0028372,東京都文京区西片１丁目２ー９,35.711392875261,139.75400409798,self_propelled,1,TRUE,,,hourly,330,12,,ハイルーフ,5000,1900,2000,2000,1,,https://www.repark.jp/parking_user/time/result/detail/?park=REP0028372&st=4&pref=13
西片１丁目第２,repark-rep0028314,東京都文京区西片１丁目２ー９,35.71141232085,139.7541568624,self_propelled,3,TRUE,,,hourly,330,12,,ハイルーフ,5000,1900,2000,2000,3,,https://www.repark.jp/parking_user/time/result/detail/?park=REP0028314&st=4&pref=13
本郷５丁目第７,repark-rep0028817,東京都文京区本郷５丁目６‐２,35.709654220437,139.75670673159,self_propelled,3,TRUE,,,hourly,330,15,,ハイルーフ,5000,1900,2000,2000,3,,https://www.repark.jp/parking_user/time/result/detail/?park=REP0028817&st=4&pref=13
本郷４丁目第５,repark-rep0020893,東京都文京区本郷４丁目３５ー１０,35.709062627679,139.7573344837,self_propelled,3,TRUE,,,hourly,220,20,,ハイルーフ,5000,1900,2000,2000,3,,https://www.repark.jp/parking_user/time/result/detail/?park=REP0020893&st=4&pref=13
本郷４丁目第４,repark-rep0021107,東京都文京区本郷４丁目７ー１,35.707496131242,139.75750676452,self_propelled,2,TRUE,,,hourly,440,15,,ハイルーフ,5000,1900,2000,2000,2,,https://www.repark.jp/parking_user/time/result/detail/?park=REP0021107&st=4&pref=13
本郷１丁目第２,repark-rep0025573,東京都文京区本郷１丁目２５ー２ＴＲＵＳＴＶＡＬＵＥ本郷,35.704901948272,139.75656529516,self_propelled,1,TRUE,,,hourly,330,12,,ハイルーフ,5000,1900,2000,2000,1,,https://www.repark.jp/parking_user/time/result/detail/?park=REP0025573&st=4&pref=13
東京ドームホテル駐車場,repark-rep0025823,東京都文京区後楽１丁目３ー６１,35.703429836185,139.753843367,self_propelled,251,TRUE,,,hourly,400,30,,ハイルーフ,5000,1900,2000,2000,251,,https://www.repark.jp/parking_user/time/result/detail/?park=REP0025823&st=4&pref=13
東京ドーム第２駐車場,repark-rep0025820,東京都文京区後楽１丁目３ー６１,35.703477069774,139.75479606371,self_propelled,61,FALSE,,,hourly,400,30,,ハイルーフ,5000,1900,2000,2000,61,,https://www.repark.jp/parking_user/time/result/detail/?park=REP0025820&st=4&pref=13
後楽２丁目第２,repark-rep0005742,東京都文京区後楽２丁目２０－１７,35.707315392291,139.74586885036,self_propelled,2,TRUE,,,hourly,330,20,,一般,5000,1900,2100,2000,2,,https://www.repark.jp/parking_user/time/result/detail/?park=REP0005742&st=4&pref=13
本郷１丁目第４,repark-rep0028590,東京都文京区本郷１丁目２７ー１,35.705399136887,139.75769851116,self_propelled,4,TRUE,,,hourly,330,12,,ハイルーフ,5000,1900,2000,2000,4,,https://www.repark.jp/parking_user/time/result/detail/?park=REP0028590&st=4&pref=13
本郷５丁目第４,repark-rep0026251,東京都文京区本郷５丁目１６ー１３,35.710109752232,139.75816770028,self_propelled,5,TRUE,,,hourly,330,30,,ハイルーフ,5000,1900,2000,2000,5,,https://www.repark.jp/parking_user/time/result/detail/?park=REP0026251&st=4&pref=13
後楽２丁目,repark-rep0003158,東京都文京区後楽２丁目１８－２０,35.706607132009,139.74575222566,self_propelled,5,TRUE,,,hourly,220,15,,ハイルーフ,5000,1900,2000,2000,5,,https://www.repark.jp/parking_user/time/result/detail/?park=REP0003158&st=4&pref=13
本郷５丁目第５,repark-rep0027125,東京都文京区本郷５丁目１４ー１,35.710790234185,139.75809545295,self_propelled,10,TRUE,,,hourly,220,20,,ハイルーフ,5000,1900,2000,2000,10,,https://www.repark.jp/parking_user/time/result/detail/?park=REP0027125&st=4&pref=13
本郷２丁目第３,repark-rep0021830,東京都文京区本郷２丁目１７ー９,35.70460478348,139.75802074397,self_propelled,3,TRUE,,,hourly,330,15,,ハイルーフ,5000,1900,2000,2000,3,,https://www.repark.jp/parking_user/time/result/detail/?park=REP0021830&st=4&pref=13
後楽２丁目第３,repark-rep0013604,東京都文京区後楽２丁目２１ー４,35.707187605302,139.74457174197,self_propelled,4,TRUE,,,hourly,220,12,,ハイルーフ,5000,1900,2000,2000,4,,https://www.repark.jp/parking_user/time/result/detail/?park=REP0013604&st=4&pref=13
西片１丁目,repark-rep0008156,東京都文京区西片１丁目１９ー１４,35.71478693394,139.75267071943,self_propelled,2,TRUE,,,hourly,220,10,,ハイルーフ,5000,1900,2000,2000,2,,https://www.repark.jp/parking_user/time/result/detail/?park=REP0008156&st=4&pref=13
本郷郵便局駐車場,repark-rep0014163,東京都文京区本郷６丁目１ー１５本郷郵便局,35.71197901243,139.75903420825,self_propelled,5,TRUE,,,hourly,300,15,,ハイルーフ,5000,1900,2000,2000,5,,https://www.repark.jp/parking_user/time/result/detail/?park=REP0014163&st=4&pref=13
本郷５丁目第６,repark-rep0028241,東京都文京区本郷５丁目３０ー２１,35.711723492009,139.7595064038,self_propelled,9,TRUE,,,hourly,330,12,,ハイルーフ,5000,1900,2000,2000,9,,https://www.repark.jp/parking_user/time/result/detail/?park=REP0028241&st=4&pref=13
小石川１丁目,repark-rep0008890,東京都文京区小石川１丁目２５ー７,35.715022945078,139.74839884034,self_propelled,3,TRUE,,,hourly,220,12,,ハイルーフ,5000,1900,2000,2000,3,,https://www.repark.jp/parking_user/time/result/detail/?park=REP0008890&st=4&pref=13
春日２丁目第３,repark-rep0025270,東京都文京区春日２丁目１７ー９,35.711639889516,139.74356606448,self_propelled,4,TRUE,,,hourly,330,15,,ハイルーフ,5000,1900,2000,2000,4,,https://www.repark.jp/parking_user/time/result/detail/?park=REP0025270&st=4&pref=13
本郷６丁目,repark-rep0012901,東京都文京区本郷６丁目２２ー６,35.714645369072,139.75765086735,self_propelled,2,TRUE,,,hourly,220,15,,ハイルーフ,5000,1900,2000,2000,2,,https://www.repark.jp/parking_user/time/result/detail/?park=REP0012901&st=4&pref=13
西片２丁目第２,repark-rep0020685,東京都文京区西片２丁目１２ー３,35.715561902815,139.75563432562,self_propelled,8,TRUE,,,hourly,220,30,,ハイルーフ,5000,1900,2000,2000,8,,https://www.repark.jp/parking_user/time/result/detail/?park=REP0020685&st=4&pref=13
本郷３丁目第４,repark-rep0012705,東京都文京区本郷３丁目１７ー７,35.705735280098,139.76160094958,self_propelled,2,TRUE,,,hourly,330,10,,ハイルーフ,5000,1900,2000,2000,2,,https://www.repark.jp/parking_user/time/result/detail/?park=REP0012705&st=4&pref=13
本郷３丁目第３,repark-rep0008955,東京都文京区本郷３丁目１６ー１４,35.705199225222,139.76153153603,self_propelled,3,TRUE,,,hourly,330,12,,ハイルーフ,5000,1900,2000,2000,3,,https://www.repark.jp/parking_user/time/result/detail/?park=REP0008955&st=4&pref=13
本郷３丁目第２,repark-rep0007628,東京都文京区本郷３丁目１７ー１４,35.705168677002,139.76178984899,self_propelled,4,TRUE,,,hourly,330,10,,ハイルーフ,5000,1900,2000,2000,4,,https://www.repark.jp/parking_user/time/result/detail/?park=REP0007628&st=4&pref=13
白山２丁目第２,repark-rep0017364,東京都文京区白山２丁目１２ー１,35.716064473214,139.74682670095,self_propelled,3,TRUE,,,hourly,220,15,,ハイルーフ,5000,1900,2000,2000,3,,https://www.repark.jp/parking_user/time/result/detail/?park=REP0017364&st=4&pref=13
向丘１丁目第４,repark-rep0018132,東京都文京区向丘１丁目１ー６,35.716131321375,139.75766468678,self_propelled,9,TRUE,,,hourly,330,15,,ハイルーフ,5000,1900,2000,2000,9,,https://www.repark.jp/parking_user/time/result/detail/?park=REP0018132&st=4&pref=13
本郷３丁目,repark-rep0003676,東京都文京区本郷３丁目４０－１３,35.706499120824,139.76351464448,self_propelled,10,TRUE,,,hourly,330,10,,ハイルーフ,5000,1900,2000,2000,10,,https://www.repark.jp/parking_user/time/result/detail/?park=REP0003676&st=4&pref=13
向丘１丁目,repark-rep0000818,東京都文京区向丘１丁目３－４,35.71711453056,139.75653973494,self_propelled,7,TRUE,,,hourly,330,12,,ハイルーフ,5000,1900,2000,2000,7,,https://www.repark.jp/parking_user/time/result/detail/?park=REP0000818&st=4&pref=13
文京弥生２丁目第２,repark-rep0018564,東京都文京区弥生２丁目５ー２,35.715459251409,139.76225322566,self_propelled,3,TRUE,,,hourly,330,20,,ハイルーフ,5000,1900,2000,2000,3,,https://www.repark.jp/parking_user/time/result/detail/?park=REP0018564&st=4&pref=13
白山２丁目,repark-rep0013637,東京都文京区白山２丁目１４ー１４,35.717792043162,139.74555172728,self_propelled,1,TRUE,,,hourly,220,20,,ハイルーフ,5000,1900,2000,2000,1,,https://www.repark.jp/parking_user/time/result/detail/?park=REP0013637&st=4&pref=13
コーシャハイム小日向,repark-rep0025614,東京都文京区小日向１丁目２ー３,35.711781464882,139.73924419489,self_propelled,4,TRUE,,,hourly,330,20,,ハイルーフ,5000,1900,2000,2000,4,,https://www.repark.jp/parking_user/time/result/detail/?park=REP0025614&st=4&pref=13
湯島４丁目第２,repark-rep0027678,東京都文京区湯島４丁目１１ー１１,35.710387627962,139.76546430351,self_propelled,3,TRUE,,,hourly,330,20,,ハイルーフ,5000,1900,2000,2000,3,,https://www.repark.jp/parking_user/time/result/detail/?park=REP0027678&st=4&pref=13
白山１丁目第４,repark-rep0027390,東京都文京区白山１丁目３１ー７,35.719275327184,139.75177336428,self_propelled,3,TRUE,,,hourly,440,12,,ハイルーフ,5000,1900,2000,2000,3,,https://www.repark.jp/parking_user/time/result/detail/?park=REP0027390&st=4&pref=13
向丘２丁目第３,repark-rep0010271,東京都文京区向丘２丁目１ー６,35.717831164737,139.7591061558,self_propelled,6,TRUE,,,hourly,220,15,,ハイルーフ,5000,1900,2000,2000,6,,https://www.repark.jp/parking_user/time/result/detail/?park=REP0010271&st=4&pref=13
湯島４丁目,repark-rep0012545,東京都文京区湯島４丁目４ー１,35.707418509276,139.7659643987,self_propelled,3,TRUE,,,hourly,220,15,,ハイルーフ,5000,1900,2000,2000,3,,https://www.repark.jp/parking_user/time/result/detail/?park=REP0012545&st=4&pref=13
湯島２丁目第８,repark-rep0019146,東京都文京区湯島２丁目３ー７,35.703846655791,139.76518962751,self_propelled,3,TRUE,,,hourly,330,15,,ハイルーフ,5000,1900,2000,2000,3,,https://www.repark.jp/parking_user/time/result/detail/?park=REP0019146&st=4&pref=13
白山１丁目第３,repark-rep0023496,東京都文京区白山１丁目３２ー１３,35.719933605251,139.75265937139,self_propelled,1,TRUE,,,hourly,220,15,,ハイルーフ,5000,1900,2000,2000,1,,https://www.repark.jp/parking_user/time/result/detail/?park=REP0023496&st=4&pref=13
白山１丁目第２,repark-rep0005809,東京都文京区白山１丁目３２－１１,35.720083584745,139.7524038307,self_propelled,3,TRUE,,,hourly,440,12,,ハイルーフ,5000,1900,2000,2000,3,,https://www.repark.jp/parking_user/time/result/detail/?park=REP0005809&st=4&pref=13
文京弥生２丁目第３,repark-rep0022281,東京都文京区弥生２丁目２ー１５,35.713873361272,139.76518638808,self_propelled,13,TRUE,,,hourly,220,20,,ハイルーフ,5000,1900,2000,2000,13,,https://www.repark.jp/parking_user/time/result/detail/?park=REP0022281&st=4&pref=13
向丘１丁目第３,repark-rep0016536,東京都文京区向丘１丁目１３ー７,35.719714253121,139.75657572324,self_propelled,6,TRUE,,,hourly,330,12,,ハイルーフ,5000,1900,2000,2000,6,,https://www.repark.jp/parking_user/time/result/detail/?park=REP0016536&st=4&pref=13
湯島２丁目第７,repark-rep0017074,東京都文京区湯島２丁目８ー５,35.703921666544,139.76626453479,self_propelled,3,TRUE,,,hourly,330,15,,ハイルーフ,5000,1900,2000,2000,3,,https://www.repark.jp/parking_user/time/result/detail/?park=REP0017074&st=4&pref=13
白山４丁目,repark-rep0021930,東京都文京区白山４丁目３１ー９,35.720355727325,139.74952350138,self_propelled,1,TRUE,,,hourly,220,15,,ハイルーフ,5000,1900,2000,2000,1,,https://www.repark.jp/parking_user/time/result/detail/?park=REP0021930&st=4&pref=13
湯島２丁目第２,repark-rep0012017,東京都文京区湯島２丁目２２ー１０,35.705365971953,139.76711717547,self_propelled,2,TRUE,,,hourly,330,12,,ハイルーフ,5000,1900,2000,2000,2,,https://www.repark.jp/parking_user/time/result/detail/?park=REP0012017&st=4&pref=13
湯島２丁目第５,repark-rep0016096,東京都文京区湯島２丁目９ー２,35.703963335976,139.76665894411,self_propelled,1,TRUE,,,hourly,220,15,,ハイルーフ,5000,1900,2000,2000,1,,https://www.repark.jp/parking_user/time/result/detail/?park=REP0016096&st=4&pref=13
湯島２丁目第４,repark-rep0014047,東京都文京区湯島２丁目２５ー１０,35.706182560022,139.76765598212,self_propelled,5,TRUE,,,hourly,330,20,,ハイルーフ,5000,1900,2000,2000,5,,https://www.repark.jp/parking_user/time/result/detail/?park=REP0014047&st=4&pref=13
白山駅前第２,repark-rep0027922,東京都文京区白山５丁目３６ー６,35.721033475914,139.75198993234,self_propelled,8,TRUE,,,hourly,440,12,,ハイルーフ,5000,1900,2000,2000,8,,https://www.repark.jp/parking_user/time/result/detail/?park=REP0027922&st=4&pref=13
向丘２丁目第７,repark-rep0027381,東京都文京区向丘２丁目１３ー１４,35.72045031678,139.7583727621,self_propelled,3,TRUE,,,hourly,550,15,,ハイルーフ,5000,1900,2000,2000,3,,https://www.repark.jp/parking_user/time/result/detail/?park=REP0027381&st=4&pref=13
小日向１丁目第２,repark-rep0014495,東京都文京区小日向１丁目２０ー１２,35.713425694908,139.7370054161,self_propelled,3,TRUE,,,hourly,220,15,,ハイルーフ,5000,1900,2000,2000,3,,https://www.repark.jp/parking_user/time/result/detail/?park=REP0014495&st=4&pref=13
小石川５丁目第７,repark-rep0022482,東京都文京区小石川５丁目１３ー５,35.717472542756,139.74036606166,self_propelled,4,TRUE,,,hourly,220,15,,ハイルーフ,5000,1900,2000,2000,4,,https://www.repark.jp/parking_user/time/result/detail/?park=REP0022482&st=4&pref=13
小日向１丁目,repark-rep0006000,東京都文京区小日向１丁目２６－１０,35.715381062689,139.73826077681,self_propelled,3,TRUE,,,hourly,330,20,,ハイルーフ,5000,1900,2000,2000,3,,https://www.repark.jp/parking_user/time/result/detail/?park=REP0006000&st=4&pref=13
小石川５丁目第２,repark-rep0011319,東京都文京区小石川５丁目１４ー１,35.717497532515,139.73993276349,self_propelled,2,TRUE,,,hourly,330,20,,ハイルーフ,5000,1900,2000,2000,2,,https://www.repark.jp/parking_user/time/result/detail/?park=REP0011319&st=4&pref=13
湯島３丁目第１２,repark-rep0027575,東京都文京区湯島３丁目２ー３シルバーピア湯島,35.703330091328,139.76783943124,self_propelled,6,TRUE,,,hourly,330,20,,ハイルーフ,5000,1900,2000,2000,6,,https://www.repark.jp/parking_user/time/result/detail/?park=REP0027575&st=4&pref=13
湯島３丁目第３,repark-rep0003840,東京都文京区湯島３丁目１７,35.705291015484,139.76915034307,self_propelled,6,TRUE,,,hourly,330,20,,ハイルーフ,5000,1900,2000,2000,6,,https://www.repark.jp/parking_user/time/result/detail/?park=REP0003840&st=4&pref=13
根津駅前,repark-rep0023233,東京都文京区根津２丁目１８ー１１,35.718420107085,139.76576668653,self_propelled,4,TRUE,,,hourly,220,15,,ハイルーフ,5000,1900,2000,2000,4,,https://www.repark.jp/parking_user/time/result/detail/?park=REP0023233&st=4&pref=13
小石川５丁目,repark-rep0004718,東京都文京区小石川５丁目１９－３８,35.718491841586,139.73829674258,self_propelled,13,TRUE,,,hourly,330,20,,ハイルーフ,5000,1900,2000,2000,13,,https://www.repark.jp/parking_user/time/result/detail/?park=REP0004718&st=4&pref=13
千駄木２丁目第２,repark-rep0022359,東京都文京区千駄木２丁目２,35.721441928047,139.76131136139,self_propelled,6,TRUE,,,hourly,330,20,,ハイルーフ,5000,1900,2000,2000,6,,https://www.repark.jp/parking_user/time/result/detail/?park=REP0022359&st=4&pref=13
小石川５丁目第４,repark-rep0012158,東京都文京区小石川５丁目１９ー２,35.718577936372,139.73783844268,self_propelled,8,TRUE,,,hourly,500,15,,ハイルーフ,5000,1900,2000,2000,8,,https://www.repark.jp/parking_user/time/result/detail/?park=REP0012158&st=4&pref=13
湯島３丁目第９,repark-rep0019234,東京都文京区湯島３丁目４０ー５,35.70760471057,139.77221664888,self_propelled,5,TRUE,,,hourly,440,15,,ハイルーフ,5000,1900,2000,2000,5,,https://www.repark.jp/parking_user/time/result/detail/?park=REP0019234&st=4&pref=13
大塚３丁目第２,repark-rep0017322,東京都文京区大塚３丁目３４ー１１,35.721108254881,139.73979371978,self_propelled,5,TRUE,,,hourly,330,12,,ハイルーフ,5000,1900,2000,2000,5,,https://www.repark.jp/parking_user/time/result/detail/?park=REP0017322&st=4&pref=13
千石１丁目第３,repark-rep0021223,東京都文京区千石１丁目１ー１５,35.723891383684,139.74514592513,self_propelled,6,TRUE,,,hourly,330,20,,ハイルーフ,5000,1900,2000,2000,6,,https://www.repark.jp/parking_user/time/result/detail/?park=REP0021223&st=4&pref=13
千駄木１丁目第５,repark-rep0027314,東京都文京区千駄木１丁目２２ー１０,35.723741651354,139.75955306852,self_propelled,4,TRUE,,,hourly,330,30,,ハイルーフ,5000,1900,2000,2000,4,,https://www.repark.jp/parking_user/time/result/detail/?park=REP0027314&st=4&pref=13
千駄木１丁目第４,repark-rep0025786,東京都文京区千駄木１丁目１０ー５,35.72364722284,139.75986138027,self_propelled,6,TRUE,,,hourly,330,30,,ハイルーフ,5000,1900,2000,2000,6,,https://www.repark.jp/parking_user/time/result/detail/?park=REP0025786&st=4&pref=13
小日向２丁目第２,repark-rep0025271,東京都文京区小日向２丁目２８ー４,35.713761692295,139.73255854794,self_propelled,3,TRUE,,,hourly,220,30,,ハイルーフ,5000,1900,2000,2000,3,,https://www.repark.jp/parking_user/time/result/detail/?park=REP0025271&st=4&pref=13
千駄木１丁目,repark-rep0020453,東京都文京区千駄木１丁目１９ー１０,35.724608187292,139.75735598909,self_propelled,2,TRUE,,,hourly,330,10,,ハイルーフ,5000,1900,2000,2000,2,,https://www.repark.jp/parking_user/time/result/detail/?park=REP0020453&st=4&pref=13
大塚３丁目第３,repark-rep0025173,東京都文京区大塚３丁目３５ー１０,35.721352656613,139.73881323395,self_propelled,6,TRUE,,,hourly,330,20,,ハイルーフ,5000,1900,2000,2000,6,,https://www.repark.jp/parking_user/time/result/detail/?park=REP0025173&st=4&pref=13
白山５丁目,repark-rep0016420,東京都文京区白山５丁目２１ー６,35.725235747233,139.74871501082,self_propelled,3,TRUE,,,hourly,330,20,,ハイルーフ,5000,1900,2000,2000,3,,https://www.repark.jp/parking_user/time/result/detail/?park=REP0016420&st=4&pref=13
音羽１丁目第３,repark-rep0015610,東京都文京区音羽１丁目２５ー９,35.712945074459,139.73037265608,self_propelled,6,TRUE,,,hourly,440,12,,ハイルーフ,5000,1900,2000,2000,6,,https://www.repark.jp/parking_user/time/result/detail/?park=REP0015610&st=4&pref=13
千駄木３丁目第４,repark-rep0009689,東京都文京区千駄木３丁目１ー１５,35.725338751606,139.76230554439,self_propelled,3,TRUE,,,hourly,220,15,,ハイルーフ,5000,1900,2000,2000,3,,https://www.repark.jp/parking_user/time/result/detail/?park=REP0009689&st=4&pref=13
千石１丁目第２,repark-rep0015723,東京都文京区千石１丁目２３ー７,35.726629987522,139.74559020613,self_propelled,2,TRUE,,,hourly,330,15,,ハイルーフ,5000,1900,2000,2000,2,,https://www.repark.jp/parking_user/time/result/detail/?park=REP0015723&st=4&pref=13
本駒込２丁目第３,repark-rep0021380,東京都文京区本駒込２丁目１０,35.72727993348,139.74647621362,self_propelled,3,TRUE,,,hourly,330,15,,ハイルーフ,5000,1900,2000,2000,3,,https://www.repark.jp/parking_user/time/result/detail/?park=REP0021380&st=4&pref=13
千駄木３丁目第５,repark-rep0014719,東京都文京区千駄木３丁目４０ー１,35.726033142486,139.76351652285,self_propelled,5,TRUE,,,hourly,440,20,,ハイルーフ,5000,1900,2000,2000,5,,https://www.repark.jp/parking_user/time/result/detail/?park=REP0014719&st=4&pref=13
千駄木３丁目第６,repark-rep0014720,東京都文京区千駄木３丁目４０ー２０,35.725883172208,139.7642997977,self_propelled,8,TRUE,,,hourly,330,15,,ハイルーフ,5000,1900,2000,2000,8,,https://www.repark.jp/parking_user/time/result/detail/?park=REP0014720&st=4&pref=13
千駄木３丁目第７,repark-rep0021928,東京都文京区千駄木３丁目１０ー１,35.727235743774,139.76076391807,self_propelled,5,TRUE,,,hourly,330,20,,ハイルーフ,5000,1900,2000,2000,5,,https://www.repark.jp/parking_user/time/result/detail/?park=REP0021928&st=4&pref=13
本駒込２丁目第２,repark-rep0019600,東京都文京区本駒込２丁目１０ー１０,35.72791041559,139.74610677127,self_propelled,1,TRUE,,,hourly,330,20,,ハイルーフ,5000,1900,2000,2000,1,,https://www.repark.jp/parking_user/time/result/detail/?park=REP0019600&st=4&pref=13
千駄木３丁目第３,repark-rep0007995,東京都文京区千駄木３丁目４０ー１６,35.726249801691,139.76439699475,self_propelled,3,TRUE,,,hourly,330,15,,ハイルーフ,5000,1900,2000,2000,3,,https://www.repark.jp/parking_user/time/result/detail/?park=REP0007995&st=4&pref=13
本駒込２丁目,repark-rep0010400,東京都文京区本駒込２丁目１２ー１７,35.729551947278,139.74841205923,self_propelled,4,TRUE,,,hourly,330,12,,ハイルーフ,5000,1900,2000,2000,4,,https://www.repark.jp/parking_user/time/result/detail/?park=REP0010400&st=4&pref=13
音羽２丁目第２,repark-rep0026724,東京都文京区音羽２丁目３ー７,35.718941615908,139.72813089913,self_propelled,2,TRUE,,,hourly,330,12,,ハイルーフ,5000,1900,2000,2000,2,,https://www.repark.jp/parking_user/time/result/detail/?park=REP0026724&st=4&pref=13
音羽２丁目第３,repark-rep0028479,東京都文京区音羽２丁目３ー９,35.719194367601,139.72817255104,self_propelled,3,TRUE,,,hourly,330,12,,ハイルーフ,5000,1900,2000,2000,3,,https://www.repark.jp/parking_user/time/result/detail/?park=REP0028479&st=4&pref=13
音羽２丁目,repark-rep0026539,東京都文京区音羽２丁目３ー７,35.719047159503,139.72806701058,self_propelled,7,TRUE,,,hourly,330,12,,ハイルーフ,5000,1900,2000,2000,7,,https://www.repark.jp/parking_user/time/result/detail/?park=REP0026539&st=4&pref=13
千石４丁目第３,repark-rep0012203,東京都文京区千石４丁目５ー１５,35.728601906257,139.74024611515,self_propelled,4,TRUE,,,hourly,330,20,,ハイルーフ,5000,1900,2000,2000,4,,https://www.repark.jp/parking_user/time/result/detail/?park=REP0012203&st=4&pref=13
千石３丁目第３,repark-rep0025247,東京都文京区千石３丁目２４ー１０,35.728487978016,139.73730191991,self_propelled,4,TRUE,,,hourly,220,15,,ハイルーフ,5000,1900,2000,2000,4,,https://www.repark.jp/parking_user/time/result/detail/?park=REP0025247&st=4&pref=13
本駒込４丁目,repark-rep0028077,東京都文京区本駒込４丁目１７ー１４,35.731676855161,139.75615020774,self_propelled,8,TRUE,,,hourly,220,20,,ハイルーフ,5000,1900,2000,2000,8,,https://www.repark.jp/parking_user/time/result/detail/?park=REP0028077&st=4&pref=13
本駒込６丁目第３,repark-rep0004245,東京都文京区本駒込６丁目５－６,35.730885029158,139.74219862487,self_propelled,2,TRUE,,,hourly,330,25,,ハイルーフ,5000,1900,2000,2000,2,,https://www.repark.jp/parking_user/time/result/detail/?park=REP0004245&st=4&pref=13
大塚５丁目第３,repark-rep0025101,東京都文京区大塚５丁目２４ー２,35.723563355767,139.72877230005,self_propelled,3,TRUE,,,hourly,220,20,,ハイルーフ,5000,1900,2000,2000,3,,https://www.repark.jp/parking_user/time/result/detail/?park=REP0025101&st=4&pref=13
本駒込５丁目,repark-rep0006548,東京都文京区本駒込５丁目１９－４,35.732932179779,139.7506478289,self_propelled,2,TRUE,,,hourly,330,15,,ハイルーフ,5000,1900,2000,2000,2,,https://www.repark.jp/parking_user/time/result/detail/?park=REP0006548&st=4&pref=13
大塚６丁目第３,repark-rep0018466,東京都文京区大塚６丁目１ー１,35.725304828753,139.72838613993,self_propelled,2,TRUE,,,hourly,330,10,,ハイルーフ,5000,1900,2000,2000,2,,https://www.repark.jp/parking_user/time/result/detail/?park=REP0018466&st=4&pref=13
大塚６丁目第２,repark-rep0012829,東京都文京区大塚６丁目１１ー１３,35.724915971448,139.72781953889,self_propelled,7,TRUE,,,hourly,330,10,,ハイルーフ,5000,1900,2000,2000,7,,https://www.repark.jp/parking_user/time/result/detail/?park=REP0012829&st=4&pref=13
大塚６丁目,repark-rep0010002,東京都文京区大塚６丁目１６ー１,35.726685190435,139.72571407628,self_propelled,3,TRUE,,,hourly,550,12,,ハイルーフ,5000,1900,2000,2000,3,,https://www.repark.jp/parking_user/time/result/detail/?park=REP0010002&st=4&pref=13
東上野３丁目第５,repark-rep0012561,東京都台東区東上野３丁目３６ー５,35.71134889003,139.77999916314,self_propelled,7,TRUE,,,hourly,300,15,,ハイルーフ,5000,1900,2000,2000,7,,https://www.repark.jp/parking_user/time/result/detail/?park=REP0012561&st=4&pref=13
東上野４丁目第２,repark-rep0027247,東京都台東区東上野４丁目２５ー３３,35.714309695691,139.78064897284,self_propelled,4,TRUE,,,hourly,330,20,,ハイルーフ,5000,1900,2000,2000,4,,https://www.repark.jp/parking_user/time/result/detail/?park=REP0027247&st=4&pref=13
上野７丁目第２,repark-rep0022263,東京都台東区上野７丁目７ー１３,35.71346252263,139.77826309899,self_propelled,4,TRUE,,,hourly,440,12,,ハイルーフ,5000,1900,2000,2000,4,,https://www.repark.jp/parking_user/time/result/detail/?park=REP0022263&st=4&pref=13
上野７丁目第３,repark-rep0023609,東京都台東区上野７丁目７ー１２,35.713715277282,139.77847418082,self_propelled,3,TRUE,,,hourly,440,12,,ハイルーフ,5000,1900,2000,2000,3,,https://www.repark.jp/parking_user/time/result/detail/?park=REP0023609&st=4&pref=13
東上野５丁目第３,repark-rep0011664,東京都台東区東上野５丁目５ー１５,35.712801555103,139.78242945042,self_propelled,22,TRUE,,,hourly,300,20,,ハイルーフ,5000,1900,2000,2000,22,,https://www.repark.jp/parking_user/time/result/detail/?park=REP0011664&st=4&pref=13
東上野３丁目第１０,repark-rep0026158,東京都台東区東上野３丁目２０ー１,35.711446072526,139.77833263007,self_propelled,11,TRUE,,,hourly,,,,ハイルーフ,5000,1900,2000,2000,11,,https://www.repark.jp/parking_user/time/result/detail/?park=REP0026158&st=4&pref=13
東上野３丁目第４,repark-rep0011662,東京都台東区東上野３丁目２０,35.711418297545,139.77833540912,self_propelled,13,TRUE,,,hourly,330,20,,ハイルーフ,5000,1900,2000,2000,13,,https://www.repark.jp/parking_user/time/result/detail/?park=REP0011662&st=4&pref=13
上野駅前,repark-rep0028810,東京都台東区東上野３丁目１５‐９,35.710968351979,139.77869651085,self_propelled,2,TRUE,,,hourly,250,12,,ハイルーフ,5000,1900,2000,2000,2,,https://www.repark.jp/parking_user/time/result/detail/?park=REP0028810&st=4&pref=13
東上野３丁目,repark-rep0004582,東京都台東区東上野３丁目３３－２,35.710904536835,139.78247675584,self_propelled,7,TRUE,,,hourly,330,20,,ハイルーフ,5000,1900,2000,2000,7,,https://www.repark.jp/parking_user/time/result/detail/?park=REP0004582&st=4&pref=13
東上野６丁目第２,repark-rep0028067,東京都台東区東上野６丁目１０ー４（ＬａＳａｎｔｅ上野）,35.712862677904,139.78347936041,self_propelled,2,TRUE,,,hourly,300,20,,ハイルーフ,5000,1900,2000,2000,2,,https://www.repark.jp/parking_user/time/result/detail/?park=REP0028067&st=4&pref=13
東上野３丁目第６,repark-rep0012902,東京都台東区東上野３丁目６－９,35.709899059709,139.78083527146,self_propelled,1,TRUE,,,hourly,220,15,,ハイルーフ,5000,1900,2000,2000,1,,https://www.repark.jp/parking_user/time/result/detail/?park=REP0012902&st=4&pref=13
東上野３丁目第２,repark-rep0007180,東京都台東区東上野３丁目３２－１６,35.710410147336,139.78262676615,self_propelled,4,TRUE,,,hourly,440,20,,ハイルーフ,5000,1900,2000,2000,4,,https://www.repark.jp/parking_user/time/result/detail/?park=REP0007180&st=4&pref=13
東上野６丁目,repark-rep0009982,東京都台東区東上野６丁目４ー１２,35.711790593233,139.78477652405,self_propelled,2,TRUE,,,hourly,220,20,,ハイルーフ,5000,1900,2000,2000,2,,https://www.repark.jp/parking_user/time/result/detail/?park=REP0009982&st=4&pref=13
元浅草２丁目,repark-rep0020524,東京都台東区元浅草２丁目６ー２,35.709385261665,139.78289623496,self_propelled,1,TRUE,,,hourly,220,20,,ハイルーフ,5000,1900,2000,2000,1,,https://www.repark.jp/parking_user/time/result/detail/?park=REP0020524&st=4&pref=13
元浅草１丁目第５,repark-rep0018249,東京都台東区元浅草１丁目２１ー５,35.709274165071,139.78304067308,self_propelled,3,TRUE,,,hourly,330,20,,ハイルーフ,5000,1900,2000,2000,3,,https://www.repark.jp/parking_user/time/result/detail/?park=REP0018249&st=4&pref=13
北上野１丁目,repark-rep0008628,東京都台東区北上野１丁目１ー９,35.716631703869,139.78262647969,self_propelled,2,TRUE,,,hourly,330,20,,ハイルーフ,5000,1900,2000,2000,2,,https://www.repark.jp/parking_user/time/result/detail/?park=REP0008628&st=4&pref=13
上野イーストタワー駐車場,repark-rep0013463,東京都台東区東上野２丁目１７,35.709085185861,139.77671898479,self_propelled,10,FALSE,,,hourly,400,30,,ハイルーフ,5000,1900,2000,2000,10,,https://www.repark.jp/parking_user/time/result/detail/?park=REP0013463&st=4&pref=13
松が谷１丁目第３,repark-rep0011190,東京都台東区松が谷１丁目１４ー１７,35.712004478665,139.78588197739,self_propelled,3,TRUE,,,hourly,330,25,,ハイルーフ,5000,1900,2000,2000,3,,https://www.repark.jp/parking_user/time/result/detail/?park=REP0011190&st=4&pref=13
松が谷１丁目第５,repark-rep0025039,東京都台東区松が谷１丁目５ー１４,35.711935041674,139.78591531182,self_propelled,10,TRUE,,,hourly,330,20,,ハイルーフ,5000,1900,2000,2000,10,,https://www.repark.jp/parking_user/time/result/detail/?park=REP0025039&st=4&pref=13
松が谷１丁目第２,repark-rep0006188,東京都台東区松が谷１丁目１４番地,35.712382217639,139.7860180607,self_propelled,12,TRUE,,,hourly,330,25,,ハイルーフ,5000,1900,2000,2000,12,,https://www.repark.jp/parking_user/time/result/detail/?park=REP0006188&st=4&pref=13
東上野１丁目第１０,repark-rep0022657,東京都台東区東上野１丁目１７ー５,35.70853803107,139.7772161907,self_propelled,3,TRUE,,,hourly,550,25,,ハイルーフ,5000,1900,2000,2000,3,,https://www.repark.jp/parking_user/time/result/detail/?park=REP0022657&st=4&pref=13
北上野２丁目第３,repark-rep0009940,東京都台東区北上野２丁目１ー１２ニューイーストコート上野,35.716006812578,139.78502353139,self_propelled,3,TRUE,,,hourly,330,20,,ハイルーフ,5000,1900,1950,2000,3,,https://www.repark.jp/parking_user/time/result/detail/?park=REP0009940&st=4&pref=13
松が谷２丁目第４,repark-rep0014014,東京都台東区松が谷２丁目２０ー１３,35.714354245815,139.78694011531,self_propelled,2,TRUE,,,hourly,200,15,,ハイルーフ,5000,1900,2000,2000,2,,https://www.repark.jp/parking_user/time/result/detail/?park=REP0014014&st=4&pref=13
松が谷２丁目第３,repark-rep0014011,東京都台東区松が谷２丁目２０ー１６,35.714001508261,139.78709567364,self_propelled,4,TRUE,,,hourly,200,15,,ハイルーフ,5000,1900,2000,2000,4,,https://www.repark.jp/parking_user/time/result/detail/?park=REP0014011&st=4&pref=13
元浅草１丁目第４,repark-rep0012224,東京都台東区元浅草１丁目７ー５,35.707479925406,139.78375180764,self_propelled,5,TRUE,,,hourly,330,20,,ハイルーフ,5000,1900,2000,2000,5,,https://www.repark.jp/parking_user/time/result/detail/?park=REP0012224&st=4&pref=13
元浅草１丁目第６,repark-rep0022631,東京都台東区元浅草１丁目７ー２,35.707296614166,139.78393235609,self_propelled,2,TRUE,,,hourly,330,20,,ハイルーフ,5000,1900,2000,2000,2,,https://www.repark.jp/parking_user/time/result/detail/?park=REP0022631&st=4&pref=13
新御徒町駅前,repark-rep0011188,東京都台東区小島２丁目２１ー１０,35.706816088489,139.78266859517,self_propelled,5,TRUE,,,hourly,330,20,,ハイルーフ,5000,1900,2000,2000,5,,https://www.repark.jp/parking_user/time/result/detail/?park=REP0011188&st=4&pref=13
小島２丁目第２,repark-rep0024297,東京都台東区小島２丁目２１ー１４,35.70679110038,139.78319632949,self_propelled,2,TRUE,,,hourly,330,20,,ハイルーフ,5000,1900,2000,2000,2,,https://www.repark.jp/parking_user/time/result/detail/?park=REP0024297&st=4&pref=13
台東４丁目第３,repark-rep0007115,東京都台東区台東４丁目１８,35.706354964808,139.7791189112,self_propelled,5,TRUE,,,hourly,330,20,,ハイルーフ,5000,1900,2000,2000,5,,https://www.repark.jp/parking_user/time/result/detail/?park=REP0007115&st=4&pref=13
松が谷３丁目,repark-rep0001419,東京都台東区松が谷３丁目３－１３,35.715715216872,139.78726224789,self_propelled,5,TRUE,,,hourly,220,20,,ハイルーフ,5000,1900,2000,2000,5,,https://www.repark.jp/parking_user/time/result/detail/?park=REP0001419&st=4&pref=13
台東４丁目第５,repark-rep0015631,東京都台東区台東４丁目３ー７,35.705893913281,139.77975776737,self_propelled,3,TRUE,,,hourly,330,20,,ハイルーフ,5000,1900,2000,2000,3,,https://www.repark.jp/parking_user/time/result/detail/?park=REP0015631&st=4&pref=13
元浅草３丁目第３,repark-rep0005808,東京都台東区元浅草３丁目１６,35.707904930452,139.78664321494,self_propelled,7,TRUE,,,hourly,330,15,,ハイルーフ,5000,1900,2000,2000,7,,https://www.repark.jp/parking_user/time/result/detail/?park=REP0005808&st=4&pref=13
台東４丁目第６,repark-rep0018453,東京都台東区台東４丁目７ー２,35.7058299886,139.77726631123,self_propelled,2,TRUE,,,hourly,220,10,,ハイルーフ,4700,1900,2000,2000,2,,https://www.repark.jp/parking_user/time/result/detail/?park=REP0018453&st=4&pref=13
松が谷４丁目第３,repark-rep0025683,東京都台東区松が谷４丁目６ー８,35.717295602589,139.78724828728,self_propelled,5,TRUE,,,hourly,220,20,,ハイルーフ,5000,1900,2000,2000,5,,https://www.repark.jp/parking_user/time/result/detail/?park=REP0025683&st=4&pref=13
北上野２丁目第６,repark-rep0019060,東京都台東区北上野２丁目２７ー１０,35.718728755836,139.78567612986,self_propelled,3,TRUE,,,hourly,330,25,,ハイルーフ,5000,1900,2000,2000,3,,https://www.repark.jp/parking_user/time/result/detail/?park=REP0019060&st=4&pref=13
小島２丁目第３,repark-rep0027149,東京都台東区小島２丁目６ー５,35.705305139733,139.78270477274,self_propelled,4,TRUE,,,hourly,330,30,,ハイルーフ,5000,1900,2000,2000,4,,https://www.repark.jp/parking_user/time/result/detail/?park=REP0027149&st=4&pref=13
台東３丁目第５,repark-rep0019732,東京都台東区台東３丁目４０ー８,35.705393920186,139.77709134584,self_propelled,6,TRUE,,,hourly,330,15,,ハイルーフ,5000,1900,2000,2000,6,,https://www.repark.jp/parking_user/time/result/detail/?park=REP0019732&st=4&pref=13
北上野２丁目第５,repark-rep0019063,東京都台東区北上野２丁目２７ー１０,35.718887072582,139.78571500834,self_propelled,3,TRUE,,,hourly,330,25,,ハイルーフ,5000,1900,2000,2000,3,,https://www.repark.jp/parking_user/time/result/detail/?park=REP0019063&st=4&pref=13
吾妻橋１丁目,repark-rep0027873,東京都墨田区吾妻橋１丁目１６ー１０,35.70903282425,139.8002364781,self_propelled,7,TRUE,,,hourly,220,30,,ハイルーフ,5000,1900,2000,2000,7,,https://www.repark.jp/parking_user/time/result/detail/?park=REP0027873&st=4&pref=13
吾妻橋２丁目第６,repark-rep0023907,東京都墨田区吾妻橋２丁目６ー７,35.709349521271,139.80389449272,self_propelled,2,TRUE,,,hourly,330,30,,ハイルーフ,5000,1900,2000,2000,2,,https://www.repark.jp/parking_user/time/result/detail/?park=REP0023907&st=4&pref=13
東駒形３丁目第２,repark-rep0028721,東京都墨田区東駒形３丁目２０‐１水口ビル２階,35.707808018764,139.80387234354,self_propelled,6,TRUE,,,hourly,220,20,,ハイルーフ,5000,1900,2000,2000,6,,https://www.repark.jp/parking_user/time/result/detail/?park=REP0028721&st=4&pref=13
東駒形２丁目,repark-rep0007038,東京都墨田区東駒形２丁目１８－２,35.70729969584,139.80133646655,self_propelled,2,TRUE,,,hourly,220,30,,ハイルーフ,5000,1900,2000,2000,2,,https://www.repark.jp/parking_user/time/result/detail/?park=REP0007038&st=4&pref=13
吾妻橋３丁目,repark-rep0006463,東京都墨田区吾妻橋３丁目２番３号,35.708513534136,139.80586659043,self_propelled,2,TRUE,,,hourly,220,15,,ハイルーフ,5000,1900,2000,2000,2,,https://www.repark.jp/parking_user/time/result/detail/?park=REP0006463&st=4&pref=13
東駒形３丁目,repark-rep0007895,東京都墨田区東駒形３丁目１６ー１０,35.706835900501,139.80385850045,self_propelled,5,TRUE,,,hourly,220,20,,ハイルーフ,5000,1900,2000,2000,5,,https://www.repark.jp/parking_user/time/result/detail/?park=REP0007895&st=4&pref=13
東駒形４丁目第２,repark-rep0006935,東京都墨田区東駒形４丁目１９番４号,35.707088674461,139.80517504648,self_propelled,3,TRUE,,,hourly,220,20,,ハイルーフ,5000,1900,2000,2000,3,,https://www.repark.jp/parking_user/time/result/detail/?park=REP0006935&st=4&pref=13
東駒形４丁目第３,repark-rep0021841,東京都墨田区東駒形４丁目１０ー５,35.706419318522,139.80617499425,self_propelled,5,TRUE,,,hourly,220,20,,ハイルーフ,5000,1900,2000,2000,5,,https://www.repark.jp/parking_user/time/result/detail/?park=REP0021841&st=4&pref=13
向島３丁目第５,repark-rep0011797,東京都墨田区向島３丁目１０ー３,35.71370190418,139.80792729139,self_propelled,5,TRUE,,,hourly,330,15,,ハイルーフ,5000,1900,2000,2000,5,,https://www.repark.jp/parking_user/time/result/detail/?park=REP0011797&st=4&pref=13
本所２丁目第３,repark-rep0014085,東京都墨田区本所２丁目２０ー３,35.704844414056,139.80200041347,self_propelled,7,TRUE,,,hourly,220,20,,ハイルーフ,5000,1900,2000,2000,7,,https://www.repark.jp/parking_user/time/result/detail/?park=REP0014085&st=4&pref=13
向島３丁目第２,repark-rep0008491,東京都墨田区向島３丁目２５ー９,35.713140880308,139.80947996527,self_propelled,4,TRUE,,,hourly,220,30,,ハイルーフ,5000,1900,2000,2000,4,,https://www.repark.jp/parking_user/time/result/detail/?park=REP0008491&st=4&pref=13
向島３丁目第４,repark-rep0010272,東京都墨田区向島３丁目８ー１,35.714460176645,139.80910493567,self_propelled,4,TRUE,,,hourly,330,30,,ハイルーフ,5000,1900,2000,2000,4,,https://www.repark.jp/parking_user/time/result/detail/?park=REP0010272&st=4&pref=13
業平１丁目第９,repark-rep0019998,東京都墨田区業平１丁目１１ー１０,35.708283077259,139.81013013496,self_propelled,2,TRUE,,,hourly,220,30,,ハイルーフ,5000,1900,2000,2000,2,,https://www.repark.jp/parking_user/time/result/detail/?park=REP0019998&st=4&pref=13
業平１丁目第４,repark-rep0008085,東京都墨田区業平１丁目７ー２１,35.707430394277,139.81029127284,self_propelled,5,TRUE,,,hourly,220,20,,ハイルーフ,5000,1900,2000,2000,5,,https://www.repark.jp/parking_user/time/result/detail/?park=REP0008085&st=4&pref=13
本所２丁目第２,repark-rep0006982,東京都墨田区本所２丁目４－１３,35.702914062715,139.80183940473,self_propelled,2,TRUE,,,hourly,220,20,,ハイルーフ,5000,1900,2000,2000,2,,https://www.repark.jp/parking_user/time/result/detail/?park=REP0006982&st=4&pref=13
本所４丁目第２,repark-rep0008144,東京都墨田区本所４丁目１６ー９,35.703130771693,139.80556963995,self_propelled,3,TRUE,,,hourly,220,20,,ハイルーフ,5000,1900,2000,2000,3,,https://www.repark.jp/parking_user/time/result/detail/?park=REP0008144&st=4&pref=13
本所４丁目,repark-rep0006572,東京都墨田区本所４丁目１１番４,35.703511305251,139.80667230886,self_propelled,11,TRUE,,,hourly,220,20,,ハイルーフ,5000,1900,2000,2000,11,,https://www.repark.jp/parking_user/time/result/detail/?park=REP0006572&st=4&pref=13
業平２丁目第２,repark-rep0007330,東京都墨田区業平２丁目１０ー３,35.707691495009,139.81130228786,self_propelled,2,TRUE,,,hourly,330,30,,ハイルーフ,5000,1900,2000,2000,2,,https://www.repark.jp/parking_user/time/result/detail/?park=REP0007330&st=4&pref=13
業平２丁目第５,repark-rep0012911,東京都墨田区業平２丁目１１ー６,35.707991473111,139.8118855586,self_propelled,3,TRUE,,,hourly,330,30,,ハイルーフ,5000,1900,2000,2000,3,,https://www.repark.jp/parking_user/time/result/detail/?park=REP0012911&st=4&pref=13
本所３丁目第２,repark-rep0014464,東京都墨田区本所３丁目７ー１６,35.702389166356,139.80455864706,self_propelled,3,TRUE,,,hourly,220,20,,ハイルーフ,5000,1900,2000,2000,3,,https://www.repark.jp/parking_user/time/result/detail/?park=REP0014464&st=4&pref=13
石原３丁目第３,repark-rep0019860,東京都墨田区石原３丁目３２ー６,35.702161405683,139.804155913,self_propelled,4,TRUE,,,hourly,300,20,,ハイルーフ,5000,1900,2000,2000,4,,https://www.repark.jp/parking_user/time/result/detail/?park=REP0019860&st=4&pref=13
本所１丁目第４,repark-rep0014832,東京都墨田区本所１丁目４ー５,35.703177828022,139.79637317954,self_propelled,13,TRUE,,,hourly,220,20,,ハイルーフ,5000,1900,2000,2000,13,,https://www.repark.jp/parking_user/time/result/detail/?park=REP0014832&st=4&pref=13
石原２丁目第２,repark-rep0014559,東京都墨田区石原２丁目２５ー７,35.701880847701,139.80226719477,self_propelled,2,TRUE,,,hourly,330,20,,ハイルーフ,5000,1900,2000,2000,2,,https://www.repark.jp/parking_user/time/result/detail/?park=REP0014559&st=4&pref=13
石原３丁目第４,repark-rep0024798,東京都墨田区石原３丁目３４ー１,35.701758641799,139.80249773625,self_propelled,2,TRUE,,,hourly,330,20,,ハイルーフ,5000,1900,2000,2000,2,,https://www.repark.jp/parking_user/time/result/detail/?park=REP0024798&st=4&pref=13
向島５丁目,repark-rep0009854,東京都墨田区向島５丁目３１ー８,35.716329449068,139.8106713865,self_propelled,4,TRUE,,,hourly,220,20,,ハイルーフ,5000,1900,2000,2000,4,,https://www.repark.jp/parking_user/time/result/detail/?park=REP0009854&st=4&pref=13
向島５丁目第３,repark-rep0025442,東京都墨田区向島５丁目２９ー２,35.716754399297,139.81042416547,self_propelled,4,TRUE,,,hourly,220,20,,ハイルーフ,5000,1900,2000,2000,4,,https://www.repark.jp/parking_user/time/result/detail/?park=REP0025442&st=4&pref=13
石原４丁目第３,repark-rep0028622,東京都墨田区石原４丁目３５,35.701847578584,139.80577801574,self_propelled,12,TRUE,,,hourly,220,20,,ハイルーフ,5000,1900,2000,2000,12,,https://www.repark.jp/parking_user/time/result/detail/?park=REP0028622&st=4&pref=13
業平３丁目第４,repark-rep0012893,東京都墨田区業平３丁目１０ー４,35.707874841147,139.81317712371,self_propelled,4,TRUE,,,hourly,330,20,,ハイルーフ,5000,1900,2000,2000,4,,https://www.repark.jp/parking_user/time/result/detail/?park=REP0012893&st=4&pref=13
横川１丁目,repark-rep0006898,東京都墨田区横川１丁目１３－８,35.703578022801,139.80997480951,self_propelled,4,TRUE,,,hourly,220,20,,ハイルーフ,5000,1900,2000,2000,4,,https://www.repark.jp/parking_user/time/result/detail/?park=REP0006898&st=4&pref=13
東京スカイツリー前,repark-rep0007754,東京都墨田区押上１丁目１１ー２,35.710607901367,139.81429634891,self_propelled,2,TRUE,,,hourly,220,10,,ハイルーフ,5000,1900,2000,2000,2,,https://www.repark.jp/parking_user/time/result/detail/?park=REP0007754&st=4&pref=13
ＪＭＦビル東陽町０１駐車場,repark-rep0027189,東京都江東区東陽４丁目１１ー３８ＪＭＦビル東陽町０１,35.673986866679,139.81706169453,self_propelled,12,TRUE,,,hourly,300,30,,ハイルーフ,5000,1900,2000,2000,12,,https://www.repark.jp/parking_user/time/result/detail/?park=REP0027189&st=4&pref=13
江東東陽５丁目第２,repark-rep0005394,東京都江東区東陽５丁目３１－５,35.672556427808,139.8149508247,self_propelled,3,TRUE,,,hourly,220,20,,ハイルーフ,5000,1900,2000,2000,3,,https://www.repark.jp/parking_user/time/result/detail/?park=REP0005394&st=4&pref=13
江東東陽４丁目,repark-rep0019259,東京都江東区東陽４丁目６ー７トーカンマンション東陽町（敷地内平面）,35.670692819213,139.81959219206,self_propelled,2,TRUE,,,hourly,220,10,,ハイルーフ,5000,1900,2000,2000,2,,https://www.repark.jp/parking_user/time/result/detail/?park=REP0019259&st=4&pref=13
江東東陽２丁目第４,repark-rep0014945,東京都江東区東陽２丁目５ー１８,35.669045712163,139.816087003,self_propelled,1,TRUE,,,hourly,220,12,,ハイルーフ,5000,1900,2000,2000,1,,https://www.repark.jp/parking_user/time/result/detail/?park=REP0014945&st=4&pref=13
江東東陽６丁目,repark-rep0026930,東京都江東区東陽６丁目５ー５,35.675811625798,139.81444516081,self_propelled,3,TRUE,,,hourly,220,20,,ハイルーフ,5000,1900,2000,2000,3,,https://www.repark.jp/parking_user/time/result/detail/?park=REP0026930&st=4&pref=13
新砂１丁目,repark-rep0008268,東京都江東区新砂１丁目１－１９,35.669115212188,139.81972003108,self_propelled,19,TRUE,,,hourly,300,15,,ハイルーフ,5000,1900,2000,2000,19,,https://www.repark.jp/parking_user/time/result/detail/?park=REP0008268&st=4&pref=13
江東東陽３丁目第３,repark-rep0007619,東京都江東区東陽３丁目２６ー２８,35.670320525204,139.8131899629,self_propelled,15,TRUE,,,hourly,220,20,,ハイルーフ,5000,1900,2000,2000,15,,https://www.repark.jp/parking_user/time/result/detail/?park=REP0007619&st=4&pref=13
南砂２丁目第２,repark-rep0006322,東京都江東区南砂２丁目２９－６,35.675756194524,139.82118904829,self_propelled,4,TRUE,,,hourly,220,25,,ハイルーフ,5000,1900,2000,2000,4,,https://www.repark.jp/parking_user/time/result/detail/?park=REP0006322&st=4&pref=13
江東千石１丁目第２,repark-rep0024095,東京都江東区千石１丁目６,35.676464327725,139.81408682751,self_propelled,11,TRUE,,,hourly,110,20,,ハイルーフ,5000,1900,2000,2000,11,,https://www.repark.jp/parking_user/time/result/detail/?park=REP0024095&st=4&pref=13
江東東陽５丁目第６,repark-rep0014983,東京都江東区東陽５丁目８ー１０,35.672503591321,139.81127891009,self_propelled,6,TRUE,,,hourly,330,30,,ハイルーフ,5000,1900,2000,2000,6,,https://www.repark.jp/parking_user/time/result/detail/?park=REP0014983&st=4&pref=13
江東東陽５丁目第７,repark-rep0020313,東京都江東区東陽５丁目８ー１１,35.672659125009,139.81095392991,self_propelled,9,TRUE,,,hourly,330,30,,ハイルーフ,5000,1900,2000,2000,9,,https://www.repark.jp/parking_user/time/result/detail/?park=REP0020313&st=4&pref=13
江東東陽３丁目第２,repark-rep0005243,東京都江東区東陽３丁目１７番,35.670017753002,139.81166788125,self_propelled,8,TRUE,,,hourly,220,20,,ハイルーフ,5000,1900,2000,2000,8,,https://www.repark.jp/parking_user/time/result/detail/?park=REP0005243&st=4&pref=13
江東東陽５丁目第９,repark-rep0026749,東京都江東区東陽５丁目６ー９,35.672109179611,139.8107123083,self_propelled,4,TRUE,,,hourly,330,30,,ハイルーフ,5000,1900,2000,2000,4,,https://www.repark.jp/parking_user/time/result/detail/?park=REP0026749&st=4&pref=13
江東東陽３丁目第７,repark-rep0028405,東京都江東区東陽３丁目８ー６,35.670231579348,139.80939028255,self_propelled,8,TRUE,,,hourly,330,20,,ハイルーフ,5000,1900,2000,2000,8,,https://www.repark.jp/parking_user/time/result/detail/?park=REP0028405&st=4&pref=13
南砂住宅,repark-rep0015766,東京都江東区南砂２丁目３ー７,35.670065200428,139.82486400514,self_propelled,7,TRUE,,,hourly,330,20,,ハイルーフ,5000,1900,2000,2000,7,,https://www.repark.jp/parking_user/time/result/detail/?park=REP0015766&st=4&pref=13
江東東陽３丁目第６,repark-rep0026089,東京都江東区東陽３丁目８ー９,35.66998160429,139.8092875246,self_propelled,14,TRUE,,,hourly,330,20,,ハイルーフ,5000,1900,2000,2000,14,,https://www.repark.jp/parking_user/time/result/detail/?park=REP0026089&st=4&pref=13
江東東陽３丁目,repark-rep0004734,東京都江東区東陽３丁目１,35.668676195536,139.80972365949,self_propelled,4,TRUE,,,hourly,220,40,,ハイルーフ,5000,1900,2000,2000,4,,https://www.repark.jp/parking_user/time/result/detail/?park=REP0004734&st=4&pref=13
新砂２丁目第２,repark-rep0017321,東京都江東区新砂２丁目１ー１７,35.669290301264,139.82589173347,self_propelled,3,TRUE,,,hourly,220,20,,ハイルーフ,5000,1900,2000,2000,3,,https://www.repark.jp/parking_user/time/result/detail/?park=REP0017321&st=4&pref=13
南砂４丁目,repark-rep0007044,東京都江東区南砂４丁目３－７,35.674220346289,139.82682753974,self_propelled,3,TRUE,,,hourly,220,25,,ハイルーフ,5000,1900,2000,2000,3,,https://www.repark.jp/parking_user/time/result/detail/?park=REP0007044&st=4&pref=13
江東石島,repark-rep0005137,,35.68005836841,139.81294786761,self_propelled,3,TRUE,,,hourly,220,20,,ハイルーフ,5000,1900,2000,2000,3,,https://www.repark.jp/parking_user/time/result/detail/?park=REP0005137&st=4&pref=13
江東塩浜郵便局駐車場,repark-rep0021593,東京都江東区塩浜２丁目２３ー２江東塩浜郵便局,35.664329497364,139.81309580159,self_propelled,3,TRUE,,,hourly,500,30,,ハイルーフ,5000,1900,2000,2000,3,,https://www.repark.jp/parking_user/time/result/detail/?park=REP0021593&st=4&pref=13
南砂４丁目第２,repark-rep0015007,東京都江東区南砂４丁目５ー６,35.674284259649,139.82861349947,self_propelled,4,TRUE,,,hourly,220,25,,ハイルーフ,5000,1900,2000,2000,4,,https://www.repark.jp/parking_user/time/result/detail/?park=REP0015007&st=4&pref=13
江東石島第４,repark-rep0022134,,35.681605401358,139.81159790848,self_propelled,3,TRUE,,,hourly,220,15,,ハイルーフ,5000,1900,2000,2000,3,,https://www.repark.jp/parking_user/time/result/detail/?park=REP0022134&st=4&pref=13
江東扇橋３丁目第２,repark-rep0008474,東京都江東区扇橋３丁目２ー９,35.682633185185,139.81822508878,self_propelled,3,TRUE,,,hourly,220,30,,ハイルーフ,5000,1900,2000,2000,3,,https://www.repark.jp/parking_user/time/result/detail/?park=REP0008474&st=4&pref=13
木場６丁目第２,repark-rep0020907,東京都江東区木場６丁目７ー１８,35.667684569134,139.80591846617,self_propelled,5,TRUE,,,hourly,440,30,,ハイルーフ,5000,1900,2000,2000,5,,https://www.repark.jp/parking_user/time/result/detail/?park=REP0020907&st=4&pref=13
北砂４丁目第２,repark-rep0006843,東京都江東区北砂４丁目２－５,35.678886527451,139.82764392307,self_propelled,27,TRUE,,,hourly,300,30,,ハイルーフ,5000,1900,1900,2000,27,,https://www.repark.jp/parking_user/time/result/detail/?park=REP0006843&st=4&pref=13
木場２丁目第２,repark-rep0011618,東京都江東区木場２丁目１６,35.672153502528,139.80405174842,self_propelled,4,TRUE,,,hourly,110,12,,ハイルーフ,5000,1900,2000,2000,4,,https://www.repark.jp/parking_user/time/result/detail/?park=REP0011618&st=4&pref=13
江東扇橋３丁目,repark-rep0005829,東京都江東区扇橋３丁目１６,35.683785830891,139.81776674077,self_propelled,3,TRUE,,,hourly,330,40,,ハイルーフ,5000,1900,2000,2000,3,,https://www.repark.jp/parking_user/time/result/detail/?park=REP0005829&st=4&pref=13
北砂３丁目第６,repark-rep0022365,東京都江東区北砂３丁目１ー６,35.67998641456,139.82791607283,self_propelled,2,TRUE,,,hourly,220,25,,ハイルーフ,5000,1900,2000,2000,2,,https://www.repark.jp/parking_user/time/result/detail/?park=REP0022365&st=4&pref=13
江東扇橋２丁目,repark-rep0012735,東京都江東区扇橋２丁目１４ー４,35.684238525781,139.81578077285,self_propelled,2,TRUE,,,hourly,110,15,,ハイルーフ,5000,1900,2000,2000,2,,https://www.repark.jp/parking_user/time/result/detail/?park=REP0012735&st=4&pref=13
三好３丁目,repark-rep0006371,東京都江東区三好３丁目１－２１,35.679025003272,139.80483747775,self_propelled,3,TRUE,,,hourly,220,20,,ハイルーフ,5000,1900,2000,2000,3,,https://www.repark.jp/parking_user/time/result/detail/?park=REP0006371&st=4&pref=13
木場２丁目第３,repark-rep0027107,東京都江東区木場２丁目１ー１,35.66917879965,139.80284642949,self_propelled,8,TRUE,,,hourly,220,15,,ハイルーフ,5000,1900,2000,2000,8,,https://www.repark.jp/parking_user/time/result/detail/?park=REP0027107&st=4&pref=13
江東冬木第３,repark-rep0025035,,35.675622550633,139.8026294848,self_propelled,1,TRUE,,,hourly,220,20,,ハイルーフ,5000,1900,2000,2000,1,,https://www.repark.jp/parking_user/time/result/detail/?park=REP0025035&st=4&pref=13
北砂３丁目第３,repark-rep0011004,東京都江東区北砂３丁目２８ー４,35.681016863932,139.82812156331,self_propelled,5,TRUE,,,hourly,220,20,,ハイルーフ,5000,1900,2000,2000,5,,https://www.repark.jp/parking_user/time/result/detail/?park=REP0011004&st=4&pref=13
北砂３丁目第４,repark-rep0013158,東京都江東区北砂３丁目２７ー１,35.680622472082,139.82874930734,self_propelled,1,TRUE,,,hourly,220,20,,ハイルーフ,5000,1900,2000,2000,1,,https://www.repark.jp/parking_user/time/result/detail/?park=REP0013158&st=4&pref=13
白河４丁目,repark-rep0004113,東京都江東区白河４丁目９－３,35.683669021162,139.80882304391,self_propelled,4,TRUE,,,hourly,330,30,,ハイルーフ,5000,1900,2000,2000,4,,https://www.repark.jp/parking_user/time/result/detail/?park=REP0004113&st=4&pref=13
北砂４丁目第４,repark-rep0009342,東京都江東区北砂４丁目１８ー７,35.679036568943,139.83093808759,self_propelled,3,TRUE,,,hourly,110,15,,ハイルーフ,5000,1900,2000,2000,3,,https://www.repark.jp/parking_user/time/result/detail/?park=REP0009342&st=4&pref=13
猿江２丁目,repark-rep0018458,東京都江東区猿江２丁目２ー９,35.685952215083,139.81484188392,self_propelled,4,TRUE,,,hourly,220,15,,ハイルーフ,5000,1900,2000,2000,4,,https://www.repark.jp/parking_user/time/result/detail/?park=REP0018458&st=4&pref=13
江東大島１丁目第３,repark-rep0024422,東京都江東区大島１丁目１ー５ＶＩＰ大島,35.685891216471,139.8209024944,self_propelled,5,TRUE,,,hourly,220,25,,ハイルーフ,5000,1900,2000,2000,5,,https://www.repark.jp/parking_user/time/result/detail/?park=REP0024422&st=4&pref=13
白河３丁目第５,repark-rep0005925,東京都江東区白河３丁目５,35.682302436099,139.80514563424,self_propelled,15,FALSE,,,hourly,220,25,,ハイルーフ,5000,1900,2000,2000,15,,https://www.repark.jp/parking_user/time/result/detail/?park=REP0005925&st=4&pref=13
白河３丁目第３,repark-rep0005923,東京都江東区白河３丁目５,35.681974685538,139.80470957455,self_propelled,6,TRUE,,,hourly,220,25,,ハイルーフ,5000,1900,2000,2000,6,,https://www.repark.jp/parking_user/time/result/detail/?park=REP0005923&st=4&pref=13
白河３丁目第４,repark-rep0005924,東京都江東区白河３丁目５,35.682274655733,139.8048401059,self_propelled,6,TRUE,,,hourly,220,25,,ハイルーフ,5000,1900,2000,2000,6,,https://www.repark.jp/parking_user/time/result/detail/?park=REP0005924&st=4&pref=13
白河３丁目第７,repark-rep0028133,東京都江東区白河３丁目５ー３,35.68218577362,139.80469012245,self_propelled,2,TRUE,,,hourly,220,25,,ハイルーフ,5000,1900,2000,2000,2,,https://www.repark.jp/parking_user/time/result/detail/?park=REP0028133&st=4&pref=13
潮見駅前,repark-rep0027111,東京都江東区潮見２丁目２ー１３,35.658927333332,139.81516532347,self_propelled,37,TRUE,,,hourly,200,20,,ハイルーフ,5000,1900,2000,2000,37,,https://www.repark.jp/parking_user/time/result/detail/?park=REP0027111&st=4&pref=13
猿江２丁目第５,repark-rep0028437,東京都江東区猿江２丁目５ー７,35.686499377442,139.81477797503,self_propelled,4,TRUE,,,hourly,220,15,,ハイルーフ,5000,1900,2000,2000,4,,https://www.repark.jp/parking_user/time/result/detail/?park=REP0028437&st=4&pref=13
白河３丁目第２,repark-rep0003741,東京都江東区白河３丁目６－７,35.682260761864,139.80447624776,self_propelled,4,TRUE,,,hourly,220,25,,ハイルーフ,5000,1900,2000,2000,4,,https://www.repark.jp/parking_user/time/result/detail/?park=REP0003741&st=4&pref=13
北砂３丁目第７,repark-rep0023198,東京都江東区北砂３丁目２３ー９,35.68156962589,139.83058800002,self_propelled,4,TRUE,,,hourly,110,20,,ハイルーフ,5000,1900,2000,2000,4,,https://www.repark.jp/parking_user/time/result/detail/?park=REP0023198&st=4&pref=13
枝川３丁目第２,repark-rep0028585,東京都江東区枝川３丁目８ー１８,35.658949499059,139.81207946772,self_propelled,7,TRUE,,,hourly,300,30,,ハイルーフ,5000,1900,2000,2000,7,,https://www.repark.jp/parking_user/time/result/detail/?park=REP0028585&st=4&pref=13
古石場３丁目第３,repark-rep0009289,東京都江東区古石場３丁目２ー３,35.665395840958,139.80111063684,self_propelled,3,TRUE,,,hourly,220,30,,ハイルーフ,5000,1900,2000,2000,3,,https://www.repark.jp/parking_user/time/result/detail/?park=REP0009289&st=4&pref=13
江東大島１丁目第４,repark-rep0024424,東京都江東区大島１丁目１６ー１６ＶＩＰ大島第二マンション,35.686730061982,139.82354945795,self_propelled,2,TRUE,,,hourly,220,25,,ハイルーフ,5000,1900,2000,2000,2,,https://www.repark.jp/parking_user/time/result/detail/?park=REP0024424&st=4&pref=13
北砂４丁目第５,repark-rep0011385,東京都江東区北砂４丁目４１ー６,35.678892197101,139.83418504658,self_propelled,6,TRUE,,,hourly,220,15,,ハイルーフ,5000,1900,2000,2000,6,,https://www.repark.jp/parking_user/time/result/detail/?park=REP0011385&st=4&pref=13
枝川３丁目,repark-rep0008145,東京都江東区枝川３丁目４ー１１,35.658707807338,139.80912694606,self_propelled,3,TRUE,,,hourly,200,25,,ハイルーフ,5000,1900,2000,2000,3,,https://www.repark.jp/parking_user/time/result/detail/?park=REP0008145&st=4&pref=13
北砂５丁目第３,repark-rep0014123,東京都江東区北砂５丁目５ー４,35.681619656732,139.83266004764,self_propelled,3,TRUE,,,hourly,220,25,,ハイルーフ,5000,1900,2000,2000,3,,https://www.repark.jp/parking_user/time/result/detail/?park=REP0014123&st=4&pref=13
枝川２丁目第３,repark-rep0010617,東京都江東区枝川２丁目２ー８,35.659360481129,139.80715763455,self_propelled,29,TRUE,,,hourly,200,30,,ハイルーフ,5000,1900,2000,2000,29,,https://www.repark.jp/parking_user/time/result/detail/?park=REP0010617&st=4&pref=13
大島１丁目,repark-rep0000877,東京都江東区大島１丁目３９－１３,35.686377371048,139.82637423959,self_propelled,4,TRUE,,,hourly,220,30,,ハイルーフ,5000,1900,2000,2000,4,,https://www.repark.jp/parking_user/time/result/detail/?park=REP0000877&st=4&pref=13
西大島住宅,repark-rep0025162,東京都江東区大島４丁目１ー９,35.686160736098,139.82688254035,self_propelled,4,TRUE,,,hourly,110,15,,ハイルーフ,5000,1900,2000,2000,4,,https://www.repark.jp/parking_user/time/result/detail/?park=REP0025162&st=4&pref=13
白河２丁目,repark-rep0012825,東京都江東区白河２丁目１３ー６,35.682735668567,139.80204309496,self_propelled,3,TRUE,,,hourly,220,25,,ハイルーフ,5000,1900,2000,2000,3,,https://www.repark.jp/parking_user/time/result/detail/?park=REP0012825&st=4&pref=13
古石場２丁目第２,repark-rep0024416,東京都江東区古石場２丁目１２ー１１,35.666298483956,139.79896632936,self_propelled,5,TRUE,,,hourly,220,25,,ハイルーフ,5000,1900,2000,2000,5,,https://www.repark.jp/parking_user/time/result/detail/?park=REP0024416&st=4&pref=13
江東住吉１丁目,repark-rep0015581,東京都江東区住吉１丁目７ー５,35.688093584049,139.81089211334,self_propelled,7,TRUE,,,hourly,110,10,,ハイルーフ,5000,1900,2000,2000,7,,https://www.repark.jp/parking_user/time/result/detail/?park=REP0015581&st=4&pref=13
枝川２丁目,repark-rep0007930,東京都江東区枝川２丁目３ー１３,35.658982725001,139.80609662906,self_propelled,7,TRUE,,,hourly,220,30,,ハイルーフ,5000,1900,2000,2000,7,,https://www.repark.jp/parking_user/time/result/detail/?park=REP0007930&st=4&pref=13
北砂５丁目第５,repark-rep0021492,東京都江東区北砂５丁目１７ー３４,35.682752920284,139.83562363833,self_propelled,1,TRUE,,,hourly,220,20,,ハイルーフ,5000,1900,2000,2000,1,,https://www.repark.jp/parking_user/time/result/detail/?park=REP0021492&st=4&pref=13
江東高橋,repark-rep0024618,,35.685021509356,139.80057088897,self_propelled,2,TRUE,,,hourly,220,20,,ハイルーフ,5000,1900,2000,2000,2,,https://www.repark.jp/parking_user/time/result/detail/?park=REP0024618&st=4&pref=13
森下３丁目,repark-rep0008693,東京都江東区森下３丁目１ー９,35.685199270283,139.80068198256,self_propelled,4,TRUE,,,hourly,220,20,,ハイルーフ,5000,1900,2000,2000,4,,https://www.repark.jp/parking_user/time/result/detail/?park=REP0008693&st=4&pref=13
北砂５丁目第４,repark-rep0019311,東京都江東区北砂５丁目１８ー３,35.684213862356,139.83489863127,self_propelled,11,TRUE,,,hourly,220,30,,ハイルーフ,5000,1900,2000,2000,11,,https://www.repark.jp/parking_user/time/result/detail/?park=REP0019311&st=4&pref=13
イオンフードスタイル西大島店駐車場,repark-rep0028005,東京都江東区大島４丁目６ー１７,35.688521629796,139.82889893118,self_propelled,40,FALSE,,,hourly,200,20,,一般,5000,2500,2100,2000,40,,https://www.repark.jp/parking_user/time/result/detail/?park=REP0028005&st=4&pref=13
古石場１丁目,repark-rep0007187,東京都江東区古石場１丁目９ー１３,35.668973112097,139.79405550304,self_propelled,3,TRUE,,,hourly,220,25,,ハイルーフ,5000,1900,2000,2000,3,,https://www.repark.jp/parking_user/time/result/detail/?park=REP0007187&st=4&pref=13
森下３丁目第２,repark-rep0028612,東京都江東区森下３丁目３ー４,35.686407472335,139.80052638484,self_propelled,5,TRUE,,,hourly,220,30,,ハイルーフ,5000,1900,2000,2000,5,,https://www.repark.jp/parking_user/time/result/detail/?park=REP0028612&st=4&pref=13
毛利１丁目第２,repark-rep0018712,東京都江東区毛利１丁目１６ー６,35.69209876751,139.81414721358,self_propelled,21,TRUE,,,hourly,220,25,,ハイルーフ,5000,1900,2000,2000,21,,https://www.repark.jp/parking_user/time/result/detail/?park=REP0018712&st=4&pref=13
毛利１丁目第３,repark-rep0025589,東京都江東区毛利１丁目２０ー１４,35.692259860212,139.81408610024,self_propelled,13,TRUE,,,hourly,220,25,,ハイルーフ,5000,1900,2000,2000,13,,https://www.repark.jp/parking_user/time/result/detail/?park=REP0025589&st=4&pref=13
毛利２丁目,repark-rep0008361,東京都江東区毛利２丁目８ー８,35.692609880993,139.81741914032,self_propelled,3,TRUE,,,hourly,220,25,,ハイルーフ,5000,1900,2000,2000,3,,https://www.repark.jp/parking_user/time/result/detail/?park=REP0008361&st=4&pref=13
江東福住１丁目第５,repark-rep0027126,東京都江東区福住１丁目４ー４,35.676061223099,139.79291916003,self_propelled,2,TRUE,,,hourly,300,30,,ハイルーフ,5000,1900,2000,2000,2,,https://www.repark.jp/parking_user/time/result/detail/?park=REP0027126&st=4&pref=13
江東佐賀２丁目,repark-rep0016227,東京都江東区佐賀２丁目１０ー７,35.679305333476,139.79362728484,self_propelled,6,TRUE,,,hourly,220,20,,ハイルーフ,5000,1900,2000,2000,6,,https://www.repark.jp/parking_user/time/result/detail/?park=REP0016227&st=4&pref=13
江東福住１丁目第２,repark-rep0009024,東京都江東区福住１丁目６－３,35.676891686972,139.79273024848,self_propelled,2,TRUE,,,hourly,330,25,,ハイルーフ,5000,1900,2000,2000,2,,https://www.repark.jp/parking_user/time/result/detail/?park=REP0009024&st=4&pref=13
永代２丁目,repark-rep0003832,東京都江東区永代２丁目１３－７,35.673194848311,139.79203880913,self_propelled,2,TRUE,,,hourly,220,12,,ハイルーフ,5000,1900,2000,2000,2,,https://www.repark.jp/parking_user/time/result/detail/?park=REP0003832&st=4&pref=13
永代２丁目第３,repark-rep0007991,東京都江東区永代２丁目１７ー８,35.672439364143,139.79152499759,self_propelled,2,TRUE,,,hourly,220,12,,ハイルーフ,5000,1900,2000,2000,2,,https://www.repark.jp/parking_user/time/result/detail/?park=REP0007991&st=4&pref=13
清澄１丁目,repark-rep0025803,東京都江東区清澄１丁目６ー６,35.682602208756,139.7939659939,self_propelled,2,TRUE,,,hourly,220,20,,ハイルーフ,5000,1900,2000,2000,2,,https://www.repark.jp/parking_user/time/result/detail/?park=REP0025803&st=4&pref=13
亀戸１丁目第３,repark-rep0024701,東京都江東区亀戸１丁目１ー１１,35.693693170199,139.8214881975,self_propelled,7,TRUE,,,hourly,220,20,,ハイルーフ,5000,1900,2000,2000,7,,https://www.repark.jp/parking_user/time/result/detail/?park=REP0024701&st=4&pref=13
江東佐賀１丁目,repark-rep0002003,東京都江東区佐賀１丁目５－１２,35.675786203514,139.79011384967,self_propelled,4,TRUE,,,hourly,220,15,,ハイルーフ,5000,1900,2000,2000,4,,https://www.repark.jp/parking_user/time/result/detail/?park=REP0002003&st=4&pref=13
森下２丁目,repark-rep0027779,東京都江東区森下２丁目２８ー２,35.689526560541,139.79925690165,self_propelled,4,TRUE,,,hourly,220,20,,ハイルーフ,5000,1900,2000,2000,4,,https://www.repark.jp/parking_user/time/result/detail/?park=REP0027779&st=4&pref=13
江東佐賀１丁目第６,repark-rep0028862,東京都江東区佐賀１丁目９ー１３,35.676786095497,139.79005269771,self_propelled,10,TRUE,,,hourly,220,20,,ハイルーフ,5000,1900,2000,2000,10,,https://www.repark.jp/parking_user/time/result/detail/?park=REP0028862&st=4&pref=13
新大橋２丁目第５,repark-rep0023353,東京都江東区新大橋２丁目１ー１１,35.686093516294,139.79476576672,self_propelled,4,TRUE,,,hourly,220,20,,ハイルーフ,5000,1900,2000,2000,4,,https://www.repark.jp/parking_user/time/result/detail/?park=REP0023353&st=4&pref=13
新大橋２丁目第３,repark-rep0013294,東京都江東区新大橋２丁目３ー７,35.686615689234,139.79515459938,self_propelled,3,TRUE,,,hourly,220,20,,ハイルーフ,5000,1900,2000,2000,3,,https://www.repark.jp/parking_user/time/result/detail/?park=REP0013294&st=4&pref=13
江東常盤１丁目,repark-rep0006816,東京都江東区常盤１丁目６番４,35.686026848953,139.79433802731,self_propelled,3,TRUE,,,hourly,220,20,,ハイルーフ,5000,1900,2000,2000,3,,https://www.repark.jp/parking_user/time/result/detail/?park=REP0006816&st=4&pref=13
豊洲四丁目団地,repark-rep0026097,東京都江東区豊洲４丁目１０ー２,35.653402681869,139.80128895228,self_propelled,8,TRUE,,,hourly,300,30,,ハイルーフ,5000,1900,2000,2000,8,,https://www.repark.jp/parking_user/time/result/detail/?park=REP0026097&st=4&pref=13
大島駅前,repark-rep0028958,東京都江東区大島５丁目４６‐４,35.689474447161,139.83698710459,self_propelled,2,TRUE,,,hourly,300,20,,ハイルーフ,5000,1900,2000,2000,2,,https://www.repark.jp/parking_user/time/result/detail/?park=REP0028958&st=4&pref=13
亀戸６丁目第１４,repark-rep0025401,東京都江東区亀戸６丁目５ー６,35.694518186992,139.82750154911,self_propelled,6,TRUE,,,hourly,220,20,,ハイルーフ,5000,1900,2000,2000,6,,https://www.repark.jp/parking_user/time/result/detail/?park=REP0025401&st=4&pref=13
亀戸６丁目第９,repark-rep0005882,東京都江東区亀戸６丁目１２,35.694937571579,139.826668265,self_propelled,3,TRUE,,,hourly,220,20,,ハイルーフ,5000,1900,2000,2000,3,,https://www.repark.jp/parking_user/time/result/detail/?park=REP0005882&st=4&pref=13
亀戸１丁目第４,repark-rep0025474,東京都江東区亀戸１丁目７ー７,35.696045698917,139.82167973927,self_propelled,17,TRUE,,,hourly,220,15,,ハイルーフ,5000,1900,2000,2000,17,,https://www.repark.jp/parking_user/time/result/detail/?park=REP0025474&st=4&pref=13
新大橋２丁目第４,repark-rep0018882,東京都江東区新大橋２丁目１１ー１５,35.688476589739,139.79449901214,self_propelled,3,TRUE,,,hourly,330,15,,ハイルーフ,5000,1900,2000,2000,3,,https://www.repark.jp/parking_user/time/result/detail/?park=REP0018882&st=4&pref=13
新大橋３丁目,repark-rep0006524,東京都江東区新大橋３丁目１７－７,35.689807024393,139.79569885123,self_propelled,5,TRUE,,,hourly,330,30,,ハイルーフ,5000,1900,2000,2000,5,,https://www.repark.jp/parking_user/time/result/detail/?park=REP0006524&st=4&pref=13
亀戸６丁目第１１,repark-rep0013649,東京都江東区亀戸６丁目２６ー１０,35.696101329843,139.82630990818,self_propelled,2,TRUE,,,hourly,330,20,,ハイルーフ,5000,1900,2000,2000,2,,https://www.repark.jp/parking_user/time/result/detail/?park=REP0013649&st=4&pref=13
マクドナルド晴海通り豊洲店駐車場,repark-rep0028178,東京都江東区豊洲４丁目１ー１８,35.653916451098,139.7975781258,self_propelled,19,TRUE,,,hourly,300,20,,ハイルーフ,5000,1900,2000,2000,19,,https://www.repark.jp/parking_user/time/result/detail/?park=REP0028178&st=4&pref=13
亀戸６丁目第７,repark-rep0003740,東京都江東区亀戸６丁目２７－８,35.696101339885,139.82688486043,self_propelled,5,TRUE,,,hourly,330,20,,ハイルーフ,5000,1900,2000,2000,5,,https://www.repark.jp/parking_user/time/result/detail/?park=REP0003740&st=4&pref=13
江東大島８丁目第２,repark-rep0025755,東京都江東区大島８丁目５ー１０,35.689932771776,139.83925633903,self_propelled,3,TRUE,,,hourly,330,20,,ハイルーフ,5000,1900,2000,2000,3,,https://www.repark.jp/parking_user/time/result/detail/?park=REP0025755&st=4&pref=13
ルネサンス亀戸駐車場,repark-rep0028175,東京都江東区亀戸２丁目１ー１,35.697667716694,139.81986314945,self_propelled,213,TRUE,,,hourly,100,15,,ハイルーフ,5000,1900,2000,2000,213,,https://www.repark.jp/parking_user/time/result/detail/?park=REP0028175&st=4&pref=13
亀戸６丁目第３,repark-rep0001234,東京都江東区亀戸６丁目４６－３,35.695068199481,139.8315845177,self_propelled,4,TRUE,,,hourly,220,20,,ハイルーフ,5000,1900,2000,2000,4,,https://www.repark.jp/parking_user/time/result/detail/?park=REP0001234&st=4&pref=13
亀戸２丁目,repark-rep0001821,東京都江東区亀戸２丁目１８－１,35.697401147779,139.82384616394,self_propelled,6,TRUE,,,hourly,220,15,,ハイルーフ,5000,1900,2000,2000,6,,https://www.repark.jp/parking_user/time/result/detail/?park=REP0001821&st=4&pref=13
亀戸６丁目第８,repark-rep0005481,東京都江東区亀戸６丁目５０－１０,35.694821021453,139.83264555196,self_propelled,4,TRUE,,,hourly,220,20,,ハイルーフ,5000,1900,2000,2000,4,,https://www.repark.jp/parking_user/time/result/detail/?park=REP0005481&st=4&pref=13
亀戸６丁目第１３,repark-rep0017085,東京都江東区亀戸６丁目４４ー１０,35.695437606686,139.83174004377,self_propelled,1,TRUE,,,hourly,220,30,,ハイルーフ,5000,1900,2000,2000,1,,https://www.repark.jp/parking_user/time/result/detail/?park=REP0017085&st=4&pref=13
亀戸６丁目第１５,repark-rep0025649,東京都江東区亀戸６丁目４４ー１０,35.695434830632,139.83183448006,self_propelled,8,TRUE,,,hourly,220,20,,ハイルーフ,5000,1900,2000,2000,8,,https://www.repark.jp/parking_user/time/result/detail/?park=REP0025649&st=4&pref=13
ＮＢＦ豊洲キャナルフロント駐車場,repark-rep0008443,東京都江東区豊洲５丁目６ー５２,35.651358423098,139.79937531633,self_propelled,61,TRUE,,,hourly,200,30,,ハイルーフ,5000,1900,2000,2000,61,,https://www.repark.jp/parking_user/time/result/detail/?park=REP0008443&st=4&pref=13
シティコート大島,repark-rep0025440,東京都江東区大島６丁目１４ー４,35.693251813414,139.83654530035,self_propelled,5,TRUE,,,hourly,200,30,,ハイルーフ,5000,1900,2000,2000,5,,https://www.repark.jp/parking_user/time/result/detail/?park=REP0025440&st=4&pref=13
亀戸６丁目第１６,repark-rep0025737,東京都江東区亀戸６丁目４３ー１０,35.6957764624,139.8319094581,self_propelled,2,TRUE,,,hourly,220,20,,ハイルーフ,5000,1900,2000,2000,2,,https://www.repark.jp/parking_user/time/result/detail/?park=REP0025737&st=4&pref=13
江東大島８丁目,repark-rep0012360,東京都江東区大島８丁目２３ー４,35.690196659107,139.84083397386,self_propelled,6,TRUE,,,hourly,220,30,,ハイルーフ,5000,1900,2000,2000,6,,https://www.repark.jp/parking_user/time/result/detail/?park=REP0012360&st=4&pref=13
江東大島７丁目第３,repark-rep0016299,東京都江東区大島７丁目２１ー１１,35.690824363175,139.84044508825,self_propelled,6,TRUE,,,hourly,330,20,,ハイルーフ,5000,1900,2000,2000,6,,https://www.repark.jp/parking_user/time/result/detail/?park=REP0016299&st=4&pref=13
亀戸６丁目第１７,repark-rep0026252,東京都江東区亀戸６丁目４２ー２,35.696284732351,139.83141225399,self_propelled,6,TRUE,,,hourly,220,30,,ハイルーフ,5000,1900,2000,2000,6,,https://www.repark.jp/parking_user/time/result/detail/?park=REP0026252&st=4&pref=13
亀戸駅北口第４,repark-rep0002575,東京都江東区亀戸５丁目７,35.698292806105,139.82880959967,self_propelled,5,TRUE,,,hourly,220,20,,ハイルーフ,5000,1900,2000,2000,5,,https://www.repark.jp/parking_user/time/result/detail/?park=REP0002575&st=4&pref=13
亀戸２丁目第２,repark-rep0003591,東京都江東区亀戸２丁目３４,35.700042540985,139.8243460008,self_propelled,3,TRUE,,,hourly,220,20,,ハイルーフ,5000,1900,2000,2000,3,,https://www.repark.jp/parking_user/time/result/detail/?park=REP0003591&st=4&pref=13
亀戸７丁目第４,repark-rep0005625,東京都江東区亀戸７丁目１１番１８号,35.697240248491,139.83498135758,self_propelled,3,TRUE,,,hourly,220,20,,ハイルーフ,5000,1900,2000,2000,3,,https://www.repark.jp/parking_user/time/result/detail/?park=REP0005625&st=4&pref=13
新木場駅前第３,repark-rep0027399,東京都江東区新木場１丁目６ー８,35.645645653061,139.82845372045,self_propelled,27,TRUE,,,hourly,220,20,,ハイルーフ,5000,1900,2000,2000,27,,https://www.repark.jp/parking_user/time/result/detail/?park=REP0027399&st=4&pref=13
新木場駅前,repark-rep0012258,東京都江東区新木場１丁目１８ー６新木場センタービル,35.644420739251,139.82588732299,self_propelled,33,TRUE,,,hourly,200,20,,ハイルーフ,5000,1900,2000,2000,33,,https://www.repark.jp/parking_user/time/result/detail/?park=REP0012258&st=4&pref=13
亀戸５丁目第２,repark-rep0003920,東京都江東区亀戸５丁目２３－３,35.700492570184,139.82877339038,self_propelled,5,TRUE,,,hourly,330,30,,ハイルーフ,5000,1900,2000,2000,5,,https://www.repark.jp/parking_user/time/result/detail/?park=REP0003920&st=4&pref=13
新木場１丁目,repark-rep0028198,東京都江東区新木場１丁目１６ー３,35.645020787238,139.83230898405,self_propelled,14,TRUE,,,hourly,220,20,,ハイルーフ,5000,1900,2000,2000,14,,https://www.repark.jp/parking_user/time/result/detail/?park=REP0028198&st=4&pref=13
亀戸５丁目,repark-rep0003561,東京都江東区亀戸５丁目４１,35.700684274384,139.83213421344,self_propelled,7,TRUE,,,hourly,220,30,,ハイルーフ,5000,1900,2000,2000,7,,https://www.repark.jp/parking_user/time/result/detail/?park=REP0003561&st=4&pref=13
亀戸３丁目第４,repark-rep0015863,東京都江東区亀戸３丁目６１ー１５,35.702497851361,139.82537635817,self_propelled,6,TRUE,,,hourly,220,20,,ハイルーフ,5000,1900,2000,2000,6,,https://www.repark.jp/parking_user/time/result/detail/?park=REP0015863&st=4&pref=13
亀戸３丁目第２,repark-rep0009867,東京都江東区亀戸３丁目４９ー６,35.703619918023,139.82335425143,self_propelled,4,TRUE,,,hourly,220,15,,ハイルーフ,5000,1900,2000,2000,4,,https://www.repark.jp/parking_user/time/result/detail/?park=REP0009867&st=4&pref=13
亀戸９丁目第５,repark-rep0026794,東京都江東区亀戸９丁目２５ー６,35.698279131651,139.84100858718,self_propelled,11,TRUE,,,hourly,220,15,,ハイルーフ,5000,1900,2000,2000,11,,https://www.repark.jp/parking_user/time/result/detail/?park=REP0026794&st=4&pref=13
亀戸９丁目第４,repark-rep0025382,東京都江東区亀戸９丁目２２ー３,35.698712419325,139.84106689539,self_propelled,6,TRUE,,,hourly,220,15,,ハイルーフ,5000,1900,2000,2000,6,,https://www.repark.jp/parking_user/time/result/detail/?park=REP0025382&st=4&pref=13
亀戸９丁目第３,repark-rep0025381,東京都江東区亀戸９丁目３１ー５,35.698915177238,139.84115854544,self_propelled,8,TRUE,,,hourly,220,15,,ハイルーフ,5000,1900,2000,2000,8,,https://www.repark.jp/parking_user/time/result/detail/?park=REP0025381&st=4&pref=13
亀戸９丁目,repark-rep0023073,東京都江東区亀戸９丁目２２ー５,35.698923510851,139.84124464891,self_propelled,3,TRUE,,,hourly,220,15,,ハイルーフ,5000,1900,2000,2000,3,,https://www.repark.jp/parking_user/time/result/detail/?park=REP0023073&st=4&pref=13
東雲都橋住宅,repark-rep0022312,東京都江東区東雲２丁目４－２－１０東京都住宅供給公社東雲都橋住宅,35.642895410738,139.79773973086,self_propelled,6,TRUE,,,hourly,220,15,,ハイルーフ,5000,1900,2000,2000,6,,https://www.repark.jp/parking_user/time/result/detail/?park=REP0022312&st=4&pref=13
東雲駅前第４,repark-rep0023951,東京都江東区東雲２丁目８ー１０,35.640370775529,139.8031643966,self_propelled,7,TRUE,,,hourly,220,30,,ハイルーフ,5000,1900,2000,2000,7,,https://www.repark.jp/parking_user/time/result/detail/?park=REP0023951&st=4&pref=13
豊洲６丁目第３,repark-rep0028170,東京都江東区豊洲６丁目４ー２０,35.647622498081,139.787145949,self_propelled,273,TRUE,,,hourly,220,20,,ハイルーフ,5000,1900,2000,2000,273,,https://www.repark.jp/parking_user/time/result/detail/?park=REP0028170&st=4&pref=13
東雲駅前第３,repark-rep0009197,東京都江東区東雲２丁目１５ー２０,35.639784703006,139.80177842769,self_propelled,9,TRUE,,,hourly,220,30,,ハイルーフ,5000,1900,2000,2000,9,,https://www.repark.jp/parking_user/time/result/detail/?park=REP0009197&st=4&pref=13
ダイバーシティ東京プラザ駐車場,repark-rep0012210,東京都江東区青海１丁目１ー１０ダイバーシティ東京,35.625407990794,139.77475911162,self_propelled,1307,TRUE,,,hourly,500,60,,一般,5000,1900,2300,2000,1307,,https://www.repark.jp/parking_user/time/result/detail/?park=REP0012210&st=4&pref=13
西品川１丁目,repark-rep0025699,東京都品川区西品川１丁目８ー２３,35.612436377472,139.73017452263,self_propelled,1,TRUE,,,hourly,330,30,,ハイルーフ,5000,1900,2000,2000,1,,https://www.repark.jp/parking_user/time/result/detail/?park=REP0025699&st=4&pref=13
大井２丁目第７,repark-rep0018115,東京都品川区大井２丁目１ー２８,35.606792525037,139.72953872432,self_propelled,10,TRUE,,,hourly,300,15,,ハイルーフ,5000,1900,2000,2000,10,,https://www.repark.jp/parking_user/time/result/detail/?park=REP0018115&st=4&pref=13
品川二葉１丁目,repark-rep0026746,東京都品川区二葉１丁目２１ー１４,35.606359223731,139.72869992493,self_propelled,3,TRUE,,,hourly,220,15,,ハイルーフ,5000,1900,2000,2000,3,,https://www.repark.jp/parking_user/time/result/detail/?park=REP0026746&st=4&pref=13
大井２丁目第８,repark-rep0028774,東京都品川区大井２丁目１０‐７,35.605687100889,139.73026093724,self_propelled,8,TRUE,,,hourly,330,15,,ハイルーフ,5000,1900,2000,2000,8,,https://www.repark.jp/parking_user/time/result/detail/?park=REP0028774&st=4&pref=13
大井２丁目第６,repark-rep0009761,東京都品川区大井２丁目２ー５,35.605573185115,139.72803057171,self_propelled,4,TRUE,,,hourly,220,15,,ハイルーフ,5000,1900,2000,2000,4,,https://www.repark.jp/parking_user/time/result/detail/?park=REP0009761&st=4&pref=13
西品川２丁目第２,repark-rep0007774,東京都品川区西品川２丁目１０ー２,35.613733376422,139.72534708582,self_propelled,2,TRUE,,,hourly,220,15,,ハイルーフ,5000,1900,2000,2000,2,,https://www.repark.jp/parking_user/time/result/detail/?park=REP0007774&st=4&pref=13
西品川２丁目第３,repark-rep0011411,東京都品川区西品川２丁目７ー１６,35.613816699006,139.72526097814,self_propelled,3,TRUE,,,hourly,220,15,,ハイルーフ,5000,1900,2000,2000,3,,https://www.repark.jp/parking_user/time/result/detail/?park=REP0011411&st=4&pref=13
大井１丁目第２,repark-rep0018423,東京都品川区大井１丁目４１ー１１,35.60401230186,139.73151091055,self_propelled,2,TRUE,,,hourly,220,15,,ハイルーフ,5000,1900,2000,2000,2,,https://www.repark.jp/parking_user/time/result/detail/?park=REP0018423&st=4&pref=13
豊町３丁目,repark-rep0025248,東京都品川区豊町３丁目１０ー１２,35.607181263586,139.72330589005,self_propelled,6,TRUE,,,hourly,220,30,,ハイルーフ,5000,1900,2000,2000,6,,https://www.repark.jp/parking_user/time/result/detail/?park=REP0025248&st=4&pref=13
南品川６丁目第２,repark-rep0027502,東京都品川区南品川６丁目１９ー３,35.608259167515,139.73711580451,self_propelled,6,TRUE,,,hourly,330,12,,ハイルーフ,5000,1900,2000,2000,6,,https://www.repark.jp/parking_user/time/result/detail/?park=REP0027502&st=4&pref=13
豊町３丁目第３,repark-rep0026139,東京都品川区豊町３丁目１０ー１８,35.607656198426,139.72248371446,self_propelled,9,TRUE,,,hourly,220,30,,ハイルーフ,5000,1900,2000,2000,9,,https://www.repark.jp/parking_user/time/result/detail/?park=REP0026139&st=4&pref=13
大井４丁目第２,repark-rep0004585,東京都品川区大井４丁目１３－１６,35.602726340052,139.7321775814,self_propelled,3,TRUE,,,hourly,220,20,,ハイルーフ,5000,1900,2000,2000,3,,https://www.repark.jp/parking_user/time/result/detail/?park=REP0004585&st=4&pref=13
東大井５丁目,repark-rep0001405,東京都品川区東大井５丁目１２－８,35.606417708493,139.73774639293,self_propelled,4,TRUE,,,hourly,440,20,,ハイルーフ,5000,1900,2000,2000,4,,https://www.repark.jp/parking_user/time/result/detail/?park=REP0001405&st=4&pref=13
豊町４丁目第２,repark-rep0028977,東京都品川区豊町４丁目１４‐２,35.606895166692,139.72236153765,self_propelled,5,TRUE,,,hourly,220,30,,ハイルーフ,5000,1900,2000,2000,5,,https://www.repark.jp/parking_user/time/result/detail/?park=REP0028977&st=4&pref=13
南品川４丁目第２,repark-rep0019780,東京都品川区南品川４丁目１２ー３,35.613136433975,139.73769608774,self_propelled,6,TRUE,,,hourly,220,20,,ハイルーフ,5000,1900,2000,2000,6,,https://www.repark.jp/parking_user/time/result/detail/?park=REP0019780&st=4&pref=13
東大井５丁目第３,repark-rep0008653,東京都品川区東大井５丁目２３,35.604098500236,139.73704100231,self_propelled,11,TRUE,,,hourly,330,20,,ハイルーフ,5000,1900,2000,2000,11,,https://www.repark.jp/parking_user/time/result/detail/?park=REP0008653&st=4&pref=13
百反坂,repark-rep0006266,東京都品川区西品川３丁目２１－５,35.616413732184,139.73029655135,self_propelled,2,TRUE,,,hourly,330,10,,ハイルーフ,5000,1900,2000,2000,2,,https://www.repark.jp/parking_user/time/result/detail/?park=REP0006266&st=4&pref=13
東大井３丁目第３,repark-rep0027403,東京都品川区東大井３丁目２ー２５,35.604359588889,139.73736040876,self_propelled,1,TRUE,,,hourly,220,12,,ハイルーフ,5000,1900,2000,2000,1,,https://www.repark.jp/parking_user/time/result/detail/?park=REP0027403&st=4&pref=13
南品川６丁目,repark-rep0022205,東京都品川区南品川６丁目７－１０,35.611483855298,139.73898772356,self_propelled,10,TRUE,,,hourly,330,20,,ハイルーフ,5000,1900,2000,2000,10,,https://www.repark.jp/parking_user/time/result/detail/?park=REP0022205&st=4&pref=13
東大井３丁目第２,repark-rep0019307,東京都品川区東大井３丁目１ー５,35.604615139824,139.73863529112,self_propelled,6,TRUE,,,hourly,330,12,,ハイルーフ,5000,1900,2000,2000,6,,https://www.repark.jp/parking_user/time/result/detail/?park=REP0019307&st=4&pref=13
西大井１丁目,repark-rep0016019,東京都品川区西大井１丁目１６ー３,35.601420822196,139.72636701207,self_propelled,3,TRUE,,,hourly,220,25,,ハイルーフ,5000,1900,2000,2000,3,,https://www.repark.jp/parking_user/time/result/detail/?park=REP0016019&st=4&pref=13
南品川５丁目第２,repark-rep0027207,東京都品川区南品川５丁目１４ー１５,35.607420422276,139.74021003116,self_propelled,3,TRUE,,,hourly,330,15,,ハイルーフ,5000,1900,2000,2000,3,,https://www.repark.jp/parking_user/time/result/detail/?park=REP0027207&st=4&pref=13
東大井６丁目,repark-rep0004078,東京都品川区東大井６丁目１０,35.602509775346,139.73670777014,self_propelled,4,TRUE,,,hourly,330,20,,ハイルーフ,5000,1900,2000,2000,4,,https://www.repark.jp/parking_user/time/result/detail/?park=REP0004078&st=4&pref=13
西大井駅前,repark-rep0019850,東京都品川区二葉２丁目２４ー６,35.603195568083,139.722686681,self_propelled,12,TRUE,,,hourly,220,20,,ハイルーフ,5000,1900,2000,2000,12,,https://www.repark.jp/parking_user/time/result/detail/?park=REP0019850&st=4&pref=13
西品川３丁目第３,repark-rep0026428,東京都品川区西品川３丁目９ー９,35.616219207755,139.72455814788,self_propelled,3,TRUE,,,hourly,220,15,,ハイルーフ,5000,1900,2000,2000,3,,https://www.repark.jp/parking_user/time/result/detail/?park=REP0026428&st=4&pref=13
西大井１丁目第２,repark-rep0020460,東京都品川区西大井１丁目４ー２９,35.602723398382,139.7227894722,self_propelled,2,TRUE,,,hourly,220,20,,ハイルーフ,5000,1900,2000,2000,2,,https://www.repark.jp/parking_user/time/result/detail/?park=REP0020460&st=4&pref=13
豊町５丁目,repark-rep0010709,東京都品川区豊町５丁目６ー５,35.605992446435,139.72013954175,self_propelled,4,TRUE,,,hourly,330,25,,ハイルーフ,5000,1900,2000,2000,4,,https://www.repark.jp/parking_user/time/result/detail/?park=REP0010709&st=4&pref=13
大井５丁目第５,repark-rep0019819,東京都品川区大井５丁目７ー４,35.600104368635,139.73052506137,self_propelled,3,TRUE,,,hourly,220,20,,ハイルーフ,5000,1900,2000,2000,3,,https://www.repark.jp/parking_user/time/result/detail/?park=REP0019819&st=4&pref=13
戸越５丁目,repark-rep0020463,東京都品川区戸越５丁目７ー１３,35.609628146869,139.71889781046,self_propelled,6,TRUE,,,hourly,220,20,,ハイルーフ,5000,1900,2000,2000,6,,https://www.repark.jp/parking_user/time/result/detail/?park=REP0020463&st=4&pref=13
戸越１丁目第３,repark-rep0027933,東京都品川区戸越１丁目２１－１４,35.614894295714,139.72148068647,self_propelled,4,TRUE,,,hourly,220,20,,ハイルーフ,5000,1900,2000,2000,4,,https://www.repark.jp/parking_user/time/result/detail/?park=REP0027933&st=4&pref=13
大井５丁目第３,repark-rep0010298,東京都品川区大井５丁目８ー４,35.599579425366,139.73055841577,self_propelled,6,TRUE,,,hourly,220,20,,ハイルーフ,5000,1900,2000,2000,6,,https://www.repark.jp/parking_user/time/result/detail/?park=REP0010298&st=4&pref=13
大井５丁目,repark-rep0006197,東京都品川区大井５丁目９－７,35.599126690823,139.73021679799,self_propelled,3,TRUE,,,hourly,220,20,,ハイルーフ,5000,1900,2000,2000,3,,https://www.repark.jp/parking_user/time/result/detail/?park=REP0006197&st=4&pref=13
戸越１丁目第２,repark-rep0006990,東京都品川区戸越１丁目１９番２１号,35.614947039933,139.71986970683,self_propelled,2,TRUE,,,hourly,220,15,,ハイルーフ,5000,1900,2000,2000,2,,https://www.repark.jp/parking_user/time/result/detail/?park=REP0006990&st=4&pref=13
西大井６丁目第２,repark-rep0018980,東京都品川区西大井６丁目７ー６,35.601529044647,139.72070081166,self_propelled,2,TRUE,,,hourly,110,20,,ハイルーフ,5000,1900,2000,2000,2,,https://www.repark.jp/parking_user/time/result/detail/?park=REP0018980&st=4&pref=13
北品川５丁目第４,repark-rep0018145,東京都品川区北品川５丁目９ー２２,35.619563453795,139.73364612814,self_propelled,8,TRUE,,,hourly,330,12,,ハイルーフ,5000,1900,2000,2000,8,,https://www.repark.jp/parking_user/time/result/detail/?park=REP0018145&st=4&pref=13
南品川３丁目,repark-rep0022847,東京都品川区南品川３丁目３,35.606920531781,139.74341812075,self_propelled,15,TRUE,,,hourly,200,15,,ハイルーフ,5000,1900,2000,2000,15,,https://www.repark.jp/parking_user/time/result/detail/?park=REP0022847&st=4&pref=13
大井５丁目第６,repark-rep0028201,東京都品川区大井５丁目１７ー１５,35.598229515222,139.7274365152,self_propelled,8,TRUE,,,hourly,220,30,,ハイルーフ,5000,1900,2000,2000,8,,https://www.repark.jp/parking_user/time/result/detail/?park=REP0028201&st=4&pref=13
大崎３丁目,repark-rep0011015,東京都品川区大崎３丁目１７ー６,35.61765511248,139.72154166528,self_propelled,10,TRUE,,,hourly,330,15,,ハイルーフ,5000,1900,2000,2000,10,,https://www.repark.jp/parking_user/time/result/detail/?park=REP0011015&st=4&pref=13
東大井２丁目,repark-rep0019595,東京都品川区東大井２丁目４ー１６,35.602468196048,139.74147404322,self_propelled,5,TRUE,,,hourly,330,25,,ハイルーフ,5000,1900,2000,2000,5,,https://www.repark.jp/parking_user/time/result/detail/?park=REP0019595&st=4&pref=13
大井５丁目第４,repark-rep0017212,東京都品川区大井５丁目２１ー１０,35.597707396954,139.73017797857,self_propelled,3,TRUE,,,hourly,220,15,,ハイルーフ,5000,1900,2000,2000,3,,https://www.repark.jp/parking_user/time/result/detail/?park=REP0017212&st=4&pref=13
戸越３丁目第２,repark-rep0026427,東京都品川区戸越３丁目２－１１,35.614294294588,139.71774213558,self_propelled,4,TRUE,,,hourly,220,20,,ハイルーフ,5000,1900,2000,2000,4,,https://www.repark.jp/parking_user/time/result/detail/?park=REP0026427&st=4&pref=13
大崎３丁目第２,repark-rep0028853,東京都品川区大崎３丁目６‐２９,35.620110493906,139.72658280055,self_propelled,2,TRUE,,,hourly,440,15,,ハイルーフ,5000,1900,2000,2000,2,,https://www.repark.jp/parking_user/time/result/detail/?park=REP0028853&st=4&pref=13
南品川２丁目,repark-rep0011032,東京都品川区南品川２丁目７ー５,35.611570046349,139.74409840616,self_propelled,7,TRUE,,,hourly,220,15,,ハイルーフ,5000,1900,2000,2000,7,,https://www.repark.jp/parking_user/time/result/detail/?park=REP0011032&st=4&pref=13
東大井１丁目,repark-rep0011107,東京都品川区東大井１丁目１７ー５,35.60425414644,139.74321548236,self_propelled,3,TRUE,,,hourly,220,20,,ハイルーフ,5000,1900,2000,2000,3,,https://www.repark.jp/parking_user/time/result/detail/?park=REP0011107&st=4&pref=13
大崎４丁目第２,repark-rep0012507,東京都品川区大崎４丁目６ー２,35.619702146286,139.72330253678,self_propelled,2,TRUE,,,hourly,330,20,,ハイルーフ,5000,1900,2000,2000,2,,https://www.repark.jp/parking_user/time/result/detail/?park=REP0012507&st=4&pref=13
大崎４丁目第３,repark-rep0017058,東京都品川区大崎４丁目１１ー１,35.619227163663,139.72138882858,self_propelled,3,TRUE,,,hourly,330,20,,ハイルーフ,5000,1900,2000,2000,3,,https://www.repark.jp/parking_user/time/result/detail/?park=REP0017058&st=4&pref=13
大崎ブライトプラザ駐車場,repark-rep0013522,東京都品川区北品川５丁目３番,35.62151876506,139.73166564658,self_propelled,27,FALSE,,,hourly,250,30,,一般,5000,1900,2100,2300,27,,https://www.repark.jp/parking_user/time/result/detail/?park=REP0013522&st=4&pref=13
東品川４丁目第２,repark-rep0013819,東京都品川区東品川４丁目２ー１８,35.610434085623,139.74574554367,self_propelled,14,TRUE,,,hourly,220,20,,ハイルーフ,5000,1900,2000,2000,14,,https://www.repark.jp/parking_user/time/result/detail/?park=REP0013819&st=4&pref=13
大井６丁目,repark-rep0019843,東京都品川区大井６丁目１２ー１０,35.596213129084,139.73111130286,self_propelled,4,TRUE,,,hourly,220,20,,ハイルーフ,5000,1900,2000,2000,4,,https://www.repark.jp/parking_user/time/result/detail/?park=REP0019843&st=4&pref=13
大崎ブライトコア駐車場,repark-rep0013462,東京都品川区北品川５丁目５番１５号,35.621813165957,139.730943471,self_propelled,35,FALSE,,,hourly,250,30,,普通車,5000,1850,1550,1900,35,,https://www.repark.jp/parking_user/time/result/detail/?park=REP0013462&st=4&pref=13
大崎４丁目第４,repark-rep0025358,東京都品川区大崎４丁目９ー２５,35.619835438181,139.72170821805,self_propelled,5,TRUE,,,hourly,330,20,,ハイルーフ,5000,1900,2000,2000,5,,https://www.repark.jp/parking_user/time/result/detail/?park=REP0025358&st=4&pref=13
南大井５丁目,repark-rep0015638,東京都品川区南大井５丁目１２ー３,35.596663142566,139.73463876719,self_propelled,9,TRUE,,,hourly,330,20,,ハイルーフ,5000,1900,2000,2000,9,,https://www.repark.jp/parking_user/time/result/detail/?park=REP0015638&st=4&pref=13
大崎ブライトタワー駐車場,repark-rep0013461,東京都品川区北品川５丁目６番１号,35.621940916241,139.73019630517,self_propelled,139,FALSE,,,hourly,250,30,,一般,5300,1950,2050,2300,139,,https://www.repark.jp/parking_user/time/result/detail/?park=REP0013461&st=4&pref=13
品川二葉４丁目第２,repark-rep0025109,東京都品川区二葉４丁目７ー５,35.602337218896,139.716503901,self_propelled,3,TRUE,,,hourly,220,20,,ハイルーフ,5000,1900,2000,2000,3,,https://www.repark.jp/parking_user/time/result/detail/?park=REP0025109&st=4&pref=13
パークシティ大崎ザタワー,repark-rep0012935,東京都品川区北品川５丁目３番１号,35.622057598464,139.73178227908,self_propelled,5,FALSE,,,hourly,220,25,,ハイルーフ,5000,1900,2000,2000,5,,https://www.repark.jp/parking_user/time/result/detail/?park=REP0012935&st=4&pref=13
西大井４丁目,repark-rep0020484,東京都品川区西大井４丁目１ー３,35.597957207074,139.72083707582,self_propelled,6,TRUE,,,hourly,220,25,,ハイルーフ,5000,1900,2000,2000,6,,https://www.repark.jp/parking_user/time/result/detail/?park=REP0020484&st=4&pref=13
北品川２丁目,repark-rep0005930,東京都品川区北品川２丁目３０－２８,35.617361077582,139.74316210626,self_propelled,25,TRUE,,,hourly,300,20,,ハイルーフ,5000,1900,2000,2000,25,,https://www.repark.jp/parking_user/time/result/detail/?park=REP0005930&st=4&pref=13
東中延２丁目,repark-rep0020874,東京都品川区東中延２丁目９ー６,35.606870019951,139.71380669328,self_propelled,4,TRUE,,,hourly,330,30,,ハイルーフ,5000,1900,2000,2000,4,,https://www.repark.jp/parking_user/time/result/detail/?park=REP0020874&st=4&pref=13
西五反田８丁目第２,repark-rep0022301,東京都品川区西五反田８丁目１０ー６,35.619488213391,139.71942231288,self_propelled,1,TRUE,,,hourly,220,15,,ハイルーフ,5000,1900,2000,2000,1,,https://www.repark.jp/parking_user/time/result/detail/?park=REP0022301&st=4&pref=13
南品川１丁目第２,repark-rep0019975,東京都品川区南品川１丁目３ー６,35.616388981245,139.74440371391,self_propelled,1,TRUE,,,hourly,220,15,,ハイルーフ,5000,1900,2000,2000,1,,https://www.repark.jp/parking_user/time/result/detail/?park=REP0019975&st=4&pref=13
北品川５丁目第３,repark-rep0015321,東京都品川区北品川５丁目５ー１０,35.622901936336,139.73087676041,self_propelled,7,TRUE,,,hourly,330,15,,ハイルーフ,5000,1900,2000,2000,7,,https://www.repark.jp/parking_user/time/result/detail/?park=REP0015321&st=4&pref=13
大崎４丁目,repark-rep0004641,東京都品川区大崎４丁目２－４６,35.62134361719,139.72212755878,self_propelled,3,TRUE,,,hourly,220,15,,ハイルーフ,5000,1900,2000,2000,3,,https://www.repark.jp/parking_user/time/result/detail/?park=REP0004641&st=4&pref=13
北品川４丁目,repark-rep0004152,東京都品川区北品川４丁目１－６,35.622588154139,139.73501254238,self_propelled,4,TRUE,,,hourly,440,20,,ハイルーフ,5000,1900,2000,2000,4,,https://www.repark.jp/parking_user/time/result/detail/?park=REP0004152&st=4&pref=13
南大井１丁目第３,repark-rep0028398,東京都品川区南大井１丁目９ー１５,35.596452124,139.73863844473,self_propelled,8,TRUE,,,hourly,220,30,,ハイルーフ,5000,1900,2000,2000,8,,https://www.repark.jp/parking_user/time/result/detail/?park=REP0028398&st=4&pref=13
西五反田８丁目,repark-rep0017559,東京都品川区西五反田８丁目１０ー１４,35.620476999705,139.71965558098,self_propelled,4,TRUE,,,hourly,300,15,,ハイルーフ,5000,1900,2000,2000,4,,https://www.repark.jp/parking_user/time/result/detail/?park=REP0017559&st=4&pref=13
東中延１丁目第２,repark-rep0025169,東京都品川区東中延１丁目１１ー１６,35.609372507382,139.71249557593,self_propelled,4,TRUE,,,hourly,220,15,,ハイルーフ,5000,1900,2000,2000,4,,https://www.repark.jp/parking_user/time/result/detail/?park=REP0025169&st=4&pref=13
東五反田２丁目第３,repark-rep0002447,東京都品川区東五反田２丁目２１－１５,35.623665747664,139.73110726109,self_propelled,11,TRUE,,,hourly,440,15,,ハイルーフ,5000,1900,2000,2000,11,,https://www.repark.jp/parking_user/time/result/detail/?park=REP0002447&st=4&pref=13
東五反田２丁目第１０,repark-rep0013702,東京都品川区東五反田２丁目２１ー１７,35.62368518292,139.73066840764,self_propelled,33,TRUE,,,hourly,300,15,,ハイルーフ,5000,1900,2000,2000,33,,https://www.repark.jp/parking_user/time/result/detail/?park=REP0013702&st=4&pref=13
東五反田２丁目第１４,repark-rep0022036,東京都品川区東五反田２丁目２１ー１７,35.623785163396,139.73016289002,self_propelled,19,TRUE,,,hourly,300,15,,ハイルーフ,5000,1900,2000,2000,19,,https://www.repark.jp/parking_user/time/result/detail/?park=REP0022036&st=4&pref=13
パークタワーグランスカイ,repark-rep0006182,東京都品川区東五反田２丁目１０番１号パークタワーグランスカイ,35.62383788952,139.72751588443,self_propelled,23,TRUE,,,hourly,100,15,,ハイルーフ,5000,1900,2000,2000,23,,https://www.repark.jp/parking_user/time/result/detail/?park=REP0006182&st=4&pref=13
品川二葉４丁目,repark-rep0006303,東京都品川区二葉４丁目２－１９,35.602875994522,139.71331247423,self_propelled,3,TRUE,,,hourly,330,15,,ハイルーフ,5000,1900,2000,2000,3,,https://www.repark.jp/parking_user/time/result/detail/?park=REP0006303&st=4&pref=13
荏原中延駅前,repark-rep0028374,東京都品川区中延２丁目８ー３,35.610052976111,139.71172338673,self_propelled,12,TRUE,,,hourly,220,30,,ハイルーフ,5000,1900,2000,2000,12,,https://www.repark.jp/parking_user/time/result/detail/?park=REP0028374&st=4&pref=13
東五反田２丁目第１５,repark-rep0027597,東京都品川区東五反田２丁目２１ー２８,35.624082355839,139.73029064273,self_propelled,29,TRUE,,,hourly,330,15,,ハイルーフ,5000,1900,2000,2000,29,,https://www.repark.jp/parking_user/time/result/detail/?park=REP0027597&st=4&pref=13
荏原中延駅前第２,repark-rep0028375,東京都品川区中延２丁目８ー４,35.610225179527,139.71165671734,self_propelled,16,TRUE,,,hourly,220,30,,ハイルーフ,5000,1900,2000,2000,16,,https://www.repark.jp/parking_user/time/result/detail/?park=REP0028375&st=4&pref=13
大崎５丁目,repark-rep0010436,東京都品川区大崎５丁目１ー１１住友生命五反田ビル,35.623710070611,139.72439114982,self_propelled,15,TRUE,,,hourly,330,15,,ハイルーフ,5000,1900,2000,2000,15,,https://www.repark.jp/parking_user/time/result/detail/?park=REP0010436&st=4&pref=13
荏原１丁目第２,repark-rep0004593,東京都品川区荏原１丁目１５－６,35.61941038341,139.71596982519,self_propelled,3,TRUE,,,hourly,220,15,,ハイルーフ,5000,1900,2000,2000,3,,https://www.repark.jp/parking_user/time/result/detail/?park=REP0004593&st=4&pref=13
南大井５丁目第２,repark-rep0025489,東京都品川区南大井５丁目２３ー１４,35.593594002509,139.73330290845,self_propelled,9,TRUE,,,hourly,330,20,,ハイルーフ,5000,1900,2000,2000,9,,https://www.repark.jp/parking_user/time/result/detail/?park=REP0025489&st=4&pref=13
南大井４丁目第６,repark-rep0020334,東京都品川区南大井４丁目１７ー１,35.593891236411,139.73574713577,self_propelled,3,TRUE,,,hourly,220,15,,ハイルーフ,5000,1900,2000,2000,3,,https://www.repark.jp/parking_user/time/result/detail/?park=REP0020334&st=4&pref=13
東五反田２丁目第１２,repark-rep0018957,東京都品川区東五反田２丁目１９ー１３,35.624868367532,139.72941845697,self_propelled,2,TRUE,,,hourly,330,15,,ハイルーフ,5000,1900,2000,2000,2,,https://www.repark.jp/parking_user/time/result/detail/?park=REP0018957&st=4&pref=13
戸越銀座第２,repark-rep0027518,東京都品川区平塚２丁目１８ー２６,35.615946806175,139.71260915278,self_propelled,2,TRUE,,,hourly,220,15,,ハイルーフ,5000,1900,2000,2000,2,,https://www.repark.jp/parking_user/time/result/detail/?park=REP0027518&st=4&pref=13
南大井４丁目第７,repark-rep0028340,東京都品川区南大井４丁目１７ー４,35.593819028315,139.73615821596,self_propelled,15,TRUE,,,hourly,220,15,,ハイルーフ,5000,1900,2000,2000,15,,https://www.repark.jp/parking_user/time/result/detail/?park=REP0028340&st=4&pref=13
東品川１丁目第５,repark-rep0010870,東京都品川区東品川１丁目３０ー３,35.619138703772,139.74535628618,self_propelled,2,TRUE,,,hourly,220,25,,ハイルーフ,5000,1900,2000,2000,2,,https://www.repark.jp/parking_user/time/result/detail/?park=REP0010870&st=4&pref=13
北品川１丁目第５,repark-rep0006269,東京都品川区北品川１丁目２１－４,35.622777123229,139.74081205204,self_propelled,16,TRUE,,,hourly,330,15,,ハイルーフ,5000,1900,2000,2000,16,,https://www.repark.jp/parking_user/time/result/detail/?park=REP0006269&st=4&pref=13
荏原１丁目第４,repark-rep0026468,東京都品川区荏原１丁目１２ー１,35.619960314546,139.71539484762,self_propelled,6,TRUE,,,hourly,220,15,,ハイルーフ,5000,1900,2000,2000,6,,https://www.repark.jp/parking_user/time/result/detail/?park=REP0026468&st=4&pref=13
北品川６丁目,repark-rep0015300,東京都品川区北品川６丁目５ー３２,35.62536556551,139.73108774044,self_propelled,6,TRUE,,,hourly,330,15,,ハイルーフ,5000,1900,2000,2000,6,,https://www.repark.jp/parking_user/time/result/detail/?park=REP0015300&st=4&pref=13
東品川１丁目第３,repark-rep0007554,東京都品川区東品川１丁目２８ー６,35.620627416381,139.74443129445,self_propelled,4,TRUE,,,hourly,330,20,,ハイルーフ,5000,1900,2000,2000,4,,https://www.repark.jp/parking_user/time/result/detail/?park=REP0007554&st=4&pref=13
北品川１丁目第８,repark-rep0017791,東京都品川区北品川１丁目２１ー９,35.622965997509,139.74112590627,self_propelled,7,TRUE,,,hourly,330,15,,ハイルーフ,5000,1900,2000,2000,7,,https://www.repark.jp/parking_user/time/result/detail/?park=REP0017791&st=4&pref=13
東五反田３丁目第４,repark-rep0019712,東京都品川区東五反田３丁目１５ー１３,35.625701619169,139.7298628267,self_propelled,5,TRUE,,,hourly,330,15,,ハイルーフ,5000,1900,2000,2000,5,,https://www.repark.jp/parking_user/time/result/detail/?park=REP0019712&st=4&pref=13
西五反田７丁目第２,repark-rep0014839,東京都品川区西五反田７丁目８ー２,35.62367388862,139.72010539641,self_propelled,2,TRUE,,,hourly,330,15,,ハイルーフ,5000,1900,2000,2000,2,,https://www.repark.jp/parking_user/time/result/detail/?park=REP0014839&st=4&pref=13
戸越銀座,repark-rep0014950,東京都品川区平塚３丁目３ー３,35.61630507742,139.7112675807,self_propelled,2,TRUE,,,hourly,220,15,,ハイルーフ,5000,1900,2000,2000,2,,https://www.repark.jp/parking_user/time/result/detail/?park=REP0014950&st=4&pref=13
西中延３丁目,repark-rep0007505,東京都品川区西中延３丁目６ー１３,35.606683850123,139.70929874323,self_propelled,2,TRUE,,,hourly,330,20,,ハイルーフ,5000,1900,2000,2000,2,,https://www.repark.jp/parking_user/time/result/detail/?park=REP0007505&st=4&pref=13
北品川１丁目第１１,repark-rep0022333,東京都品川区北品川１丁目８ー１９,35.623702032595,139.74128697001,self_propelled,12,TRUE,,,hourly,330,15,,ハイルーフ,5000,1900,2000,2000,12,,https://www.repark.jp/parking_user/time/result/detail/?park=REP0022333&st=4&pref=13
メゾンド島津山,repark-rep0009630,東京都品川区東五反田３丁目１６ー４０,35.626537605606,139.72779351506,self_propelled,2,TRUE,,,hourly,330,15,,ハイルーフ,5000,1900,2000,2000,2,,https://www.repark.jp/parking_user/time/result/detail/?park=REP0009630&st=4&pref=13
南大井３丁目第６,repark-rep0013363,東京都品川区南大井３丁目７ー１５,35.591583118289,139.73397238945,self_propelled,5,TRUE,,,hourly,440,15,,ハイルーフ,5000,1900,2000,2000,5,,https://www.repark.jp/parking_user/time/result/detail/?park=REP0013363&st=4&pref=13
中延５丁目第３,repark-rep0026819,東京都品川区中延５丁目４ー９,35.603200894565,139.7095794363,self_propelled,8,TRUE,,,hourly,330,20,,ハイルーフ,5000,1900,2000,2000,8,,https://www.repark.jp/parking_user/time/result/detail/?park=REP0026819&st=4&pref=13
西五反田６丁目第２,repark-rep0005928,東京都品川区西五反田６丁目３－８,35.622682258308,139.71613354993,self_propelled,3,TRUE,,,hourly,220,20,,ハイルーフ,5000,1900,2000,2000,3,,https://www.repark.jp/parking_user/time/result/detail/?park=REP0005928&st=4&pref=13
南大井６丁目,repark-rep0005070,東京都品川区南大井６丁目１０番１号,35.591099811076,139.73248920188,self_propelled,7,TRUE,,,hourly,330,15,,ハイルーフ,5000,1900,2000,2000,7,,https://www.repark.jp/parking_user/time/result/detail/?park=REP0005070&st=4&pref=13
西中延２丁目第２,repark-rep0019711,東京都品川区西中延２丁目６ー１５,35.611086138229,139.70820974196,self_propelled,4,TRUE,,,hourly,220,15,,ハイルーフ,5000,1900,2000,2000,4,,https://www.repark.jp/parking_user/time/result/detail/?park=REP0019711&st=4&pref=13
南大井３丁目第４,repark-rep0010307,東京都品川区南大井３丁目５ー７,35.591447044743,139.73528339783,self_propelled,4,TRUE,,,hourly,300,12,,ハイルーフ,5000,1900,2000,2000,4,,https://www.repark.jp/parking_user/time/result/detail/?park=REP0010307&st=4&pref=13
西中延３丁目第２,repark-rep0011905,東京都品川区西中延３丁目８ー１６,35.606933799518,139.70793217821,self_propelled,2,TRUE,,,hourly,330,20,,ハイルーフ,5000,1900,2000,2000,2,,https://www.repark.jp/parking_user/time/result/detail/?park=REP0011905&st=4&pref=13
中延４丁目第２,repark-rep0026239,東京都品川区中延４丁目１７ー２,35.60407300407,139.70847948749,self_propelled,6,TRUE,,,hourly,220,20,,ハイルーフ,5000,1900,2000,2000,6,,https://www.repark.jp/parking_user/time/result/detail/?park=REP0026239&st=4&pref=13
北品川１丁目第９,repark-rep0019438,東京都品川区北品川１丁目１３ー２,35.624546416971,139.74298678996,self_propelled,3,TRUE,,,hourly,440,20,,ハイルーフ,5000,1900,2000,2000,3,,https://www.repark.jp/parking_user/time/result/detail/?park=REP0019438&st=4&pref=13
西中延２丁目,repark-rep0018527,東京都品川区西中延２丁目１６ー１５,35.608436402145,139.70709328969,self_propelled,3,TRUE,,,hourly,220,30,,ハイルーフ,5000,1900,2000,2000,3,,https://www.repark.jp/parking_user/time/result/detail/?park=REP0018527&st=4&pref=13
西五反田５丁目第４,repark-rep0027947,東京都品川区西五反田５丁目４ー２,35.624995928945,139.717799972,self_propelled,14,TRUE,,,hourly,330,20,,ハイルーフ,5000,1900,2000,2000,14,,https://www.repark.jp/parking_user/time/result/detail/?park=REP0027947&st=4&pref=13
西五反田５丁目第３,repark-rep0023740,東京都品川区西五反田５丁目３ー８,35.625315333153,139.71747776205,self_propelled,3,TRUE,,,hourly,330,15,,ハイルーフ,5000,1900,2000,2000,3,,https://www.repark.jp/parking_user/time/result/detail/?park=REP0023740&st=4&pref=13
西五反田５丁目第２,repark-rep0020067,東京都品川区西五反田５丁目３０ー６,35.623046057211,139.71320322154,self_propelled,15,TRUE,,,hourly,330,15,,ハイルーフ,5000,1900,2000,2000,15,,https://www.repark.jp/parking_user/time/result/detail/?park=REP0020067&st=4&pref=13
東五反田５丁目第３,repark-rep0007506,東京都品川区東五反田５丁目１４－２２,35.628423443236,139.72369099093,self_propelled,3,TRUE,,,hourly,330,20,,ハイルーフ,5000,1900,2000,2000,3,,https://www.repark.jp/parking_user/time/result/detail/?park=REP0007506&st=4&pref=13
東五反田５丁目第２,repark-rep0005399,東京都品川区東五反田５丁目１５,35.628331767799,139.72264663788,self_propelled,7,TRUE,,,hourly,330,20,,ハイルーフ,5000,1900,2000,2000,7,,https://www.repark.jp/parking_user/time/result/detail/?park=REP0005399&st=4&pref=13
旗の台２丁目,repark-rep0027145,東京都品川区旗の台２丁目４－２２,35.607105957546,139.70532405389,self_propelled,9,TRUE,,,hourly,330,20,,ハイルーフ,5000,1900,2000,2000,9,,https://www.repark.jp/parking_user/time/result/detail/?park=REP0027145&st=4&pref=13
荏原３丁目,repark-rep0023831,東京都品川区荏原３丁目１ー１７,35.61807982549,139.70771223924,self_propelled,2,TRUE,,,hourly,330,20,,ハイルーフ,5000,1900,2000,2000,2,,https://www.repark.jp/parking_user/time/result/detail/?park=REP0023831&st=4&pref=13
南大井３丁目第９,repark-rep0019021,東京都品川区南大井３丁目２７ー１４,35.588722302758,139.73336979322,self_propelled,7,TRUE,,,hourly,330,15,,ハイルーフ,5000,1900,2000,2000,7,,https://www.repark.jp/parking_user/time/result/detail/?park=REP0019021&st=4&pref=13
旗の台４丁目,repark-rep0006465,東京都品川区旗の台４丁目２番１,35.603842424654,139.7057269487,self_propelled,9,TRUE,,,hourly,200,20,,ハイルーフ,5000,1900,2000,2000,9,,https://www.repark.jp/parking_user/time/result/detail/?park=REP0006465&st=4&pref=13
天王洲パークサイドビル,repark-rep0024446,東京都品川区東品川２丁目５ー８,35.621471875997,139.75043908962,self_propelled,9,TRUE,,,hourly,500,60,,普通車,4700,1700,1550,1500,9,,https://www.repark.jp/parking_user/time/result/detail/?park=REP0024446&st=4&pref=13
旗の台４丁目第２,repark-rep0025909,東京都品川区旗の台４丁目６ー３,35.603809090416,139.70545197308,self_propelled,5,TRUE,,,hourly,220,20,,ハイルーフ,5000,1900,2000,2000,5,,https://www.repark.jp/parking_user/time/result/detail/?park=REP0025909&st=4&pref=13
旗の台１丁目第４,repark-rep0026223,東京都品川区旗の台１丁目２ー５,35.610588902219,139.70436286234,self_propelled,10,TRUE,,,hourly,330,20,,ハイルーフ,5000,1900,2000,2000,10,,https://www.repark.jp/parking_user/time/result/detail/?park=REP0026223&st=4&pref=13
南大井３丁目第７,repark-rep0015871,東京都品川区南大井３丁目２９ー１０,35.587922385019,139.73318095674,self_propelled,2,TRUE,,,hourly,220,15,,ハイルーフ,5000,1900,2000,2000,2,,https://www.repark.jp/parking_user/time/result/detail/?park=REP0015871&st=4&pref=13
旗の台１丁目,repark-rep0012565,東京都品川区旗の台１丁目２ー３,35.610769434658,139.70417675848,self_propelled,4,TRUE,,,hourly,330,20,,ハイルーフ,5000,1900,2000,2000,4,,https://www.repark.jp/parking_user/time/result/detail/?park=REP0012565&st=4&pref=13
南大井３丁目第２,repark-rep0001955,東京都品川区南大井３丁目３１,35.588094618337,139.73488358541,self_propelled,9,TRUE,,,hourly,220,10,,ハイルーフ,5000,1900,2000,2000,9,,https://www.repark.jp/parking_user/time/result/detail/?park=REP0001955&st=4&pref=13
南大井３丁目第１０,repark-rep0022715,東京都品川区南大井３丁目３１ー５,35.588150174944,139.73525855171,self_propelled,5,TRUE,,,hourly,220,15,,ハイルーフ,5000,1900,2000,2000,5,,https://www.repark.jp/parking_user/time/result/detail/?park=REP0022715&st=4&pref=13
南大井３丁目第８,repark-rep0018122,東京都品川区南大井３丁目３１ー７,35.58783909746,139.73527245388,self_propelled,3,TRUE,,,hourly,220,15,,ハイルーフ,5000,1900,2000,2000,3,,https://www.repark.jp/parking_user/time/result/detail/?park=REP0018122&st=4&pref=13
小山３丁目,repark-rep0005574,東京都品川区小山３丁目１２番９,35.619040816138,139.7067067225,self_propelled,1,TRUE,,,hourly,220,20,,ハイルーフ,5000,1900,2000,2000,1,,https://www.repark.jp/parking_user/time/result/detail/?park=REP0005574&st=4&pref=13
南大井３丁目第５,repark-rep0011122,東京都品川区南大井３丁目３５ー８,35.587514089432,139.7328226723,self_propelled,4,TRUE,,,hourly,220,15,,ハイルーフ,5000,1900,2000,2000,4,,https://www.repark.jp/parking_user/time/result/detail/?park=REP0011122&st=4&pref=13
旗の台１丁目第２,repark-rep0012627,東京都品川区旗の台１丁目９ー２０,35.6093612386,139.70339355437,self_propelled,3,TRUE,,,hourly,330,20,,ハイルーフ,5000,1900,2000,2000,3,,https://www.repark.jp/parking_user/time/result/detail/?park=REP0012627&st=4&pref=13
旗の台１丁目第５,repark-rep0026349,東京都品川区旗の台１丁目７ー３,35.610552769874,139.70297686811,self_propelled,6,TRUE,,,hourly,330,20,,ハイルーフ,5000,1900,2000,2000,6,,https://www.repark.jp/parking_user/time/result/detail/?park=REP0026349&st=4&pref=13
旗の台１丁目第３,repark-rep0025784,東京都品川区旗の台１丁目９ー１０,35.610197250621,139.70284633932,self_propelled,2,TRUE,,,hourly,330,20,,ハイルーフ,5000,1900,2000,2000,2,,https://www.repark.jp/parking_user/time/result/detail/?park=REP0025784&st=4&pref=13
旗の台南口,repark-rep0000830,東京都品川区旗の台５丁目７－６,35.604259003382,139.70322435936,self_propelled,13,TRUE,,,hourly,330,20,,ハイルーフ,5000,1900,2000,2000,13,,https://www.repark.jp/parking_user/time/result/detail/?park=REP0000830&st=4&pref=13
荏原６丁目,repark-rep0024914,東京都品川区荏原６丁目２ー２１,35.612905279799,139.70203517099,self_propelled,4,TRUE,,,hourly,220,15,,ハイルーフ,5000,1900,2000,2000,4,,https://www.repark.jp/parking_user/time/result/detail/?park=REP0024914&st=4&pref=13
小山５丁目第５,repark-rep0020378,東京都品川区小山５丁目９ー１５,35.616591008892,139.7027404987,self_propelled,2,TRUE,,,hourly,220,15,,ハイルーフ,5000,1900,2000,2000,2,,https://www.repark.jp/parking_user/time/result/detail/?park=REP0020378&st=4&pref=13
西五反田４丁目第４,repark-rep0028203,東京都品川区西五反田４丁目１３ー１８,35.625898470826,139.70980892709,self_propelled,3,TRUE,,,hourly,220,15,,ハイルーフ,5000,1900,2000,2000,3,,https://www.repark.jp/parking_user/time/result/detail/?park=REP0028203&st=4&pref=13
旗の台６丁目第７,repark-rep0018038,東京都品川区旗の台６丁目２２ー３５,35.607028110004,139.7008660947,self_propelled,3,TRUE,,,hourly,110,10,,ハイルーフ,5000,1900,2000,2000,3,,https://www.repark.jp/parking_user/time/result/detail/?park=REP0018038&st=4&pref=13
旗の台６丁目第９,repark-rep0026348,東京都品川区旗の台６丁目１０ー１１,35.607905791652,139.70072439906,self_propelled,3,TRUE,,,hourly,220,20,,ハイルーフ,5000,1900,2000,2000,3,,https://www.repark.jp/parking_user/time/result/detail/?park=REP0026348&st=4&pref=13
小山台１丁目第３,repark-rep0013884,東京都品川区小山台１丁目８ー７,35.624073620409,139.70719811694,self_propelled,3,TRUE,,,hourly,220,20,,ハイルーフ,5000,1900,2000,2000,3,,https://www.repark.jp/parking_user/time/result/detail/?park=REP0013884&st=4&pref=13
西五反田４丁目第２,repark-rep0004863,東京都品川区西五反田４丁目２１－７,35.624718005673,139.70778137183,self_propelled,4,TRUE,,,hourly,330,30,,ハイルーフ,5000,1900,2000,2000,4,,https://www.repark.jp/parking_user/time/result/detail/?park=REP0004863&st=4&pref=13
東五反田５丁目第６,repark-rep0028164,東京都品川区東五反田５丁目３ー１２,35.632303548088,139.72167986829,self_propelled,7,TRUE,,,hourly,220,10,,ハイルーフ,5000,1900,2000,2000,7,,https://www.repark.jp/parking_user/time/result/detail/?park=REP0028164&st=4&pref=13
小山４丁目第３,repark-rep0020880,東京都品川区小山４丁目２ー２,35.619532367005,139.70306811305,self_propelled,2,TRUE,,,hourly,330,15,,ハイルーフ,5000,1900,2000,2000,2,,https://www.repark.jp/parking_user/time/result/detail/?park=REP0020880&st=4&pref=13
小山台１丁目第８,repark-rep0028953,東京都品川区小山台１丁目３‐１２,35.624779099756,139.70718697438,self_propelled,5,TRUE,,,hourly,220,20,,ハイルーフ,5000,1900,2000,2000,5,,https://www.repark.jp/parking_user/time/result/detail/?park=REP0028953&st=4&pref=13
小山台１丁目第９,repark-rep0028860,東京都品川区小山台１丁目３‐１０,35.624995743535,139.70718418664,self_propelled,10,TRUE,,,hourly,220,20,,ハイルーフ,5000,1900,2000,2000,10,,https://www.repark.jp/parking_user/time/result/detail/?park=REP0028860&st=4&pref=13
小山５丁目第６,repark-rep0022178,東京都品川区小山５丁目１５ー１３,35.616204912214,139.70119619973,self_propelled,2,TRUE,,,hourly,330,30,,ハイルーフ,5000,1900,2000,2000,2,,https://www.repark.jp/parking_user/time/result/detail/?park=REP0022178&st=4&pref=13
小山台１丁目第４,repark-rep0015086,東京都品川区小山台１丁目２０ー２６,35.622420976387,139.70474839649,self_propelled,2,TRUE,,,hourly,220,15,,ハイルーフ,5000,1900,2000,2000,2,,https://www.repark.jp/parking_user/time/result/detail/?park=REP0015086&st=4&pref=13
小山４丁目第２,repark-rep0017551,東京都品川区小山４丁目１３ー１５,35.618060275875,139.70154608524,self_propelled,2,TRUE,,,hourly,220,10,,ハイルーフ,5000,1900,2000,2000,2,,https://www.repark.jp/parking_user/time/result/detail/?park=REP0017551&st=4&pref=13
小山台１丁目第６,repark-rep0016143,東京都品川区小山台１丁目２ー９,35.625112383941,139.7063759154,self_propelled,2,TRUE,,,hourly,220,15,,ハイルーフ,5000,1900,2000,2000,2,,https://www.repark.jp/parking_user/time/result/detail/?park=REP0016143&st=4&pref=13
旗の台６丁目第２,repark-rep0013180,東京都品川区旗の台６丁目１２ー２,35.608155736584,139.69910230026,self_propelled,7,TRUE,,,hourly,220,25,,ハイルーフ,5000,1900,2000,2000,7,,https://www.repark.jp/parking_user/time/result/detail/?park=REP0013180&st=4&pref=13
旗の台６丁目,repark-rep0009383,東京都品川区旗の台６丁目１２ー２,35.608100183354,139.69886343366,self_propelled,4,TRUE,,,hourly,220,20,,ハイルーフ,5000,1900,2000,2000,4,,https://www.repark.jp/parking_user/time/result/detail/?park=REP0009383&st=4&pref=13
旗の台６丁目第８,repark-rep0020455,東京都品川区旗の台６丁目１２ー１６,35.608077960936,139.69876066521,self_propelled,5,TRUE,,,hourly,220,20,,ハイルーフ,5000,1900,2000,2000,5,,https://www.repark.jp/parking_user/time/result/detail/?park=REP0020455&st=4&pref=13
上大崎１丁目,repark-rep0025234,東京都品川区上大崎１丁目２１ー１４,35.63337841347,139.72055491222,self_propelled,3,TRUE,,,hourly,330,12,,ハイルーフ,5000,1900,2000,2000,3,,https://www.repark.jp/parking_user/time/result/detail/?park=REP0025234&st=4&pref=13
小山６丁目第３,repark-rep0027722,東京都品川区小山６丁目１７ー８,35.612985756164,139.69796883799,self_propelled,3,TRUE,,,hourly,220,20,,ハイルーフ,5000,1900,2000,2000,3,,https://www.repark.jp/parking_user/time/result/detail/?park=REP0027722&st=4&pref=13
旗の台６丁目第３,repark-rep0014061,東京都品川区旗の台６丁目５ー５３,35.608075157309,139.69721912637,self_propelled,3,TRUE,,,hourly,220,20,,ハイルーフ,5000,1900,2000,2000,3,,https://www.repark.jp/parking_user/time/result/detail/?park=REP0014061&st=4&pref=13
上大崎２丁目第５,repark-rep0014341,東京都品川区上大崎２丁目１０ー４,35.636458557002,139.71580238808,self_propelled,11,TRUE,,,hourly,330,15,,ハイルーフ,5000,1900,2000,2000,11,,https://www.repark.jp/parking_user/time/result/detail/?park=REP0014341&st=4&pref=13
上大崎２丁目第３,repark-rep0007033,東京都品川区上大崎２丁目１番１１号,35.640147047789,139.71559112378,self_propelled,4,TRUE,,,hourly,440,20,,ハイルーフ,5000,1900,2000,2000,4,,https://www.repark.jp/parking_user/time/result/detail/?park=REP0007033&st=4&pref=13
上目黒２丁目第７,repark-rep0013239,東京都目黒区上目黒２丁目２３,35.64088275853,139.69718150781,self_propelled,10,TRUE,,,hourly,300,15,,ハイルーフ,5000,1900,2000,2000,10,,https://www.repark.jp/parking_user/time/result/detail/?park=REP0013239&st=4&pref=13
上目黒２丁目第６,repark-rep0012102,東京都目黒区上目黒２丁目２０－５,35.640166182634,139.69800925006,self_propelled,9,TRUE,,,hourly,300,15,,ハイルーフ,5000,1900,2000,2000,9,,https://www.repark.jp/parking_user/time/result/detail/?park=REP0012102&st=4&pref=13
上目黒２丁目第８,repark-rep0018558,東京都目黒区上目黒２丁目８ー１１,35.642671498655,139.69961177961,self_propelled,5,TRUE,,,hourly,440,15,,ハイルーフ,5000,1900,2000,2000,5,,https://www.repark.jp/parking_user/time/result/detail/?park=REP0018558&st=4&pref=13
中目黒ＧＴ駐車場,repark-rep0002274,東京都目黒区上目黒２丁目１－１,35.643371402155,139.69837296127,self_propelled,66,FALSE,,,hourly,500,30,,普通車,5000,1850,1550,1700,66,,https://www.repark.jp/parking_user/time/result/detail/?park=REP0002274&st=4&pref=13
上目黒２丁目第２,repark-rep0002762,東京都目黒区上目黒２丁目４１,35.640579974103,139.69495948429,self_propelled,7,TRUE,,,hourly,330,20,,ハイルーフ,5000,1900,2000,2000,7,,https://www.repark.jp/parking_user/time/result/detail/?park=REP0002762&st=4&pref=13
上目黒３丁目第７,repark-rep0028373,東京都目黒区上目黒３丁目１４ー２３,35.644760099632,139.6959119907,self_propelled,4,TRUE,,,hourly,220,20,,ハイルーフ,5000,1900,2000,2000,4,,https://www.repark.jp/parking_user/time/result/detail/?park=REP0028373&st=4&pref=13
中目黒３丁目第４,repark-rep0026633,東京都目黒区中目黒３丁目１６ー１６,35.638166442377,139.70063412415,self_propelled,1,TRUE,,,hourly,330,15,,ハイルーフ,5000,1900,2000,2000,1,,https://www.repark.jp/parking_user/time/result/detail/?park=REP0026633&st=4&pref=13
中目黒１丁目第３,repark-rep0019184,東京都目黒区中目黒１丁目１ー４２,35.643652010297,139.70313366397,self_propelled,2,TRUE,,,hourly,220,12,,ハイルーフ,5000,1900,2000,2000,2,,https://www.repark.jp/parking_user/time/result/detail/?park=REP0019184&st=4&pref=13
中目黒５丁目,repark-rep0014881,東京都目黒区中目黒５丁目２４ー１７,35.635494453585,139.69762338622,self_propelled,2,TRUE,,,hourly,220,15,,ハイルーフ,5000,1900,2000,2000,2,,https://www.repark.jp/parking_user/time/result/detail/?park=REP0014881&st=4&pref=13
目黒中町２丁目第２,repark-rep0005228,東京都目黒区中町２丁目１０－２,35.635066699069,139.6963485118,self_propelled,3,TRUE,,,hourly,220,15,,ハイルーフ,5000,1900,2000,2000,3,,https://www.repark.jp/parking_user/time/result/detail/?park=REP0005228&st=4&pref=13
祐天寺駅前,repark-rep0001835,東京都目黒区祐天寺２丁目１２－７,35.637088619025,139.69143771553,self_propelled,5,TRUE,,,hourly,440,20,,ハイルーフ,5000,1900,2000,2000,5,,https://www.repark.jp/parking_user/time/result/detail/?park=REP0001835&st=4&pref=13
祐天寺２丁目第３,repark-rep0022550,東京都目黒区祐天寺２丁目１２ー８,35.63673866029,139.69165715742,self_propelled,6,TRUE,,,hourly,220,15,,ハイルーフ,5000,1900,2000,2000,6,,https://www.repark.jp/parking_user/time/result/detail/?park=REP0022550&st=4&pref=13
上目黒４丁目第２,repark-rep0010267,東京都目黒区上目黒４丁目２４－１７,35.642104711605,139.68926821973,self_propelled,2,TRUE,,,hourly,220,15,,ハイルーフ,5000,1900,2000,2000,2,,https://www.repark.jp/parking_user/time/result/detail/?park=REP0010267&st=4&pref=13
目黒４丁目第３,repark-rep0011814,東京都目黒区目黒４丁目２０－２０,35.633986315083,139.69952329788,self_propelled,3,TRUE,,,hourly,330,15,,ハイルーフ,5000,1900,2000,2000,3,,https://www.repark.jp/parking_user/time/result/detail/?park=REP0011814&st=4&pref=13
目黒東山１丁目,repark-rep0005038,東京都目黒区東山１丁目１－８,35.64802914133,139.69289820147,self_propelled,8,TRUE,,,hourly,440,15,,ハイルーフ,5000,1900,2000,2000,8,,https://www.repark.jp/parking_user/time/result/detail/?park=REP0005038&st=4&pref=13
五本木２丁目第３,repark-rep0015881,東京都目黒区五本木２丁目１４ー９,35.634977737495,139.69164890619,self_propelled,2,TRUE,,,hourly,200,15,,ハイルーフ,5000,1900,2000,2000,2,,https://www.repark.jp/parking_user/time/result/detail/?park=REP0015881&st=4&pref=13
目黒中町２丁目第３,repark-rep0009623,東京都目黒区中町２丁目４８ー６,35.634805534593,139.69168779989,self_propelled,26,TRUE,,,hourly,200,30,,ハイルーフ,5000,1900,2000,2000,26,,https://www.repark.jp/parking_user/time/result/detail/?park=REP0009623&st=4&pref=13
祐天寺２丁目,repark-rep0002098,東京都目黒区祐天寺２丁目１５－１２,35.63577207308,139.69024898588,self_propelled,4,TRUE,,,hourly,330,15,,ハイルーフ,5000,1900,2000,2000,4,,https://www.repark.jp/parking_user/time/result/detail/?park=REP0002098&st=4&pref=13
五本木１丁目第３,repark-rep0027595,東京都目黒区五本木１丁目１５ー１９,35.638496746761,139.68825180428,self_propelled,7,TRUE,,,hourly,220,15,,ハイルーフ,5000,1900,2000,2000,7,,https://www.repark.jp/parking_user/time/result/detail/?park=REP0027595&st=4&pref=13
目黒東山２丁目,repark-rep0006091,東京都目黒区東山２丁目１２－７,35.646970877083,139.69035401749,self_propelled,6,TRUE,,,hourly,330,12,,ハイルーフ,5000,1900,2000,2000,6,,https://www.repark.jp/parking_user/time/result/detail/?park=REP0006091&st=4&pref=13
目黒東山１丁目第２,repark-rep0027341,東京都目黒区東山１丁目１２－２,35.64819299335,139.69178439742,self_propelled,11,TRUE,,,hourly,330,15,,ハイルーフ,5000,1900,2000,2000,11,,https://www.repark.jp/parking_user/time/result/detail/?park=REP0027341&st=4&pref=13
目黒中町１丁目第５,repark-rep0026979,東京都目黒区中町１丁目５ー３,35.632594792361,139.69926227264,self_propelled,2,TRUE,,,hourly,330,20,,ハイルーフ,5000,1900,2000,2000,2,,https://www.repark.jp/parking_user/time/result/detail/?park=REP0026979&st=4&pref=13
上目黒５丁目第２,repark-rep0029010,東京都目黒区上目黒５丁目２６‐１３,35.641415857521,139.68704899176,self_propelled,2,TRUE,,,hourly,220,15,,ハイルーフ,5000,1900,2000,2000,2,,https://www.repark.jp/parking_user/time/result/detail/?park=REP0029010&st=4&pref=13
五本木２丁目第２,repark-rep0014880,東京都目黒区五本木２丁目１８ー１０,35.634561091947,139.69026848402,self_propelled,4,TRUE,,,hourly,330,20,,ハイルーフ,5000,1900,2000,2000,4,,https://www.repark.jp/parking_user/time/result/detail/?park=REP0014880&st=4&pref=13
目黒３丁目第６,repark-rep0025802,東京都目黒区目黒３丁目６ー２４,35.63399477104,139.70661437559,self_propelled,8,TRUE,,,hourly,330,12,,ハイルーフ,5000,1900,2000,2000,8,,https://www.repark.jp/parking_user/time/result/detail/?park=REP0025802&st=4&pref=13
目黒４丁目第４,repark-rep0026105,東京都目黒区目黒４丁目９ー７,35.631719963852,139.70372305346,self_propelled,5,TRUE,,,hourly,330,12,,ハイルーフ,5000,1900,2000,2000,5,,https://www.repark.jp/parking_user/time/result/detail/?park=REP0026105&st=4&pref=13
目黒青葉台２丁目第９,repark-rep0029068,東京都目黒区青葉台２丁目２‐１０,35.651950986878,139.69536170529,self_propelled,11,TRUE,,,hourly,440,15,,ハイルーフ,5000,1900,2000,2000,11,,https://www.repark.jp/parking_user/time/result/detail/?park=REP0029068&st=4&pref=13
目黒４丁目第２,repark-rep0002612,東京都目黒区目黒４丁目１０－８,35.631439437857,139.70372306637,self_propelled,4,TRUE,,,hourly,440,12,,ハイルーフ,5000,1900,2000,2000,4,,https://www.repark.jp/parking_user/time/result/detail/?park=REP0002612&st=4&pref=13
目黒青葉台３丁目第３,repark-rep0026765,東京都目黒区青葉台３丁目１７ー４,35.650759374347,139.69112600093,self_propelled,12,TRUE,,,hourly,440,12,,ハイルーフ,5000,1900,2000,2000,12,,https://www.repark.jp/parking_user/time/result/detail/?park=REP0026765&st=4&pref=13
目黒三田２丁目,repark-rep0025068,東京都目黒区三田２丁目１０ー５９,35.638308277597,139.71113324568,self_propelled,3,TRUE,,,hourly,220,15,,ハイルーフ,5000,1900,2000,2000,3,,https://www.repark.jp/parking_user/time/result/detail/?park=REP0025068&st=4&pref=13
下目黒４丁目第２,repark-rep0027097,東京都目黒区下目黒４丁目１１ー１４,35.630925602314,139.70363698618,self_propelled,2,TRUE,,,hourly,330,20,,ハイルーフ,5000,1900,2000,2000,2,,https://www.repark.jp/parking_user/time/result/detail/?park=REP0027097&st=4&pref=13
目黒中町１丁目第４,repark-rep0012243,東京都目黒区中町１丁目２５－２４,35.629895049255,139.69743754849,self_propelled,2,TRUE,,,hourly,220,20,,ハイルーフ,5000,1900,2000,2000,2,,https://www.repark.jp/parking_user/time/result/detail/?park=REP0012243&st=4&pref=13
目黒３丁目第４,repark-rep0013411,東京都目黒区目黒３丁目１１－９,35.631875543498,139.70608673899,self_propelled,2,TRUE,,,hourly,440,10,,ハイルーフ,5000,1900,2000,2000,2,,https://www.repark.jp/parking_user/time/result/detail/?park=REP0013411&st=4&pref=13
下目黒５丁目第６,repark-rep0025934,東京都目黒区下目黒５丁目１９ー６,35.6300950935,139.70119556018,self_propelled,9,TRUE,,,hourly,220,15,,ハイルーフ,5000,1900,2000,2000,9,,https://www.repark.jp/parking_user/time/result/detail/?park=REP0025934&st=4&pref=13
目黒青葉台３丁目第４,repark-rep0026816,東京都目黒区青葉台３丁目５ー３０,35.651662065759,139.69175368523,self_propelled,7,TRUE,,,hourly,440,12,,ハイルーフ,5000,1900,2000,2000,7,,https://www.repark.jp/parking_user/time/result/detail/?park=REP0026816&st=4&pref=13
目黒東山３丁目,repark-rep0010189,東京都目黒区東山３丁目１８－４,35.648628971212,139.68683201064,self_propelled,5,TRUE,,,hourly,330,12,,ハイルーフ,5000,1900,2000,2000,5,,https://www.repark.jp/parking_user/time/result/detail/?park=REP0010189&st=4&pref=13
厚生中央病院駐車場,repark-rep0019294,東京都目黒区三田１丁目１１－７,35.642030124985,139.71247740767,self_propelled,32,FALSE,,,hourly,800,60,,一般,5000,1900,2300,2000,32,,https://www.repark.jp/parking_user/time/result/detail/?park=REP0019294&st=4&pref=13
五本木２丁目第４,repark-rep0022677,東京都目黒区五本木２丁目３７ー７,35.634569350513,139.68605772234,self_propelled,6,TRUE,,,hourly,220,20,,ハイルーフ,5000,1900,2000,2000,6,,https://www.repark.jp/parking_user/time/result/detail/?park=REP0022677&st=4&pref=13
目黒中央町１丁目第２,repark-rep0003976,東京都目黒区中央町１丁目３－３２,35.629781116744,139.69424892955,self_propelled,2,TRUE,,,hourly,220,25,,ハイルーフ,5000,1900,2000,2000,2,,https://www.repark.jp/parking_user/time/result/detail/?park=REP0003976&st=4&pref=13
下目黒６丁目第２,repark-rep0006700,東京都目黒区下目黒６丁目２－２,35.629117412021,139.70073453249,self_propelled,3,TRUE,,,hourly,220,15,,ハイルーフ,5000,1900,2000,2000,3,,https://www.repark.jp/parking_user/time/result/detail/?park=REP0006700&st=4&pref=13
目黒中央町２丁目,repark-rep0017302,東京都目黒区中央町２丁目２５ー５,35.630039372586,139.69141304218,self_propelled,2,TRUE,,,hourly,220,12,,ハイルーフ,5000,1900,2000,2000,2,,https://www.repark.jp/parking_user/time/result/detail/?park=REP0017302&st=4&pref=13
下目黒６丁目第４,repark-rep0013518,東京都目黒区下目黒６丁目１３－１７,35.628217478199,139.69901249494,self_propelled,6,TRUE,,,hourly,220,15,,ハイルーフ,5000,1900,2000,2000,6,,https://www.repark.jp/parking_user/time/result/detail/?park=REP0013518&st=4&pref=13
下目黒５丁目第７,repark-rep0028235,東京都目黒区下目黒５丁目１４ー１７,35.628823048605,139.7035454236,self_propelled,6,TRUE,,,hourly,220,15,,ハイルーフ,5000,1900,2000,2000,6,,https://www.repark.jp/parking_user/time/result/detail/?park=REP0028235&st=4&pref=13
下目黒１丁目第３,repark-rep0016702,東京都目黒区下目黒１丁目５ー４,35.633642124639,139.71198894547,self_propelled,2,TRUE,,,hourly,550,15,,ハイルーフ,5000,1900,2000,2000,2,,https://www.repark.jp/parking_user/time/result/detail/?park=REP0016702&st=4&pref=13
下目黒５丁目第５,repark-rep0024751,東京都目黒区下目黒５丁目１４ー７,35.62805368643,139.70357601249,self_propelled,3,TRUE,,,hourly,220,20,,ハイルーフ,5000,1900,2000,2000,3,,https://www.repark.jp/parking_user/time/result/detail/?park=REP0024751&st=4&pref=13
下目黒５丁目第２,repark-rep0003274,東京都目黒区下目黒５丁目１２－１３,35.627689822523,139.70278442798,self_propelled,4,TRUE,,,hourly,220,15,,ハイルーフ,5000,1900,2000,2000,4,,https://www.repark.jp/parking_user/time/result/detail/?park=REP0003274&st=4&pref=13
五本木３丁目,repark-rep0021156,東京都目黒区五本木３丁目１２ー１０,35.633116686654,139.6836968743,self_propelled,3,TRUE,,,hourly,220,15,,ハイルーフ,5000,1900,2000,2000,3,,https://www.repark.jp/parking_user/time/result/detail/?park=REP0021156&st=4&pref=13
鷹番２丁目第３,repark-rep0012667,東京都目黒区鷹番２丁目１５－１,35.629528253864,139.68784114036,self_propelled,5,TRUE,,,hourly,220,12,,ハイルーフ,5000,1900,2000,2000,5,,https://www.repark.jp/parking_user/time/result/detail/?park=REP0012667&st=4&pref=13
下目黒１丁目,repark-rep0000872,東京都目黒区下目黒１丁目４,35.632697792708,139.71262226936,self_propelled,2,TRUE,,,hourly,330,10,,ハイルーフ,5000,1900,2000,2000,2,,https://www.repark.jp/parking_user/time/result/detail/?park=REP0000872&st=4&pref=13
下目黒５丁目第４,repark-rep0012016,東京都目黒区下目黒５丁目３２ー１７,35.626323304774,139.70290392598,self_propelled,3,TRUE,,,hourly,330,20,,ハイルーフ,5000,1900,2000,2000,3,,https://www.repark.jp/parking_user/time/result/detail/?park=REP0012016&st=4&pref=13
下目黒３丁目第２,repark-rep0022971,東京都目黒区下目黒３丁目７ー１７,35.628139907413,139.71040044175,self_propelled,4,TRUE,,,hourly,220,15,,ハイルーフ,5000,1900,2000,2000,4,,https://www.repark.jp/parking_user/time/result/detail/?park=REP0022971&st=4&pref=13
鷹番３丁目第４,repark-rep0022549,東京都目黒区鷹番３丁目６ー１５,35.628814380915,139.68438868195,self_propelled,9,TRUE,,,hourly,300,12,,ハイルーフ,5000,1900,2000,2000,9,,https://www.repark.jp/parking_user/time/result/detail/?park=REP0022549&st=4&pref=13
鷹番１丁目第４,repark-rep0020065,東京都目黒区鷹番１丁目１４ー４,35.626489666879,139.6865247226,self_propelled,2,TRUE,,,hourly,220,15,,ハイルーフ,5000,1900,2000,2000,2,,https://www.repark.jp/parking_user/time/result/detail/?park=REP0020065&st=4&pref=13
目黒駒場１丁目,repark-rep0012799,東京都目黒区駒場１丁目１４－８,35.656367032732,139.68684276443,self_propelled,3,TRUE,,,hourly,330,15,,ハイルーフ,5000,1900,2000,2000,3,,https://www.repark.jp/parking_user/time/result/detail/?park=REP0012799&st=4&pref=13
碑文谷６丁目第２,repark-rep0006159,東京都目黒区碑文谷６丁目１－２,35.626978484721,139.68544423382,self_propelled,7,TRUE,,,hourly,220,15,,ハイルーフ,5000,1900,2000,2000,7,,https://www.repark.jp/parking_user/time/result/detail/?park=REP0006159&st=4&pref=13
鷹番１丁目第３,repark-rep0014478,東京都目黒区鷹番１丁目１４ー２２,35.626667415096,139.68590809863,self_propelled,5,TRUE,,,hourly,220,20,,ハイルーフ,5000,1900,2000,2000,5,,https://www.repark.jp/parking_user/time/result/detail/?park=REP0014478&st=4&pref=13
鷹番３丁目第３,repark-rep0015102,東京都目黒区鷹番３丁目１６ー５,35.627686720892,139.68418041817,self_propelled,4,TRUE,,,hourly,330,15,,ハイルーフ,5000,1900,2000,2000,4,,https://www.repark.jp/parking_user/time/result/detail/?park=REP0015102&st=4&pref=13
鷹番１丁目第２,repark-rep0009547,東京都目黒区鷹番１丁目９ー１６,35.625739762421,139.68740246223,self_propelled,3,TRUE,,,hourly,220,20,,ハイルーフ,5000,1900,2000,2000,3,,https://www.repark.jp/parking_user/time/result/detail/?park=REP0009547&st=4&pref=13
鷹番３丁目第２,repark-rep0014300,東京都目黒区鷹番３丁目１６ー１６,35.627978342018,139.68339713579,self_propelled,9,TRUE,,,hourly,300,15,,ハイルーフ,5000,1900,2000,2000,9,,https://www.repark.jp/parking_user/time/result/detail/?park=REP0014300&st=4&pref=13
五本木３丁目第２,repark-rep0027435,東京都目黒区五本木３丁目３３ー６,35.629294828616,139.68113059741,self_propelled,8,TRUE,,,hourly,220,15,,ハイルーフ,5000,1900,2000,2000,8,,https://www.repark.jp/parking_user/time/result/detail/?park=REP0027435&st=4&pref=13
目黒本町３丁目,repark-rep0016292,東京都目黒区目黒本町３丁目１３ー４,35.623131942351,139.70079869177,self_propelled,4,TRUE,,,hourly,330,30,,ハイルーフ,5000,1900,2000,2000,4,,https://www.repark.jp/parking_user/time/result/detail/?park=REP0016292&st=4&pref=13
目黒本町４丁目,repark-rep0001501,東京都目黒区目黒本町４丁目１５－２３,35.623015174749,139.69432423485,self_propelled,4,TRUE,,,hourly,220,20,,ハイルーフ,5000,1900,2000,2000,4,,https://www.repark.jp/parking_user/time/result/detail/?park=REP0001501&st=4&pref=13
碑文谷６丁目,repark-rep0001428,東京都目黒区碑文谷６丁目８－２,35.627181202274,139.6832249648,self_propelled,6,TRUE,,,hourly,330,15,,ハイルーフ,5000,1900,2000,2000,6,,https://www.repark.jp/parking_user/time/result/detail/?park=REP0001428&st=4&pref=13
目黒本町６丁目,repark-rep0022998,東京都目黒区目黒本町６丁目１２ー２３,35.622048649536,139.6964657685,self_propelled,3,TRUE,,,hourly,220,20,,ハイルーフ,5000,1900,2000,2000,3,,https://www.repark.jp/parking_user/time/result/detail/?park=REP0022998&st=4&pref=13
目黒本町２丁目第２,repark-rep0008296,東京都目黒区目黒本町２丁目２４,35.622926216231,139.68979961471,self_propelled,4,TRUE,,,hourly,220,20,,ハイルーフ,5000,1900,2000,2000,4,,https://www.repark.jp/parking_user/time/result/detail/?park=REP0008296&st=4&pref=13
碑文谷２丁目,repark-rep0028231,東京都目黒区碑文谷２丁目５ー５,35.622290170935,139.68966632207,self_propelled,4,TRUE,,,hourly,220,20,,ハイルーフ,5000,1900,2000,2000,4,,https://www.repark.jp/parking_user/time/result/detail/?park=REP0028231&st=4&pref=13
碑文谷５丁目第２,repark-rep0006724,東京都目黒区碑文谷５丁目１２番,35.624100964533,139.68258349291,self_propelled,3,TRUE,,,hourly,220,20,,ハイルーフ,5000,1900,2000,2000,3,,https://www.repark.jp/parking_user/time/result/detail/?park=REP0006724&st=4&pref=13
目黒原町１丁目第３,repark-rep0010743,東京都目黒区原町１丁目１－７,35.617729683577,139.69744366316,self_propelled,7,TRUE,,,hourly,220,20,,ハイルーフ,5000,1900,2000,2000,7,,https://www.repark.jp/parking_user/time/result/detail/?park=REP0010743&st=4&pref=13
柿の木坂２丁目第６,repark-rep0012357,東京都目黒区柿の木坂２丁目１３－８,35.624942421791,139.67572846846,self_propelled,5,TRUE,,,hourly,220,20,,ハイルーフ,5000,1900,2000,2000,5,,https://www.repark.jp/parking_user/time/result/detail/?park=REP0012357&st=4&pref=13
柿の木坂１丁目第５,repark-rep0027280,東京都目黒区柿の木坂１丁目２２ー１９,35.623128743135,139.67666458523,self_propelled,3,TRUE,,,hourly,220,15,,ハイルーフ,5000,1900,2000,2000,3,,https://www.repark.jp/parking_user/time/result/detail/?park=REP0027280&st=4&pref=13
柿の木坂１丁目第２,repark-rep0024528,東京都目黒区柿の木坂１丁目２２,35.623048192967,139.67644793994,self_propelled,8,TRUE,,,hourly,220,15,,ハイルーフ,5000,1900,2000,2000,8,,https://www.repark.jp/parking_user/time/result/detail/?park=REP0024528&st=4&pref=13
柿の木坂１丁目第４,repark-rep0027119,東京都目黒区柿の木坂１丁目２０ー５,35.622003878007,139.67749790083,self_propelled,4,TRUE,,,hourly,220,20,,ハイルーフ,5000,1900,2000,2000,4,,https://www.repark.jp/parking_user/time/result/detail/?park=REP0027119&st=4&pref=13
柿の木坂１丁目,repark-rep0020623,東京都目黒区柿の木坂１丁目１３,35.6215178189,139.67749236867,self_propelled,6,TRUE,,,hourly,220,20,,ハイルーフ,5000,1900,2000,2000,6,,https://www.repark.jp/parking_user/time/result/detail/?park=REP0020623&st=4&pref=13
柿の木坂２丁目第８,repark-rep0023335,東京都目黒区柿の木坂２丁目３０ー１０,35.625761722976,139.67251203086,self_propelled,5,TRUE,,,hourly,220,15,,ハイルーフ,5000,1900,2000,2000,5,,https://www.repark.jp/parking_user/time/result/detail/?park=REP0023335&st=4&pref=13
柿の木坂２丁目第７,repark-rep0021289,東京都目黒区柿の木坂２丁目２７ー２,35.624048045995,139.6741564182,self_propelled,7,TRUE,,,hourly,220,20,,ハイルーフ,5000,1900,2000,2000,7,,https://www.repark.jp/parking_user/time/result/detail/?park=REP0021289&st=4&pref=13
洗足１丁目第２,repark-rep0025214,東京都目黒区洗足１丁目１８,35.61521322367,139.6938329679,self_propelled,4,TRUE,,,hourly,330,25,,ハイルーフ,5000,1900,2000,2000,4,,https://www.repark.jp/parking_user/time/result/detail/?park=REP0025214&st=4&pref=13
柿の木坂２丁目第９,repark-rep0027766,東京都目黒区柿の木坂２丁目２８ー１５,35.624531305036,139.67288150183,self_propelled,10,TRUE,,,hourly,220,15,,ハイルーフ,5000,1900,2000,2000,10,,https://www.repark.jp/parking_user/time/result/detail/?park=REP0027766&st=4&pref=13
洗足１丁目第４,repark-rep0027617,東京都目黒区洗足１丁目２３ー２,35.614207780987,139.69416354274,self_propelled,6,TRUE,,,hourly,220,20,,ハイルーフ,5000,1900,2000,2000,6,,https://www.repark.jp/parking_user/time/result/detail/?park=REP0027617&st=4&pref=13
洗足１丁目第３,repark-rep0027267,東京都目黒区洗足１丁目８ー１１,35.613916168708,139.69551066629,self_propelled,3,TRUE,,,hourly,220,20,,ハイルーフ,5000,1900,2000,2000,3,,https://www.repark.jp/parking_user/time/result/detail/?park=REP0027267&st=4&pref=13
都立大学駅前第２,repark-rep0020625,東京都目黒区平町１丁目２６,35.618095953592,139.67695923651,self_propelled,11,TRUE,,,hourly,300,30,,ハイルーフ,5000,1900,2000,2000,11,,https://www.repark.jp/parking_user/time/result/detail/?park=REP0020625&st=4&pref=13
目黒南１丁目第２,repark-rep0022936,東京都目黒区南１丁目１８ー４,35.613235585154,139.68970840151,self_propelled,9,TRUE,,,hourly,220,25,,ハイルーフ,5000,1900,2000,2000,9,,https://www.repark.jp/parking_user/time/result/detail/?park=REP0022936&st=4&pref=13
都立大学駅前,repark-rep0016545,東京都目黒区平町１丁目２６ー２０,35.617954298978,139.67680092318,self_propelled,7,TRUE,,,hourly,300,30,,ハイルーフ,5000,1900,2000,2000,7,,https://www.repark.jp/parking_user/time/result/detail/?park=REP0016545&st=4&pref=13
八雲１丁目第３,repark-rep0014012,東京都目黒区八雲１丁目３ー４,35.619045814006,139.67478437339,self_propelled,2,TRUE,,,hourly,440,20,,ハイルーフ,5000,1900,2000,2000,2,,https://www.repark.jp/parking_user/time/result/detail/?park=REP0014012&st=4&pref=13
目黒平町２丁目,repark-rep0010294,東京都目黒区平町２丁目４－１５,35.614524231669,139.68371717373,self_propelled,2,TRUE,,,hourly,220,20,,ハイルーフ,5000,1900,2000,2000,2,,https://www.repark.jp/parking_user/time/result/detail/?park=REP0010294&st=4&pref=13
目黒平町２丁目第２,repark-rep0020800,東京都目黒区平町２丁目１４ー６,35.615199092484,139.67988135022,self_propelled,5,TRUE,,,hourly,220,15,,ハイルーフ,5000,1900,2000,2000,5,,https://www.repark.jp/parking_user/time/result/detail/?park=REP0020800&st=4&pref=13
八雲１丁目第２,repark-rep0006725,東京都目黒区八雲１丁目１０番,35.619134641932,139.67183183751,self_propelled,3,TRUE,,,hourly,330,25,,ハイルーフ,5000,1900,2000,2000,3,,https://www.repark.jp/parking_user/time/result/detail/?park=REP0006725&st=4&pref=13
八雲１丁目第４,repark-rep0028630,東京都目黒区八雲１丁目１１‐５,35.617709815583,139.67304846807,self_propelled,6,TRUE,,,hourly,330,30,,ハイルーフ,5000,1900,2000,2000,6,,https://www.repark.jp/parking_user/time/result/detail/?park=REP0028630&st=4&pref=13
八雲２丁目第４,repark-rep0027910,東京都目黒区八雲２丁目１７ー１９,35.620195598357,139.66947920604,self_propelled,5,TRUE,,,hourly,330,25,,ハイルーフ,5000,1900,2000,2000,5,,https://www.repark.jp/parking_user/time/result/detail/?park=REP0027910&st=4&pref=13
八雲１丁目,repark-rep0004324,東京都目黒区八雲１丁目１２,35.616907121694,139.67294851334,self_propelled,8,TRUE,,,hourly,200,30,,ハイルーフ,5000,1900,2000,2000,8,,https://www.repark.jp/parking_user/time/result/detail/?park=REP0004324&st=4&pref=13
洗足２丁目,repark-rep0011950,東京都目黒区洗足２丁目２６ー１５,35.609549955607,139.69470260145,self_propelled,4,TRUE,,,hourly,220,15,,ハイルーフ,5000,1900,2000,2000,4,,https://www.repark.jp/parking_user/time/result/detail/?park=REP0011950&st=4&pref=13
八雲２丁目第３,repark-rep0016742,東京都目黒区八雲２丁目２２ー３,35.61865964461,139.6690765322,self_propelled,4,TRUE,,,hourly,220,20,,ハイルーフ,5000,1900,2000,2000,4,,https://www.repark.jp/parking_user/time/result/detail/?park=REP0016742&st=4&pref=13
目黒中根１丁目,repark-rep0011529,東京都目黒区中根１丁目１９ー２,35.614265705882,139.67115433997,self_propelled,3,TRUE,,,hourly,220,20,,ハイルーフ,5000,1900,2000,2000,3,,https://www.repark.jp/parking_user/time/result/detail/?park=REP0011529&st=4&pref=13
自由が丘１丁目,repark-rep0010754,,35.613751837788,139.66920452556,self_propelled,5,TRUE,,,hourly,330,15,,ハイルーフ,5000,1900,2000,2000,5,,https://www.repark.jp/parking_user/time/result/detail/?park=REP0010754&st=4&pref=13
自由が丘１丁目第３,repark-rep0013650,東京都目黒区自由が丘１丁目２－３,35.610466117337,139.67144337992,self_propelled,7,TRUE,,,hourly,330,12,,ハイルーフ,5000,1900,2000,2000,7,,https://www.repark.jp/parking_user/time/result/detail/?park=REP0013650&st=4&pref=13
自由が丘１丁目第４,repark-rep0016473,東京都目黒区自由が丘１丁目２４ー７,35.609968921155,139.66987686592,self_propelled,3,TRUE,,,hourly,550,12,,ハイルーフ,5000,1900,2000,2000,3,,https://www.repark.jp/parking_user/time/result/detail/?park=REP0016473&st=4&pref=13
自由が丘１丁目第２,repark-rep0011287,東京都目黒区自由が丘１丁目２４－２２,35.610527169846,139.66846862416,self_propelled,11,TRUE,,,hourly,300,15,,ハイルーフ,5000,1900,2000,2000,11,,https://www.repark.jp/parking_user/time/result/detail/?park=REP0011287&st=4&pref=13
自由が丘３丁目第３,repark-rep0012580,東京都目黒区自由が丘３丁目１５－１９,35.612779638026,139.66452440301,self_propelled,2,TRUE,,,hourly,220,15,,ハイルーフ,5000,1900,2000,2000,2,,https://www.repark.jp/parking_user/time/result/detail/?park=REP0012580&st=4&pref=13
自由が丘学園通り,repark-rep0007502,東京都目黒区自由が丘２丁目８－１６,35.609924438636,139.66739929572,self_propelled,17,TRUE,,,hourly,400,15,,ハイルーフ,5000,1900,2000,2000,17,,https://www.repark.jp/parking_user/time/result/detail/?park=REP0007502&st=4&pref=13
自由が丘３丁目第４,repark-rep0018067,東京都目黒区自由が丘３丁目１８,35.612665744518,139.6635689326,self_propelled,3,TRUE,,,hourly,220,15,,ハイルーフ,5000,1900,2000,2000,3,,https://www.repark.jp/parking_user/time/result/detail/?park=REP0018067&st=4&pref=13
自由が丘学園通り第３,repark-rep0026980,東京都目黒区自由が丘２丁目８ー１６,35.609974431397,139.66729096942,self_propelled,3,TRUE,,,hourly,330,15,,ハイルーフ,5000,1900,2000,2000,3,,https://www.repark.jp/parking_user/time/result/detail/?park=REP0026980&st=4&pref=13
緑が丘３丁目,repark-rep0026625,東京都目黒区緑が丘３丁目９ー２９,35.603492012776,139.68000132333,self_propelled,3,TRUE,,,hourly,220,25,,ハイルーフ,5000,1900,2000,2000,3,,https://www.repark.jp/parking_user/time/result/detail/?park=REP0026625&st=4&pref=13
蒲田５丁目第７,repark-rep0003870,東京都大田区蒲田５丁目８－１２,35.563013681396,139.71847499202,self_propelled,8,TRUE,,,hourly,110,25,,ハイルーフ,5000,1900,2000,2000,8,,https://www.repark.jp/parking_user/time/result/detail/?park=REP0003870&st=4&pref=13
ロイヤルハイツ蒲田駐車場,repark-rep0009285,東京都大田区蒲田５丁目４３ー７ロイヤルハイツ蒲田,35.560466707954,139.71710855578,self_propelled,3,TRUE,,,hourly,220,30,,ハイルーフ,5000,1900,2000,2000,3,,https://www.repark.jp/parking_user/time/result/detail/?park=REP0009285&st=4&pref=13
蒲田５丁目第３,repark-rep0000516,東京都大田区蒲田５丁目４－７,35.563738593621,139.71788889632,self_propelled,7,TRUE,,,hourly,330,25,,ハイルーフ,5000,1900,2000,2000,7,,https://www.repark.jp/parking_user/time/result/detail/?park=REP0000516&st=4&pref=13
蒲田５丁目第９,repark-rep0006550,東京都大田区蒲田５丁目５－２,35.564005239426,139.71830829321,self_propelled,6,TRUE,,,hourly,330,25,,ハイルーフ,5000,1900,2000,2000,6,,https://www.repark.jp/parking_user/time/result/detail/?park=REP0006550&st=4&pref=13
蒲田５丁目第８,repark-rep0004291,東京都大田区蒲田５丁目３,35.564321858316,139.7175500086,self_propelled,16,TRUE,,,hourly,330,25,,ハイルーフ,5000,1900,2000,2000,16,,https://www.repark.jp/parking_user/time/result/detail/?park=REP0004291&st=4&pref=13
蒲田４丁目第９,repark-rep0014778,東京都大田区蒲田４丁目３１,35.560419534519,139.71960001804,self_propelled,5,TRUE,,,hourly,330,15,,ハイルーフ,5000,1900,2000,2000,5,,https://www.repark.jp/parking_user/time/result/detail/?park=REP0014778&st=4&pref=13
蒲田４丁目第７,repark-rep0014784,東京都大田区蒲田４丁目３２,35.560358430267,139.71966945909,self_propelled,3,TRUE,,,hourly,330,20,,ハイルーフ,5000,1900,2000,2000,3,,https://www.repark.jp/parking_user/time/result/detail/?park=REP0014784&st=4&pref=13
蒲田４丁目第６,repark-rep0014786,東京都大田区蒲田４丁目３２,35.560172345187,139.72001388405,self_propelled,4,TRUE,,,hourly,330,20,,ハイルーフ,5000,1900,2000,2000,4,,https://www.repark.jp/parking_user/time/result/detail/?park=REP0014786&st=4&pref=13
西蒲田７丁目,repark-rep0024978,東京都大田区西蒲田７丁目８ー８,35.56386906231,139.71368923909,self_propelled,7,TRUE,,,hourly,330,20,,ハイルーフ,5000,1900,2000,2000,7,,https://www.repark.jp/parking_user/time/result/detail/?park=REP0024978&st=4&pref=13
新蒲田１丁目,repark-rep0026036,東京都大田区新蒲田１丁目２ー１１,35.559252891342,139.71381999579,self_propelled,7,TRUE,,,hourly,200,30,,ハイルーフ,5000,1900,2000,2000,7,,https://www.repark.jp/parking_user/time/result/detail/?park=REP0026036&st=4&pref=13
西蒲田７丁目第２,repark-rep0025329,東京都大田区西蒲田７丁目２４,35.563896805728,139.71193660536,self_propelled,4,TRUE,,,hourly,220,20,,ハイルーフ,5000,1900,2000,2000,4,,https://www.repark.jp/parking_user/time/result/detail/?park=REP0025329&st=4&pref=13
蒲田４丁目第５,repark-rep0002579,東京都大田区蒲田４丁目４,35.561788882702,139.72249971417,self_propelled,2,TRUE,,,hourly,200,20,,ハイルーフ,5000,1900,2000,2000,2,,https://www.repark.jp/parking_user/time/result/detail/?park=REP0002579&st=4&pref=13
蒲田４丁目第４,repark-rep0002578,東京都大田区蒲田４丁目７,35.561738899207,139.72313855242,self_propelled,2,TRUE,,,hourly,200,20,,ハイルーフ,5000,1900,2000,2000,2,,https://www.repark.jp/parking_user/time/result/detail/?park=REP0002578&st=4&pref=13
蒲田１丁目第３,repark-rep0025859,東京都大田区蒲田１丁目１０ー２６,35.566685509827,139.71842760488,self_propelled,39,TRUE,,,hourly,200,30,,ハイルーフ,5000,1900,2000,2000,39,,https://www.repark.jp/parking_user/time/result/detail/?park=REP0025859&st=4&pref=13
蒲田３丁目第６,repark-rep0025420,東京都大田区蒲田３丁目３ー１３,35.563535923464,139.72282182897,self_propelled,2,TRUE,,,hourly,220,30,,ハイルーフ,5000,1900,2000,2000,2,,https://www.repark.jp/parking_user/time/result/detail/?park=REP0025420&st=4&pref=13
東矢口３丁目第２,repark-rep0016036,東京都大田区東矢口３丁目２７,35.561366465195,139.70872032199,self_propelled,2,TRUE,,,hourly,220,15,,ハイルーフ,5000,1900,2000,2000,2,,https://www.repark.jp/parking_user/time/result/detail/?park=REP0016036&st=4&pref=13
西蒲田６丁目,repark-rep0008332,東京都大田区西蒲田６丁目１ー１７,35.567188116222,139.71168092004,self_propelled,3,TRUE,,,hourly,220,25,,ハイルーフ,5000,1900,2000,2000,3,,https://www.repark.jp/parking_user/time/result/detail/?park=REP0008332&st=4&pref=13
仲六郷１丁目,repark-rep0028907,東京都大田区仲六郷１丁目４‐８,35.554375627744,139.71340358895,self_propelled,5,TRUE,,,hourly,220,20,,ハイルーフ,5000,1900,2000,2000,5,,https://www.repark.jp/parking_user/time/result/detail/?park=REP0028907&st=4&pref=13
蒲田１丁目第４,repark-rep0027196,東京都大田区蒲田１丁目１０ー１０,35.568010389124,139.719630222,self_propelled,3,TRUE,,,hourly,220,25,,ハイルーフ,5000,1900,2000,2000,3,,https://www.repark.jp/parking_user/time/result/detail/?park=REP0027196&st=4&pref=13
東蒲田２丁目,repark-rep0013810,東京都大田区東蒲田２丁目３１ー３,35.561236220725,139.72575780204,self_propelled,5,TRUE,,,hourly,220,20,,ハイルーフ,5000,1900,2000,2000,5,,https://www.repark.jp/parking_user/time/result/detail/?park=REP0013810&st=4&pref=13
南蒲田１丁目第２,repark-rep0023261,東京都大田区南蒲田１丁目１０,35.558805917766,139.72530517453,self_propelled,5,TRUE,,,hourly,220,30,,ハイルーフ,5000,1900,2000,2000,5,,https://www.repark.jp/parking_user/time/result/detail/?park=REP0023261&st=4&pref=13
東矢口１丁目第３,repark-rep0015213,東京都大田区東矢口１丁目１１ー３,35.565635436473,139.70779798001,self_propelled,5,TRUE,,,hourly,220,25,,ハイルーフ,5000,1900,2000,2000,5,,https://www.repark.jp/parking_user/time/result/detail/?park=REP0015213&st=4&pref=13
南蒲田１丁目,repark-rep0019224,東京都大田区南蒲田１丁目１７ー１９,35.558239315689,139.72555240209,self_propelled,12,TRUE,,,hourly,220,25,,ハイルーフ,5000,1900,2000,2000,12,,https://www.repark.jp/parking_user/time/result/detail/?park=REP0019224&st=4&pref=13
西蒲田４丁目第３,repark-rep0026339,東京都大田区西蒲田４丁目１３ー１２,35.569437913326,139.71384174799,self_propelled,4,TRUE,,,hourly,220,25,,ハイルーフ,5000,1900,2000,2000,4,,https://www.repark.jp/parking_user/time/result/detail/?park=REP0026339&st=4&pref=13
西蒲田３丁目,repark-rep0008331,東京都大田区西蒲田３丁目１７ー１１,35.568529610624,139.71001432968,self_propelled,4,TRUE,,,hourly,220,30,,ハイルーフ,5000,1900,2000,2000,4,,https://www.repark.jp/parking_user/time/result/detail/?park=REP0008331&st=4&pref=13
西蒲田４丁目第４,repark-rep0026736,東京都大田区西蒲田４丁目６ー２,35.570065644754,139.71501939829,self_propelled,3,TRUE,,,hourly,220,30,,ハイルーフ,5000,1900,2000,2000,3,,https://www.repark.jp/parking_user/time/result/detail/?park=REP0026736&st=4&pref=13
南蒲田２丁目,repark-rep0021140,東京都大田区南蒲田２丁目８ー２４,35.556156203366,139.72543028616,self_propelled,3,TRUE,,,hourly,220,20,,ハイルーフ,5000,1900,2000,2000,3,,https://www.repark.jp/parking_user/time/result/detail/?park=REP0021140&st=4&pref=13
西蒲田３丁目第３,repark-rep0023324,東京都大田区西蒲田３丁目７ー８,35.569121209804,139.70981154128,self_propelled,3,TRUE,,,hourly,220,30,,ハイルーフ,5000,1900,2000,2000,3,,https://www.repark.jp/parking_user/time/result/detail/?park=REP0023324&st=4&pref=13
新蒲田２丁目,repark-rep0008861,東京都大田区新蒲田２丁目１０ー７,35.561063643561,139.70436792039,self_propelled,2,TRUE,,,hourly,220,25,,ハイルーフ,5000,1900,2000,2000,2,,https://www.repark.jp/parking_user/time/result/detail/?park=REP0008861&st=4&pref=13
仲六郷２丁目,repark-rep0021225,東京都大田区仲六郷２丁目４４,35.551350997499,139.71605073038,self_propelled,7,TRUE,,,hourly,220,30,,ハイルーフ,5000,1900,2000,2000,7,,https://www.repark.jp/parking_user/time/result/detail/?park=REP0021225&st=4&pref=13
新蒲田３丁目第４,repark-rep0028506,東京都大田区新蒲田３丁目２０‐４,35.556964088799,139.70475418809,self_propelled,7,TRUE,,,hourly,200,30,,ハイルーフ,5000,1900,2000,2000,7,,https://www.repark.jp/parking_user/time/result/detail/?park=REP0028506&st=4&pref=13
東六郷２丁目,repark-rep0027013,東京都大田区東六郷２丁目１ー１０,35.551014960527,139.71823112078,self_propelled,4,TRUE,,,hourly,220,30,,ハイルーフ,5000,1900,2000,2000,4,,https://www.repark.jp/parking_user/time/result/detail/?park=REP0027013&st=4&pref=13
西糀谷１丁目,repark-rep0010563,東京都大田区西糀谷１丁目３ー２４,35.559625336366,139.72886872885,self_propelled,2,TRUE,,,hourly,220,30,,ハイルーフ,5000,1900,2000,2000,2,,https://www.repark.jp/parking_user/time/result/detail/?park=REP0010563&st=4&pref=13
東六郷２丁目第２,repark-rep0027014,東京都大田区東六郷２丁目２ー１４,35.550656650133,139.71733121201,self_propelled,8,TRUE,,,hourly,220,30,,ハイルーフ,5000,1900,2000,2000,8,,https://www.repark.jp/parking_user/time/result/detail/?park=REP0027014&st=4&pref=13
西六郷１丁目,repark-rep0010163,東京都大田区西六郷１丁目３０ー９,35.553017323251,139.70671809572,self_propelled,3,TRUE,,,hourly,220,20,,ハイルーフ,5000,1900,2000,2000,3,,https://www.repark.jp/parking_user/time/result/detail/?park=REP0010163&st=4&pref=13
東矢口１丁目第２,repark-rep0014619,東京都大田区東矢口１丁目６ー２,35.565718673561,139.70275950562,self_propelled,4,TRUE,,,hourly,220,40,,ハイルーフ,5000,1900,2000,2000,4,,https://www.repark.jp/parking_user/time/result/detail/?park=REP0014619&st=4&pref=13
南蒲田３丁目,repark-rep0028444,東京都大田区南蒲田３丁目１４ー２６,35.553184324975,139.72696085089,self_propelled,5,TRUE,,,hourly,330,20,,ハイルーフ,5000,1900,2000,2000,5,,https://www.repark.jp/parking_user/time/result/detail/?park=REP0028444&st=4&pref=13
南六郷１丁目,repark-rep0010113,東京都大田区南六郷１丁目３ー５,35.550528985683,139.72305018694,self_propelled,4,TRUE,,,hourly,220,20,,ハイルーフ,5000,1900,2000,2000,4,,https://www.repark.jp/parking_user/time/result/detail/?park=REP0010113&st=4&pref=13
南六郷１丁目第２,repark-rep0023696,東京都大田区南六郷１丁目７ー７,35.549792937741,139.72215307333,self_propelled,3,TRUE,,,hourly,220,25,,ハイルーフ,5000,1900,2000,2000,3,,https://www.repark.jp/parking_user/time/result/detail/?park=REP0023696&st=4&pref=13
池上６丁目第６,repark-rep0026086,東京都大田区池上６丁目２６ー４,35.569565515245,139.70454251441,self_propelled,2,TRUE,,,hourly,220,30,,ハイルーフ,5000,1900,2000,2000,2,,https://www.repark.jp/parking_user/time/result/detail/?park=REP0026086&st=4&pref=13
池上６丁目第５,repark-rep0013417,東京都大田区池上６丁目３６ー１０,35.567890667462,139.70300105255,self_propelled,10,TRUE,,,hourly,220,30,,ハイルーフ,5000,1900,2000,2000,10,,https://www.repark.jp/parking_user/time/result/detail/?park=REP0013417&st=4&pref=13
大森中３丁目第２,repark-rep0008542,東京都大田区大森中３丁目２７ー５,35.564438752628,139.73127941901,self_propelled,2,TRUE,,,hourly,220,30,,ハイルーフ,5000,1900,2000,2000,2,,https://www.repark.jp/parking_user/time/result/detail/?park=REP0008542&st=4&pref=13
池上７丁目,repark-rep0008061,東京都大田区池上７丁目２９ー７,35.567699004322,139.70204836249,self_propelled,6,TRUE,,,hourly,220,30,,ハイルーフ,5000,1900,2000,2000,6,,https://www.repark.jp/parking_user/time/result/detail/?park=REP0008061&st=4&pref=13
西六郷２丁目第２,repark-rep0026231,東京都大田区西六郷２丁目１４ー１０,35.550267622069,139.70698764395,self_propelled,4,TRUE,,,hourly,220,25,,ハイルーフ,5000,1900,2000,2000,4,,https://www.repark.jp/parking_user/time/result/detail/?park=REP0026231&st=4&pref=13
池上７丁目第２,repark-rep0019246,東京都大田区池上７丁目２９ー５,35.567660112447,139.70164561973,self_propelled,7,TRUE,,,hourly,220,30,,ハイルーフ,5000,1900,2000,2000,7,,https://www.repark.jp/parking_user/time/result/detail/?park=REP0019246&st=4&pref=13
大森中３丁目,repark-rep0007003,東京都大田区大森中３丁目３１－６,35.56345276999,139.73259046653,self_propelled,3,TRUE,,,hourly,220,40,,ハイルーフ,5000,1900,2000,2000,3,,https://www.repark.jp/parking_user/time/result/detail/?park=REP0007003&st=4&pref=13
多摩川２丁目第２,repark-rep0026045,東京都大田区多摩川２丁目１９ー１０,35.55769448604,139.70013787083,self_propelled,5,TRUE,,,hourly,220,15,,ハイルーフ,5000,1900,2000,2000,5,,https://www.repark.jp/parking_user/time/result/detail/?park=REP0026045&st=4&pref=13
多摩川１丁目第５,repark-rep0026493,東京都大田区多摩川１丁目２５ー１４,35.561099665853,139.69950998818,self_propelled,7,TRUE,,,hourly,220,30,,ハイルーフ,5000,1900,2000,2000,7,,https://www.repark.jp/parking_user/time/result/detail/?park=REP0026493&st=4&pref=13
大森西５丁目第２,repark-rep0013143,東京都大田区大森西５丁目２７ー９,35.56893825321,139.73024040911,self_propelled,2,TRUE,,,hourly,220,25,,ハイルーフ,5000,1900,2000,2000,2,,https://www.repark.jp/parking_user/time/result/detail/?park=REP0013143&st=4&pref=13
多摩川１丁目第４,repark-rep0021664,東京都大田区多摩川１丁目９ー１１,35.56397435905,139.69954874159,self_propelled,3,TRUE,,,hourly,220,20,,ハイルーフ,5000,1900,2000,2000,3,,https://www.repark.jp/parking_user/time/result/detail/?park=REP0021664&st=4&pref=13
西糀谷４丁目第３,repark-rep0012036,東京都大田区西糀谷４丁目８ー１１,35.555625815831,139.73182700134,self_propelled,2,TRUE,,,hourly,220,30,,ハイルーフ,5000,1900,2000,2000,2,,https://www.repark.jp/parking_user/time/result/detail/?park=REP0012036&st=4&pref=13
池上６丁目第４,repark-rep0008954,東京都大田区池上６丁目１２ー２３,35.570312620703,139.70244543117,self_propelled,6,TRUE,,,hourly,200,30,,ハイルーフ,5000,1900,2000,2000,6,,https://www.repark.jp/parking_user/time/result/detail/?park=REP0008954&st=4&pref=13
多摩川１丁目第３,repark-rep0009494,東京都大田区多摩川１丁目１９ー１３,35.562905011721,139.69853498602,self_propelled,8,TRUE,,,hourly,220,30,,ハイルーフ,5000,1900,2000,2000,8,,https://www.repark.jp/parking_user/time/result/detail/?park=REP0009494&st=4&pref=13
池上６丁目,repark-rep0000659,東京都大田区池上６丁目１１－７,35.57109588118,139.70308978659,self_propelled,9,TRUE,,,hourly,220,30,,ハイルーフ,5000,1900,2000,2000,9,,https://www.repark.jp/parking_user/time/result/detail/?park=REP0000659&st=4&pref=13
池上６丁目第３,repark-rep0005285,東京都大田区池上６丁目１０－１８,35.571170866513,139.70270925874,self_propelled,7,TRUE,,,hourly,220,30,,ハイルーフ,5000,1900,2000,2000,7,,https://www.repark.jp/parking_user/time/result/detail/?park=REP0005285&st=4&pref=13
西糀谷２丁目第３,repark-rep0021328,東京都大田区西糀谷２丁目１８ー８,35.559580994869,139.73446548909,self_propelled,5,TRUE,,,hourly,220,25,,ハイルーフ,5000,1900,2000,2000,5,,https://www.repark.jp/parking_user/time/result/detail/?park=REP0021328&st=4&pref=13
南六郷２丁目,repark-rep0017432,東京都大田区南六郷２丁目１５ー３,35.54711822912,139.72245594934,self_propelled,5,TRUE,,,hourly,220,40,,ハイルーフ,5000,1900,2000,2000,5,,https://www.repark.jp/parking_user/time/result/detail/?park=REP0017432&st=4&pref=13
仲六郷３丁目,repark-rep0004091,東京都大田区仲六郷３丁目２６－６,35.546329234716,139.71159022106,self_propelled,5,TRUE,,,hourly,220,30,,ハイルーフ,5000,1900,2000,2000,5,,https://www.repark.jp/parking_user/time/result/detail/?park=REP0004091&st=4&pref=13
コーシャハイム仲六郷,repark-rep0018989,東京都大田区仲六郷３丁目２１ー２,35.546615286253,139.70993756714,self_propelled,5,TRUE,,,hourly,200,30,,ハイルーフ,5000,1900,2000,2000,5,,https://www.repark.jp/parking_user/time/result/detail/?park=REP0018989&st=4&pref=13
大森中１丁目,repark-rep0010683,東京都大田区大森中１丁目１７ー７,35.569799303162,139.73201799883,self_propelled,7,TRUE,,,hourly,220,40,,ハイルーフ,5000,1900,2000,2000,7,,https://www.repark.jp/parking_user/time/result/detail/?park=REP0010683&st=4&pref=13
大田中央３丁目,repark-rep0011497,東京都大田区中央３丁目８ー１６,35.576742762218,139.71809105873,self_propelled,3,TRUE,,,hourly,220,40,,ハイルーフ,5000,1900,2000,2000,3,,https://www.repark.jp/parking_user/time/result/detail/?park=REP0011497&st=4&pref=13
大田中央６丁目,repark-rep0014912,東京都大田区中央６丁目１９ー１８,35.577292626409,139.71368306549,self_propelled,4,TRUE,,,hourly,220,25,,ハイルーフ,5000,1900,2000,2000,4,,https://www.repark.jp/parking_user/time/result/detail/?park=REP0014912&st=4&pref=13
西糀谷３丁目第２,repark-rep0013126,東京都大田区西糀谷３丁目１６ー１,35.554750965927,139.73506288388,self_propelled,4,TRUE,,,hourly,220,20,,ハイルーフ,5000,1900,2000,2000,4,,https://www.repark.jp/parking_user/time/result/detail/?park=REP0013126&st=4&pref=13
本羽田１丁目第２,repark-rep0007594,東京都大田区本羽田１丁目１９ー３,35.547293301411,139.72766661954,self_propelled,7,TRUE,,,hourly,330,60,,ハイルーフ,5000,1900,2000,2000,7,,https://www.repark.jp/parking_user/time/result/detail/?park=REP0007594&st=4&pref=13
池上４丁目,repark-rep0009154,東京都大田区池上４丁目２５ー４,35.575003813629,139.70403119546,self_propelled,10,TRUE,,,hourly,200,25,,ハイルーフ,5000,1900,2000,2000,10,,https://www.repark.jp/parking_user/time/result/detail/?park=REP0009154&st=4&pref=13
池上４丁目第３,repark-rep0026821,東京都大田区池上４丁目２５ー１６,35.574664950638,139.70344514773,self_propelled,5,TRUE,,,hourly,220,25,,ハイルーフ,5000,1900,2000,2000,5,,https://www.repark.jp/parking_user/time/result/detail/?park=REP0026821&st=4&pref=13
池上４丁目第２,repark-rep0026622,東京都大田区池上４丁目２２ー８,35.575092695306,139.70415618099,self_propelled,5,TRUE,,,hourly,220,25,,ハイルーフ,5000,1900,2000,2000,5,,https://www.repark.jp/parking_user/time/result/detail/?park=REP0026622&st=4&pref=13
本羽田１丁目第４,repark-rep0025701,東京都大田区本羽田１丁目２０ー１６,35.547387758935,139.72901927985,self_propelled,4,TRUE,,,hourly,330,60,,ハイルーフ,5000,1900,2000,2000,4,,https://www.repark.jp/parking_user/time/result/detail/?park=REP0025701&st=4&pref=13
大森赤十字病院駐車場,repark-rep0017379,東京都大田区中央４丁目３０ー１,35.578895305777,139.71790764084,self_propelled,96,TRUE,,,hourly,200,30,,ハイルーフ,5000,1900,2000,2000,96,,https://www.repark.jp/parking_user/time/result/detail/?park=REP0017379&st=4&pref=13
大田中央４丁目,repark-rep0012617,東京都大田区中央４丁目３３ー３,35.579017522303,139.71828538184,self_propelled,3,TRUE,,,hourly,220,20,,ハイルーフ,5000,1900,2000,2000,3,,https://www.repark.jp/parking_user/time/result/detail/?park=REP0012617&st=4&pref=13
池上８丁目第２,repark-rep0026112,東京都大田区池上８丁目５ー４,35.571345766444,139.69805130452,self_propelled,6,TRUE,,,hourly,220,30,,ハイルーフ,5000,1900,2000,2000,6,,https://www.repark.jp/parking_user/time/result/detail/?park=REP0026112&st=4&pref=13
大森東４丁目,repark-rep0021663,東京都大田区大森東４丁目１－２３,35.568424527156,139.73642325228,self_propelled,2,TRUE,,,hourly,220,20,,ハイルーフ,5000,1900,2000,2000,2,,https://www.repark.jp/parking_user/time/result/detail/?park=REP0021663&st=4&pref=13
大森西３丁目第３,repark-rep0027277,東京都大田区大森西３丁目２８ー５,35.573260063352,139.73312608145,self_propelled,2,TRUE,,,hourly,220,20,,ハイルーフ,5000,1900,2000,2000,2,,https://www.repark.jp/parking_user/time/result/detail/?park=REP0027277&st=4&pref=13
池上８丁目第３,repark-rep0026792,東京都大田区池上８丁目２ー６,35.572076243001,139.69797627712,self_propelled,4,TRUE,,,hourly,200,20,,ハイルーフ,5000,1900,2000,2000,4,,https://www.repark.jp/parking_user/time/result/detail/?park=REP0026792&st=4&pref=13
西糀谷３丁目第３,repark-rep0021665,東京都大田区西糀谷３丁目７ー１,35.557000781708,139.73829306702,self_propelled,5,TRUE,,,hourly,200,25,,ハイルーフ,5000,1900,2000,2000,5,,https://www.repark.jp/parking_user/time/result/detail/?park=REP0021665&st=4&pref=13
本羽田１丁目第３,repark-rep0015504,東京都大田区本羽田１丁目２７ー６,35.546379547893,139.72982759315,self_propelled,6,TRUE,,,hourly,220,60,,ハイルーフ,5000,1900,2000,2000,6,,https://www.repark.jp/parking_user/time/result/detail/?park=REP0015504&st=4&pref=13
西糀谷３丁目,repark-rep0003416,東京都大田区西糀谷３丁目７,35.557023006231,139.7385735987,self_propelled,7,TRUE,,,hourly,100,15,,ハイルーフ,5000,1900,2000,2000,7,,https://www.repark.jp/parking_user/time/result/detail/?park=REP0003416&st=4&pref=13
大田中央２丁目,repark-rep0015058,東京都大田区中央２丁目１７ー２,35.579573081387,139.72192116531,self_propelled,7,TRUE,,,hourly,220,20,,ハイルーフ,5000,1900,2000,2000,7,,https://www.repark.jp/parking_user/time/result/detail/?park=REP0015058&st=4&pref=13
池上３丁目第２,repark-rep0008999,東京都大田区池上３丁目１６ー４,35.575737016341,139.70106196329,self_propelled,8,TRUE,,,hourly,220,25,,ハイルーフ,5000,1900,2000,2000,8,,https://www.repark.jp/parking_user/time/result/detail/?park=REP0008999&st=4&pref=13
大森西３丁目第２,repark-rep0027076,東京都大田区大森西３丁目５ー７,35.575037637538,139.73234273065,self_propelled,5,TRUE,,,hourly,220,30,,ハイルーフ,5000,1900,2000,2000,5,,https://www.repark.jp/parking_user/time/result/detail/?park=REP0027076&st=4&pref=13
大田中央２丁目第２,repark-rep0027680,東京都大田区中央２丁目８ー２,35.580225777688,139.72124063678,self_propelled,8,TRUE,,,hourly,220,20,,ハイルーフ,5000,1900,2000,2000,8,,https://www.repark.jp/parking_user/time/result/detail/?park=REP0027680&st=4&pref=13
萩中３丁目,repark-rep0015090,東京都大田区萩中３丁目２７ー７,35.550026487954,139.73601857706,self_propelled,13,TRUE,,,hourly,220,20,,ハイルーフ,5000,1900,2000,2000,13,,https://www.repark.jp/parking_user/time/result/detail/?park=REP0015090&st=4&pref=13
東六郷３丁目第２,repark-rep0027682,東京都大田区東六郷３丁目１５ー１４,35.541796395385,139.71209594278,self_propelled,6,TRUE,,,hourly,220,30,,ハイルーフ,5000,1900,2000,2000,6,,https://www.repark.jp/parking_user/time/result/detail/?park=REP0027682&st=4&pref=13
大森北５丁目第２,repark-rep0009040,東京都大田区大森北５丁目９－１９,35.579959242876,139.7271762671,self_propelled,3,TRUE,,,hourly,200,25,,ハイルーフ,5000,1900,2000,2000,3,,https://www.repark.jp/parking_user/time/result/detail/?park=REP0009040&st=4&pref=13
千鳥１丁目,repark-rep0028025,東京都大田区千鳥１丁目１６ー１３,35.572301151798,139.69413214202,self_propelled,4,TRUE,,,hourly,220,30,,ハイルーフ,5000,1900,2000,2000,4,,https://www.repark.jp/parking_user/time/result/detail/?park=REP0028025&st=4&pref=13
久が原５丁目第５,repark-rep0027456,東京都大田区久が原５丁目１７ー２７,35.57721736369,139.69818157934,self_propelled,10,TRUE,,,hourly,220,20,,ハイルーフ,5000,1900,2000,2000,10,,https://www.repark.jp/parking_user/time/result/detail/?park=REP0027456&st=4&pref=13
南馬込３丁目,repark-rep0007869,東京都大田区南馬込３丁目３９ー７,35.582861561737,139.71866295148,self_propelled,8,TRUE,,,hourly,220,40,,ハイルーフ,5000,1900,2000,2000,8,,https://www.repark.jp/parking_user/time/result/detail/?park=REP0007869&st=4&pref=13
下丸子１丁目第４,repark-rep0025161,東京都大田区下丸子１丁目１８ー９,35.566012862579,139.68996333279,self_propelled,4,TRUE,,,hourly,110,10,,ハイルーフ,5000,1900,2000,2000,4,,https://www.repark.jp/parking_user/time/result/detail/?park=REP0025161&st=4&pref=13
下丸子１丁目第２,repark-rep0009422,東京都大田区下丸子１丁目２０ー１６,35.565154615993,139.68965506491,self_propelled,9,TRUE,,,hourly,220,25,,ハイルーフ,5000,1900,2000,2000,9,,https://www.repark.jp/parking_user/time/result/detail/?park=REP0009422&st=4&pref=13
千鳥２丁目,repark-rep0026640,東京都大田区千鳥２丁目６ー２２,35.570451301678,139.69138523232,self_propelled,3,TRUE,,,hourly,220,30,,ハイルーフ,5000,1900,2000,2000,3,,https://www.repark.jp/parking_user/time/result/detail/?park=REP0026640&st=4&pref=13
大森東１丁目第２,repark-rep0017289,東京都大田区大森東１丁目１４ー１,35.57599872191,139.73670343625,self_propelled,3,TRUE,,,hourly,220,15,,ハイルーフ,5000,1900,2000,2000,3,,https://www.repark.jp/parking_user/time/result/detail/?park=REP0017289&st=4&pref=13
大森東１丁目,repark-rep0007329,東京都大田区大森東１丁目１４ー３,35.576009835214,139.73690341913,self_propelled,4,TRUE,,,hourly,220,15,,ハイルーフ,5000,1900,2000,2000,4,,https://www.repark.jp/parking_user/time/result/detail/?park=REP0007329&st=4&pref=13
下丸子２丁目第３,repark-rep0003688,東京都大田区下丸子２丁目１９,35.565621217821,139.68883844424,self_propelled,10,TRUE,,,hourly,220,25,,ハイルーフ,5000,1900,2000,2000,10,,https://www.repark.jp/parking_user/time/result/detail/?park=REP0003688&st=4&pref=13
千鳥３丁目,repark-rep0026656,東京都大田区千鳥３丁目２２－５,35.570734594043,139.69079360241,self_propelled,2,TRUE,,,hourly,220,30,,ハイルーフ,5000,1900,2000,2000,2,,https://www.repark.jp/parking_user/time/result/detail/?park=REP0026656&st=4&pref=13
平和島駅前,repark-rep0006494,東京都大田区大森北６丁目２８－１,35.578184571066,139.73509791293,self_propelled,7,TRUE,,,hourly,300,20,,ハイルーフ,5000,1900,2000,2000,7,,https://www.repark.jp/parking_user/time/result/detail/?park=REP0006494&st=4&pref=13
南馬込３丁目第３,repark-rep0019959,東京都大田区南馬込３丁目２７ー３,35.584436414684,139.71988777724,self_propelled,4,TRUE,,,hourly,220,30,,ハイルーフ,5000,1900,2000,2000,4,,https://www.repark.jp/parking_user/time/result/detail/?park=REP0019959&st=4&pref=13
下丸子２丁目第７,repark-rep0026963,東京都大田区下丸子２丁目５ー４,35.566973831106,139.68769125523,self_propelled,3,TRUE,,,hourly,220,25,,ハイルーフ,5000,1900,2000,2000,3,,https://www.repark.jp/parking_user/time/result/detail/?park=REP0026963&st=4&pref=13
羽田２丁目,repark-rep0025249,東京都大田区羽田２丁目１,35.548979474734,139.74155983208,self_propelled,7,TRUE,,,hourly,220,30,,ハイルーフ,5000,1900,2000,2000,7,,https://www.repark.jp/parking_user/time/result/detail/?park=REP0025249&st=4&pref=13
下丸子２丁目第４,repark-rep0003792,東京都大田区下丸子２丁目２２－１５,35.564104672358,139.68645260122,self_propelled,4,TRUE,,,hourly,220,25,,ハイルーフ,5000,1900,2000,2000,4,,https://www.repark.jp/parking_user/time/result/detail/?park=REP0003792&st=4&pref=13
下丸子２丁目第８,repark-rep0027598,東京都大田区下丸子２丁目４ー５,35.567537652279,139.68726070903,self_propelled,4,TRUE,,,hourly,220,25,,ハイルーフ,5000,1900,2000,2000,4,,https://www.repark.jp/parking_user/time/result/detail/?park=REP0027598&st=4&pref=13
久が原２丁目第３,repark-rep0009952,東京都大田区久が原２丁目２４ー６,35.581005850688,139.69842305084,self_propelled,8,TRUE,,,hourly,220,25,,ハイルーフ,5000,1900,2000,2000,8,,https://www.repark.jp/parking_user/time/result/detail/?park=REP0009952&st=4&pref=13
久が原２丁目第４,repark-rep0025348,東京都大田区久が原２丁目２５ー６,35.580725311626,139.69761757565,self_propelled,5,TRUE,,,hourly,220,25,,ハイルーフ,5000,1900,2000,2000,5,,https://www.repark.jp/parking_user/time/result/detail/?park=REP0025348&st=4&pref=13
コーシャハイム大森東,repark-rep0027066,東京都大田区大森東１丁目３５ー４,35.5770597707,139.73963925457,self_propelled,15,TRUE,,,hourly,300,20,,ハイルーフ,5000,1900,2000,2000,15,,https://www.repark.jp/parking_user/time/result/detail/?park=REP0027066&st=4&pref=13
大森北３丁目第２,repark-rep0005117,東京都大田区大森北３丁目２０－２４,35.582806251615,139.73240070212,self_propelled,2,TRUE,,,hourly,220,20,,ハイルーフ,5000,1900,2000,2000,2,,https://www.repark.jp/parking_user/time/result/detail/?park=REP0005117&st=4&pref=13
下丸子２丁目第２,repark-rep0003363,東京都大田区下丸子２丁目１０－８,35.565354521885,139.68549151248,self_propelled,8,TRUE,,,hourly,220,25,,ハイルーフ,5000,1900,2000,2000,8,,https://www.repark.jp/parking_user/time/result/detail/?park=REP0003363&st=4&pref=13
大森本町２丁目第２,repark-rep0006639,東京都大田区大森本町２丁目７番,35.580270490634,139.73691155526,self_propelled,4,TRUE,,,hourly,220,10,,ハイルーフ,5000,1900,2000,2000,4,,https://www.repark.jp/parking_user/time/result/detail/?park=REP0006639&st=4&pref=13
大森北１丁目第４,repark-rep0011212,東京都大田区大森北１丁目２８－７,35.584780966118,139.72814818636,self_propelled,2,TRUE,,,hourly,220,15,,ハイルーフ,5000,1900,2000,2000,2,,https://www.repark.jp/parking_user/time/result/detail/?park=REP0011212&st=4&pref=13
下丸子２丁目第６,repark-rep0005515,東京都大田区下丸子２丁目２－１,35.567718163209,139.6857858232,self_propelled,4,TRUE,,,hourly,220,20,,ハイルーフ,5000,1900,2000,2000,4,,https://www.repark.jp/parking_user/time/result/detail/?park=REP0005515&st=4&pref=13
下丸子３丁目第５,repark-rep0009406,東京都大田区下丸子３丁目２２ー１３,35.568570846822,139.68566079432,self_propelled,3,TRUE,,,hourly,220,20,,ハイルーフ,5000,1900,2000,2000,3,,https://www.repark.jp/parking_user/time/result/detail/?park=REP0009406&st=4&pref=13
下丸子３丁目第３,repark-rep0003662,東京都大田区下丸子３丁目２１－８,35.568745827524,139.68562745603,self_propelled,8,TRUE,,,hourly,220,20,,ハイルーフ,5000,1900,2000,2000,8,,https://www.repark.jp/parking_user/time/result/detail/?park=REP0003662&st=4&pref=13
下丸子３丁目第４,repark-rep0007650,東京都大田区下丸子３丁目２１ー８,35.569123565605,139.68565521433,self_propelled,3,TRUE,,,hourly,220,20,,ハイルーフ,5000,1900,2000,2000,3,,https://www.repark.jp/parking_user/time/result/detail/?park=REP0007650&st=4&pref=13
南馬込３丁目第２,repark-rep0013629,東京都大田区南馬込３丁目６ー５,35.587341560002,139.71416589667,self_propelled,4,TRUE,,,hourly,220,15,,ハイルーフ,5000,1900,2000,2000,4,,https://www.repark.jp/parking_user/time/result/detail/?park=REP0013629&st=4&pref=13
南馬込２丁目第６,repark-rep0020190,東京都大田区南馬込２丁目２１ー２０,35.587627643459,139.71434086896,self_propelled,6,TRUE,,,hourly,220,20,,ハイルーフ,5000,1900,2000,2000,6,,https://www.repark.jp/parking_user/time/result/detail/?park=REP0020190&st=4&pref=13
南久が原１丁目,repark-rep0009159,東京都大田区南久が原１丁目８ー１３,35.576183986279,139.68936846984,self_propelled,3,TRUE,,,hourly,200,40,,ハイルーフ,5000,1900,2000,2000,3,,https://www.repark.jp/parking_user/time/result/detail/?park=REP0009159&st=4&pref=13
下丸子２丁目第９,repark-rep0028633,東京都大田区下丸子２丁目１３ー５,35.564246276927,139.68380281476,self_propelled,8,TRUE,,,hourly,220,30,,ハイルーフ,5000,1900,2000,2000,8,,https://www.repark.jp/parking_user/time/result/detail/?park=REP0028633&st=4&pref=13
南馬込５丁目第４,repark-rep0028315,東京都大田区南馬込５丁目３１ー６,35.587063695915,139.70753590408,self_propelled,2,TRUE,,,hourly,220,20,,ハイルーフ,5000,1900,2000,2000,2,,https://www.repark.jp/parking_user/time/result/detail/?park=REP0028315&st=4&pref=13
下丸子３丁目第６,repark-rep0017587,東京都大田区下丸子３丁目２８ー４,35.56711264015,139.6839637804,self_propelled,5,TRUE,,,hourly,200,20,,ハイルーフ,5000,1900,2000,2000,5,,https://www.repark.jp/parking_user/time/result/detail/?park=REP0017587&st=4&pref=13
大田山王３丁目,repark-rep0028379,東京都大田区山王３丁目３１ー３,35.58683904573,139.72618714345,self_propelled,3,TRUE,,,hourly,330,20,,ハイルーフ,5000,1900,2000,2000,3,,https://www.repark.jp/parking_user/time/result/detail/?park=REP0028379&st=4&pref=13
西馬込２丁目,repark-rep0004793,東京都大田区西馬込２丁目１９,35.5866553595,139.70489725302,self_propelled,8,TRUE,,,hourly,220,15,,ハイルーフ,5000,1900,2000,2000,8,,https://www.repark.jp/parking_user/time/result/detail/?park=REP0004793&st=4&pref=13
南馬込２丁目,repark-rep0008913,東京都大田区南馬込２丁目３１ー２,35.588810932031,139.71904320095,self_propelled,2,TRUE,,,hourly,220,25,,ハイルーフ,5000,1900,2000,2000,2,,https://www.repark.jp/parking_user/time/result/detail/?park=REP0008913&st=4&pref=13
大田山王２丁目第３,repark-rep0027527,東京都大田区山王２丁目１１ー１９,35.58834998459,139.72558434594,self_propelled,18,TRUE,,,hourly,220,20,,ハイルーフ,5000,1900,2000,2000,18,,https://www.repark.jp/parking_user/time/result/detail/?park=REP0027527&st=4&pref=13
下丸子４丁目,repark-rep0003411,東京都大田区下丸子４丁目３,35.572053766414,139.68326361103,self_propelled,6,TRUE,,,hourly,220,25,,ハイルーフ,5000,1900,2000,2000,6,,https://www.repark.jp/parking_user/time/result/detail/?park=REP0003411&st=4&pref=13
南馬込１丁目,repark-rep0002730,東京都大田区南馬込１丁目５５,35.589869007424,139.71077439495,self_propelled,3,TRUE,,,hourly,220,25,,ハイルーフ,5000,1900,2000,2000,3,,https://www.repark.jp/parking_user/time/result/detail/?park=REP0002730&st=4&pref=13
仲池上１丁目第２,repark-rep0013290,東京都大田区仲池上１丁目２６ー８,35.586038632451,139.69762566332,self_propelled,5,TRUE,,,hourly,220,30,,ハイルーフ,5000,1900,2000,2000,5,,https://www.repark.jp/parking_user/time/result/detail/?park=REP0013290&st=4&pref=13
大田山王２丁目第２,repark-rep0018820,東京都大田区山王２丁目３０,35.590110838693,139.72165959081,self_propelled,4,TRUE,,,hourly,220,30,,ハイルーフ,5000,1900,2000,2000,4,,https://www.repark.jp/parking_user/time/result/detail/?park=REP0018820&st=4&pref=13
久が原１丁目第３,repark-rep0024304,東京都大田区久が原１丁目２８ー１１,35.584752593947,139.69390103186,self_propelled,4,TRUE,,,hourly,220,25,,ハイルーフ,5000,1900,2000,2000,4,,https://www.repark.jp/parking_user/time/result/detail/?park=REP0024304&st=4&pref=13
南馬込２丁目第５,repark-rep0011165,東京都大田区南馬込２丁目４ー３,35.59125510475,139.71847924724,self_propelled,7,TRUE,,,hourly,220,20,,ハイルーフ,5000,1900,2000,2000,7,,https://www.repark.jp/parking_user/time/result/detail/?park=REP0011165&st=4&pref=13
羽田５丁目第３,repark-rep0020992,東京都大田区羽田５丁目７ー４,35.549607349221,139.75092847011,self_propelled,3,TRUE,,,hourly,220,25,,ハイルーフ,5000,1900,2000,2000,3,,https://www.repark.jp/parking_user/time/result/detail/?park=REP0020992&st=4&pref=13
仲池上１丁目第３,repark-rep0019242,東京都大田区仲池上１丁目２９,35.586791292248,139.69546747489,self_propelled,3,TRUE,,,hourly,220,20,,ハイルーフ,5000,1900,2000,2000,3,,https://www.repark.jp/parking_user/time/result/detail/?park=REP0019242&st=4&pref=13
大田山王１丁目,repark-rep0026590,東京都大田区山王１丁目４ー８,35.591088606668,139.72707298521,self_propelled,11,TRUE,,,hourly,330,12,,ハイルーフ,5000,1900,2000,2000,11,,https://www.repark.jp/parking_user/time/result/detail/?park=REP0026590&st=4&pref=13
羽田６丁目,repark-rep0026556,東京都大田区羽田６丁目６ー１０,35.54657710264,139.75008701252,self_propelled,4,TRUE,,,hourly,220,20,,ハイルーフ,5000,1900,2000,2000,4,,https://www.repark.jp/parking_user/time/result/detail/?park=REP0026556&st=4&pref=13
羽田天空橋駅前第２,repark-rep0021864,東京都大田区羽田５丁目１４,35.54927684924,139.75211172006,self_propelled,36,TRUE,,,hourly,200,25,,ハイルーフ,5000,1900,2000,2000,36,,https://www.repark.jp/parking_user/time/result/detail/?park=REP0021864&st=4&pref=13
南馬込１丁目第２,repark-rep0007959,東京都大田区南馬込１丁目２９ー２,35.592743723423,139.71211859494,self_propelled,3,TRUE,,,hourly,220,30,,ハイルーフ,5000,1900,2000,2000,3,,https://www.repark.jp/parking_user/time/result/detail/?park=REP0007959&st=4&pref=13
南馬込１丁目第５,repark-rep0024104,東京都大田区南馬込１丁目３０ー４,35.592857603686,139.71231579632,self_propelled,6,TRUE,,,hourly,220,30,,ハイルーフ,5000,1900,2000,2000,6,,https://www.repark.jp/parking_user/time/result/detail/?park=REP0024104&st=4&pref=13
羽田５丁目第２,repark-rep0014755,東京都大田区羽田５丁目３０,35.547857554333,139.75195624232,self_propelled,6,TRUE,,,hourly,220,25,,ハイルーフ,5000,1900,2000,2000,6,,https://www.repark.jp/parking_user/time/result/detail/?park=REP0014755&st=4&pref=13
大田山王１丁目第２,repark-rep0027648,東京都大田区山王１丁目６ー２５,35.591941306949,139.72784510382,self_propelled,3,TRUE,,,hourly,220,30,,ハイルーフ,5000,1900,2000,2000,3,,https://www.repark.jp/parking_user/time/result/detail/?park=REP0027648&st=4&pref=13
中馬込３丁目第２,repark-rep0015244,東京都大田区中馬込３丁目９ー１９,35.591752013776,139.70354713046,self_propelled,4,TRUE,,,hourly,220,25,,ハイルーフ,5000,1900,2000,2000,4,,https://www.repark.jp/parking_user/time/result/detail/?park=REP0015244&st=4&pref=13
鵜の木２丁目第２,repark-rep0002796,東京都大田区鵜の木２丁目２３－７,35.574278456848,139.67916384907,self_propelled,6,TRUE,,,hourly,220,25,,ハイルーフ,5000,1900,2000,2000,6,,https://www.repark.jp/parking_user/time/result/detail/?park=REP0002796&st=4&pref=13
久が原１丁目第２,repark-rep0015505,東京都大田区久が原１丁目３９,35.584024767363,139.6866627775,self_propelled,7,TRUE,,,hourly,220,30,,ハイルーフ,5000,1900,2000,2000,7,,https://www.repark.jp/parking_user/time/result/detail/?park=REP0015505&st=4&pref=13
中馬込３丁目第３,repark-rep0021911,東京都大田区中馬込３丁目４,35.592643567142,139.70255828253,self_propelled,3,TRUE,,,hourly,220,25,,ハイルーフ,5000,1900,2000,2000,3,,https://www.repark.jp/parking_user/time/result/detail/?park=REP0021911&st=4&pref=13
南馬込１丁目第４,repark-rep0022748,東京都大田区南馬込１丁目２ー１２,35.594568519701,139.71162966352,self_propelled,5,TRUE,,,hourly,330,25,,ハイルーフ,5000,1900,2000,2000,5,,https://www.repark.jp/parking_user/time/result/detail/?park=REP0022748&st=4&pref=13
上池台３丁目,repark-rep0019888,東京都大田区上池台３丁目１７ー１４,35.592982323652,139.69704761359,self_propelled,3,TRUE,,,hourly,220,20,,ハイルーフ,5000,1900,2000,2000,3,,https://www.repark.jp/parking_user/time/result/detail/?park=REP0019888&st=4&pref=13
上池台５丁目,repark-rep0005181,東京都大田区上池台５丁目１７番,35.594118362432,139.69986954892,self_propelled,4,TRUE,,,hourly,220,30,,ハイルーフ,5000,1900,2000,2000,4,,https://www.repark.jp/parking_user/time/result/detail/?park=REP0005181&st=4&pref=13
鵜の木３丁目第３,repark-rep0008894,東京都大田区鵜の木３丁目４ー６,35.579058472722,139.67756931739,self_propelled,9,TRUE,,,hourly,220,30,,ハイルーフ,5000,1900,2000,2000,9,,https://www.repark.jp/parking_user/time/result/detail/?park=REP0008894&st=4&pref=13
鵜の木３丁目第４,repark-rep0021489,東京都大田区鵜の木３丁目４ー５,35.579358437387,139.67738320803,self_propelled,7,TRUE,,,hourly,220,25,,ハイルーフ,5000,1900,2000,2000,7,,https://www.repark.jp/parking_user/time/result/detail/?park=REP0021489&st=4&pref=13
大田北嶺町,repark-rep0002611,,35.586152260166,139.68336295359,self_propelled,5,TRUE,,,hourly,200,25,,ハイルーフ,5000,1900,2000,2000,5,,https://www.repark.jp/parking_user/time/result/detail/?park=REP0002611&st=4&pref=13
東雪谷３丁目第５,repark-rep0011449,東京都大田区東雪谷３丁目８ー９,35.593129438221,139.69179804279,self_propelled,4,TRUE,,,hourly,220,25,,ハイルーフ,5000,1900,2000,2000,4,,https://www.repark.jp/parking_user/time/result/detail/?park=REP0011449&st=4&pref=13
南雪谷３丁目第２,repark-rep0028631,東京都大田区南雪谷３丁目１９‐１４,35.590343536905,139.68674303588,self_propelled,6,TRUE,,,hourly,220,25,,ハイルーフ,5000,1900,2000,2000,6,,https://www.repark.jp/parking_user/time/result/detail/?park=REP0028631&st=4&pref=13
東雪谷３丁目第２,repark-rep0002082,東京都大田区東雪谷３丁目２８－１６,35.593109935031,139.68829000202,self_propelled,4,TRUE,,,hourly,220,25,,ハイルーフ,5000,1900,2000,2000,4,,https://www.repark.jp/parking_user/time/result/detail/?park=REP0002082&st=4&pref=13
東雪谷４丁目,repark-rep0004212,東京都大田区東雪谷４丁目３－２,35.59474592247,139.69123412618,self_propelled,6,TRUE,,,hourly,220,30,,ハイルーフ,5000,1900,2000,2000,6,,https://www.repark.jp/parking_user/time/result/detail/?park=REP0004212&st=4&pref=13
大田北嶺町第３,repark-rep0008895,,35.587413169636,139.67954654548,self_propelled,4,TRUE,,,hourly,110,30,,ハイルーフ,5000,1900,2000,2000,4,,https://www.repark.jp/parking_user/time/result/detail/?park=REP0008895&st=4&pref=13
南雪谷３丁目,repark-rep0023711,東京都大田区南雪谷３丁目７ー２１,35.591998885718,139.68501810291,self_propelled,5,TRUE,,,hourly,220,20,,ハイルーフ,5000,1900,2000,2000,5,,https://www.repark.jp/parking_user/time/result/detail/?park=REP0023711&st=4&pref=13
南雪谷４丁目第２,repark-rep0025253,東京都大田区南雪谷４丁目６ー１,35.590035159069,139.68228786408,self_propelled,13,TRUE,,,hourly,220,20,,ハイルーフ,5000,1900,2000,2000,13,,https://www.repark.jp/parking_user/time/result/detail/?park=REP0025253&st=4&pref=13
沼部駅前第２,repark-rep0028906,,35.583019083628,139.67319172057,self_propelled,3,TRUE,,,hourly,220,30,,ハイルーフ,5000,1900,2000,2000,3,,https://www.repark.jp/parking_user/time/result/detail/?park=REP0028906&st=4&pref=13
沼部駅前,repark-rep0016293,,35.582210824855,139.67249181592,self_propelled,4,TRUE,,,hourly,220,20,,ハイルーフ,5000,1900,2000,2000,4,,https://www.repark.jp/parking_user/time/result/detail/?park=REP0016293&st=4&pref=13
東雪谷２丁目第４,repark-rep0015551,東京都大田区東雪谷２丁目１６ー１６,35.595009687875,139.68577345654,self_propelled,7,TRUE,,,hourly,220,20,,ハイルーフ,5000,1900,2000,2000,7,,https://www.repark.jp/parking_user/time/result/detail/?park=REP0015551&st=4&pref=13
東雪谷２丁目,repark-rep0003282,東京都大田区東雪谷２丁目１４－５,35.594959689341,139.6855512553,self_propelled,8,TRUE,,,hourly,220,20,,ハイルーフ,5000,1900,2000,2000,8,,https://www.repark.jp/parking_user/time/result/detail/?park=REP0003282&st=4&pref=13
東雪谷１丁目第２,repark-rep0027679,東京都大田区東雪谷１丁目１０ー１１,35.597962205038,139.68892028125,self_propelled,14,TRUE,,,hourly,220,20,,ハイルーフ,5000,1900,2000,2000,14,,https://www.repark.jp/parking_user/time/result/detail/?park=REP0027679&st=4&pref=13
田園調布１丁目第６,repark-rep0028397,東京都大田区田園調布１丁目８‐２,35.587240863357,139.67366648674,self_propelled,4,TRUE,,,hourly,220,25,,ハイルーフ,5000,1900,2000,2000,4,,https://www.repark.jp/parking_user/time/result/detail/?park=REP0028397&st=4&pref=13
東雪谷２丁目第２,repark-rep0005127,東京都大田区東雪谷２丁目２３－６,35.59654007208,139.6853095356,self_propelled,2,TRUE,,,hourly,330,20,,ハイルーフ,5000,1900,2000,2000,2,,https://www.repark.jp/parking_user/time/result/detail/?park=REP0005127&st=4&pref=13
雪谷大塚町第２,repark-rep0011303,,35.59155713934,139.67776872531,self_propelled,9,TRUE,,,hourly,220,25,,ハイルーフ,5000,1900,2000,2000,9,,https://www.repark.jp/parking_user/time/result/detail/?park=REP0011303&st=4&pref=13
東雪谷１丁目,repark-rep0004178,東京都大田区東雪谷１丁目８,35.598703769838,139.68766757414,self_propelled,5,TRUE,,,hourly,220,15,,ハイルーフ,5000,1900,2000,2000,5,,https://www.repark.jp/parking_user/time/result/detail/?park=REP0004178&st=4&pref=13
雪谷大塚町,repark-rep0001444,,35.592959773328,139.67811307612,self_propelled,3,TRUE,,,hourly,220,20,,ハイルーフ,5000,1900,2000,2000,3,,https://www.repark.jp/parking_user/time/result/detail/?park=REP0001444&st=4&pref=13
大田南千束３丁目第５,repark-rep0024689,東京都大田区南千束３丁目２２,35.602417252566,139.68714800129,self_propelled,11,TRUE,,,hourly,220,20,,ハイルーフ,5000,1900,2000,2000,11,,https://www.repark.jp/parking_user/time/result/detail/?park=REP0024689&st=4&pref=13
大田南千束３丁目第４,repark-rep0017537,東京都大田区南千束３丁目１９ー１３,35.601778401188,139.68538984372,self_propelled,2,TRUE,,,hourly,220,20,,ハイルーフ,5000,1900,2000,2000,2,,https://www.repark.jp/parking_user/time/result/detail/?park=REP0017537&st=4&pref=13
大田北千束３丁目第２,repark-rep0015561,東京都大田区北千束３丁目１７ー７,35.605861341262,139.68783945228,self_propelled,2,TRUE,,,hourly,220,20,,ハイルーフ,5000,1900,2000,2000,2,,https://www.repark.jp/parking_user/time/result/detail/?park=REP0015561&st=4&pref=13
大田北千束１丁目第３,repark-rep0017859,東京都大田区北千束１丁目１０,35.61059698794,139.69025570055,self_propelled,3,TRUE,,,hourly,220,25,,ハイルーフ,5000,1900,2000,2000,3,,https://www.repark.jp/parking_user/time/result/detail/?park=REP0017859&st=4&pref=13
大田北千束１丁目,repark-rep0004849,東京都大田区北千束１丁目１９―１,35.610480300963,139.68839752624,self_propelled,9,TRUE,,,hourly,220,25,,ハイルーフ,5000,1900,2000,2000,9,,https://www.repark.jp/parking_user/time/result/detail/?park=REP0004849&st=4&pref=13
世田谷４丁目第３,repark-rep0012601,東京都世田谷区世田谷４丁目２５,35.647736784989,139.65164330811,self_propelled,2,TRUE,,,hourly,220,15,,ハイルーフ,5000,1900,2000,2000,2,,https://www.repark.jp/parking_user/time/result/detail/?park=REP0012601&st=4&pref=13
世田谷４丁目第４,repark-rep0025604,東京都世田谷区世田谷４丁目１７ー９,35.645911968966,139.65100177841,self_propelled,4,TRUE,,,hourly,330,15,,ハイルーフ,5000,1900,2000,2000,4,,https://www.repark.jp/parking_user/time/result/detail/?park=REP0025604&st=4&pref=13
世田谷４丁目第５,repark-rep0025605,東京都世田谷区世田谷４丁目１７ー９,35.645823088794,139.65096289674,self_propelled,2,TRUE,,,hourly,330,15,,ハイルーフ,5000,1900,2000,2000,2,,https://www.repark.jp/parking_user/time/result/detail/?park=REP0025605&st=4&pref=13
若林５丁目第２,repark-rep0004958,東京都世田谷区若林５丁目２３番１号,35.649500536908,139.6545957587,self_propelled,5,TRUE,,,hourly,330,20,,ハイルーフ,5000,1900,2000,2000,5,,https://www.repark.jp/parking_user/time/result/detail/?park=REP0004958&st=4&pref=13
若林５丁目,repark-rep0003813,東京都世田谷区若林５丁目２３,35.649803279809,139.65444020267,self_propelled,5,TRUE,,,hourly,330,20,,ハイルーフ,5000,1900,2000,2000,5,,https://www.repark.jp/parking_user/time/result/detail/?park=REP0003813&st=4&pref=13
梅丘２丁目第６,repark-rep0027604,東京都世田谷区梅丘２丁目７ー４,35.649639351482,139.65118492457,self_propelled,4,TRUE,,,hourly,220,15,,ハイルーフ,5000,1900,2000,2000,4,,https://www.repark.jp/parking_user/time/result/detail/?park=REP0027604&st=4&pref=13
梅丘２丁目第３,repark-rep0012802,東京都世田谷区梅丘２丁目１３ー２９,35.650222679241,139.65445684898,self_propelled,3,TRUE,,,hourly,330,20,,ハイルーフ,5000,1900,2000,2000,3,,https://www.repark.jp/parking_user/time/result/detail/?park=REP0012802&st=4&pref=13
梅丘２丁目第４,repark-rep0020583,東京都世田谷区梅丘２丁目７ー１６,35.649980982281,139.65120435223,self_propelled,1,TRUE,,,hourly,220,15,,ハイルーフ,5000,1900,2000,2000,1,,https://www.repark.jp/parking_user/time/result/detail/?park=REP0020583&st=4&pref=13
梅丘２丁目第５,repark-rep0024136,東京都世田谷区梅丘２丁目２０－２２,35.650117079063,139.65122378834,self_propelled,3,TRUE,,,hourly,220,15,,ハイルーフ,5000,1900,2000,2000,3,,https://www.repark.jp/parking_user/time/result/detail/?park=REP0024136&st=4&pref=13
世田谷４丁目,repark-rep0004934,東京都世田谷区世田谷４丁目６,35.642923434362,139.65299063985,self_propelled,5,TRUE,,,hourly,200,20,,ハイルーフ,5000,1900,2000,2000,5,,https://www.repark.jp/parking_user/time/result/detail/?park=REP0004934&st=4&pref=13
世田谷１丁目第３,repark-rep0009765,東京都世田谷区世田谷１丁目１６ー２０,35.642167922184,139.65081585526,self_propelled,3,TRUE,,,hourly,330,12,,ハイルーフ,5000,1900,2000,2000,3,,https://www.repark.jp/parking_user/time/result/detail/?park=REP0009765&st=4&pref=13
上馬５丁目,repark-rep0015616,東京都世田谷区上馬５丁目２０ー１９,35.6421596691,139.65534047987,self_propelled,4,TRUE,,,hourly,330,20,,ハイルーフ,5000,1900,2000,2000,4,,https://www.repark.jp/parking_user/time/result/detail/?park=REP0015616&st=4&pref=13
世田谷１丁目第６,repark-rep0026661,東京都世田谷区世田谷１丁目１６ー２３,35.64174296725,139.65079365467,self_propelled,3,TRUE,,,hourly,330,12,,ハイルーフ,5000,1900,2000,2000,3,,https://www.repark.jp/parking_user/time/result/detail/?park=REP0026661&st=4&pref=13
梅丘３丁目,repark-rep0021669,東京都世田谷区梅丘３丁目５ー２２,35.649983853804,139.65657612797,self_propelled,4,TRUE,,,hourly,330,20,,ハイルーフ,5000,1900,2000,2000,4,,https://www.repark.jp/parking_user/time/result/detail/?park=REP0021669&st=4&pref=13
若林４丁目第２,repark-rep0022016,東京都世田谷区若林４丁目３ー８,35.646214859632,139.65930663076,self_propelled,3,TRUE,,,hourly,220,20,,ハイルーフ,5000,1900,2000,2000,3,,https://www.repark.jp/parking_user/time/result/detail/?park=REP0022016&st=4&pref=13
弦巻１丁目第６,repark-rep0022094,東京都世田谷区弦巻１丁目２０,35.639384899669,139.6515492555,self_propelled,4,TRUE,,,hourly,330,15,,ハイルーフ,5000,1900,2000,2000,4,,https://www.repark.jp/parking_user/time/result/detail/?park=REP0022094&st=4&pref=13
梅丘１丁目第２,repark-rep0010581,東京都世田谷区梅丘１丁目５９ー４,35.652727902364,139.65074037527,self_propelled,3,TRUE,,,hourly,330,20,,ハイルーフ,5000,1900,2000,2000,3,,https://www.repark.jp/parking_user/time/result/detail/?park=REP0010581&st=4&pref=13
弦巻１丁目第７,repark-rep0025535,東京都世田谷区弦巻１丁目３７ー９,35.639895913801,139.64913276665,self_propelled,4,TRUE,,,hourly,220,15,,ハイルーフ,5000,1900,2000,2000,4,,https://www.repark.jp/parking_user/time/result/detail/?park=REP0025535&st=4&pref=13
弦巻１丁目第５,repark-rep0014063,東京都世田谷区弦巻１丁目３７,35.639879245867,139.64897722434,self_propelled,10,TRUE,,,hourly,220,15,,ハイルーフ,5000,1900,2000,2000,10,,https://www.repark.jp/parking_user/time/result/detail/?park=REP0014063&st=4&pref=13
弦巻１丁目第４,repark-rep0004153,東京都世田谷区弦巻１丁目４－９,35.638123971056,139.65432686088,self_propelled,5,TRUE,,,hourly,220,20,,ハイルーフ,5000,1900,2000,2000,5,,https://www.repark.jp/parking_user/time/result/detail/?park=REP0004153&st=4&pref=13
豪徳寺１丁目,repark-rep0001670,東京都世田谷区豪徳寺１丁目２２－２,35.652761172615,139.64735176616,self_propelled,5,TRUE,,,hourly,330,15,,ハイルーフ,5000,1900,2000,2000,5,,https://www.repark.jp/parking_user/time/result/detail/?park=REP0001670&st=4&pref=13
宮坂１丁目第２,repark-rep0020582,東京都世田谷区宮坂１丁目２１,35.648175477975,139.64310788577,self_propelled,5,TRUE,,,hourly,220,15,,ハイルーフ,5000,1900,2000,2000,5,,https://www.repark.jp/parking_user/time/result/detail/?park=REP0020582&st=4&pref=13
宮坂１丁目第３,repark-rep0026506,東京都世田谷区宮坂１丁目２１ー２１,35.64814214626,139.64297734214,self_propelled,5,TRUE,,,hourly,220,15,,ハイルーフ,5000,1900,2000,2000,5,,https://www.repark.jp/parking_user/time/result/detail/?park=REP0026506&st=4&pref=13
上馬５丁目第２,repark-rep0024042,東京都世田谷区上馬５丁目１４ー７,35.637868473173,139.65603228701,self_propelled,6,TRUE,,,hourly,220,25,,ハイルーフ,5000,1900,2000,2000,6,,https://www.repark.jp/parking_user/time/result/detail/?park=REP0024042&st=4&pref=13
代田３丁目第２,repark-rep0027912,東京都世田谷区代田３丁目２３ー３５,35.653080795541,139.65949518694,self_propelled,11,TRUE,,,hourly,220,30,,ハイルーフ,5000,1900,2000,2000,11,,https://www.repark.jp/parking_user/time/result/detail/?park=REP0027912&st=4&pref=13
宮坂１丁目第４,repark-rep0027673,東京都世田谷区宮坂１丁目２７ー７,35.648772622761,139.64234403271,self_propelled,6,TRUE,,,hourly,220,20,,ハイルーフ,5000,1900,2000,2000,6,,https://www.repark.jp/parking_user/time/result/detail/?park=REP0027673&st=4&pref=13
代田３丁目,repark-rep0010071,東京都世田谷区代田３丁目３５ー４,35.655299934062,139.65559540863,self_propelled,2,TRUE,,,hourly,220,25,,ハイルーフ,5000,1900,2000,2000,2,,https://www.repark.jp/parking_user/time/result/detail/?park=REP0010071&st=4&pref=13
若林１丁目,repark-rep0015569,東京都世田谷区若林１丁目４１ー１３,35.645345622718,139.66583946124,self_propelled,2,TRUE,,,hourly,220,20,,ハイルーフ,5000,1900,2000,2000,2,,https://www.repark.jp/parking_user/time/result/detail/?park=REP0015569&st=4&pref=13
三軒茶屋２丁目第４,repark-rep0022341,東京都世田谷区三軒茶屋２丁目１９ー１５,35.643106964726,139.66535627145,self_propelled,3,TRUE,,,hourly,330,15,,ハイルーフ,5000,1900,2000,2000,3,,https://www.repark.jp/parking_user/time/result/detail/?park=REP0022341&st=4&pref=13
上馬２丁目,repark-rep0016644,東京都世田谷区上馬２丁目３６ー９,35.639157349388,139.66319274399,self_propelled,2,TRUE,,,hourly,220,20,,ハイルーフ,5000,1900,2000,2000,2,,https://www.repark.jp/parking_user/time/result/detail/?park=REP0016644&st=4&pref=13
弦巻２丁目,repark-rep0006061,東京都世田谷区弦巻２丁目３４－９,35.635918549387,139.64845522807,self_propelled,9,TRUE,,,hourly,220,15,,ハイルーフ,5000,1900,2000,2000,9,,https://www.repark.jp/parking_user/time/result/detail/?park=REP0006061&st=4&pref=13
赤堤１丁目,repark-rep0010250,東京都世田谷区赤堤１丁目１５ー２,35.654247069033,139.64416585133,self_propelled,5,TRUE,,,hourly,220,30,,ハイルーフ,5000,1900,2000,2000,5,,https://www.repark.jp/parking_user/time/result/detail/?park=REP0010250&st=4&pref=13
代田１丁目第２,repark-rep0027697,東京都世田谷区代田１丁目３４ー１,35.653372495013,139.66319764403,self_propelled,12,TRUE,,,hourly,220,20,,ハイルーフ,5000,1900,2000,2000,12,,https://www.repark.jp/parking_user/time/result/detail/?park=REP0027697&st=4&pref=13
三軒茶屋２丁目第２,repark-rep0007049,東京都世田谷区三軒茶屋２丁目１９,35.642679242422,139.66592568785,self_propelled,2,TRUE,,,hourly,220,20,,ハイルーフ,5000,1900,2000,2000,2,,https://www.repark.jp/parking_user/time/result/detail/?park=REP0007049&st=4&pref=13
弦巻４丁目第３,repark-rep0024005,東京都世田谷区弦巻４丁目２９ー２４,35.63799046516,139.64361108996,self_propelled,6,TRUE,,,hourly,220,20,,ハイルーフ,5000,1900,2000,2000,6,,https://www.repark.jp/parking_user/time/result/detail/?park=REP0024005&st=4&pref=13
弦巻２丁目第２,repark-rep0017621,東京都世田谷区弦巻２丁目４ー４,35.634860436204,139.65456032477,self_propelled,4,TRUE,,,hourly,330,20,,ハイルーフ,5000,1900,2000,2000,4,,https://www.repark.jp/parking_user/time/result/detail/?park=REP0017621&st=4&pref=13
経堂１丁目第８,repark-rep0015079,東京都世田谷区経堂１丁目９,35.648578143818,139.63915263971,self_propelled,8,TRUE,,,hourly,330,25,,ハイルーフ,5000,1900,2000,2000,8,,https://www.repark.jp/parking_user/time/result/detail/?park=REP0015079&st=4&pref=13
弦巻３丁目,repark-rep0005507,東京都世田谷区弦巻３丁目１２－２１,35.635835182028,139.64597765967,self_propelled,3,TRUE,,,hourly,220,15,,ハイルーフ,5000,1900,2000,2000,3,,https://www.repark.jp/parking_user/time/result/detail/?park=REP0005507&st=4&pref=13
赤堤２丁目第６,repark-rep0027114,東京都世田谷区赤堤２丁目１５ー２,35.656966274805,139.64712103569,self_propelled,7,TRUE,,,hourly,220,15,,ハイルーフ,5000,1900,2000,2000,7,,https://www.repark.jp/parking_user/time/result/detail/?park=REP0027114&st=4&pref=13
太子堂５丁目,repark-rep0001757,東京都世田谷区太子堂５丁目３－５,35.647295453459,139.66808918462,self_propelled,3,TRUE,,,hourly,330,15,,ハイルーフ,5000,1900,2000,2000,3,,https://www.repark.jp/parking_user/time/result/detail/?park=REP0001757&st=4&pref=13
経堂１丁目,repark-rep0001231,東京都世田谷区経堂１丁目３,35.647667108771,139.63792222784,self_propelled,12,TRUE,,,hourly,220,15,,ハイルーフ,5000,1900,2000,2000,12,,https://www.repark.jp/parking_user/time/result/detail/?park=REP0001231&st=4&pref=13
世田谷桜２丁目第３,repark-rep0027344,東京都世田谷区桜２丁目２０ー９,35.645397897756,139.63742237384,self_propelled,3,TRUE,,,hourly,220,20,,ハイルーフ,5000,1900,2000,2000,3,,https://www.repark.jp/parking_user/time/result/detail/?park=REP0027344&st=4&pref=13
代田２丁目第４,repark-rep0027698,東京都世田谷区代田２丁目１０ー９,35.6559305521,139.66300865293,self_propelled,7,TRUE,,,hourly,220,20,,ハイルーフ,5000,1900,2000,2000,7,,https://www.repark.jp/parking_user/time/result/detail/?park=REP0027698&st=4&pref=13
経堂１丁目第７,repark-rep0015094,東京都世田谷区経堂１丁目１８ー１,35.650350159542,139.6381943047,self_propelled,3,TRUE,,,hourly,350,20,,ハイルーフ,5000,1900,2000,2000,3,,https://www.repark.jp/parking_user/time/result/detail/?park=REP0015094&st=4&pref=13
赤堤１丁目第２,repark-rep0019708,東京都世田谷区赤堤１丁目１０,35.656063522773,139.64307974689,self_propelled,4,TRUE,,,hourly,220,20,,ハイルーフ,5000,1900,2000,2000,4,,https://www.repark.jp/parking_user/time/result/detail/?park=REP0019708&st=4&pref=13
赤堤１丁目第３,repark-rep0024900,東京都世田谷区赤堤１丁目１０－１４,35.65590797951,139.64279922135,self_propelled,4,TRUE,,,hourly,220,20,,ハイルーフ,5000,1900,2000,2000,4,,https://www.repark.jp/parking_user/time/result/detail/?park=REP0024900&st=4&pref=13
太子堂４丁目,repark-rep0005193,東京都世田谷区太子堂４丁目１９番１０,35.645229019374,139.66876977825,self_propelled,2,TRUE,,,hourly,330,20,,ハイルーフ,5000,1900,2000,2000,2,,https://www.repark.jp/parking_user/time/result/detail/?park=REP0005193&st=4&pref=13
駒沢２丁目第２,repark-rep0004192,東京都世田谷区駒沢２丁目３－１０,35.634507789123,139.65989600888,self_propelled,6,TRUE,,,hourly,300,15,,ハイルーフ,5000,1900,2000,2000,6,,https://www.repark.jp/parking_user/time/result/detail/?park=REP0004192&st=4&pref=13
三軒茶屋２丁目第３,repark-rep0020615,東京都世田谷区三軒茶屋２丁目９ー２,35.641315532131,139.66780615048,self_propelled,2,TRUE,,,hourly,350,15,,ハイルーフ,5000,1900,2000,2000,2,,https://www.repark.jp/parking_user/time/result/detail/?park=REP0020615&st=4&pref=13
三軒茶屋２丁目第５,repark-rep0022531,東京都世田谷区三軒茶屋２丁目９,35.641293313721,139.66787558973,self_propelled,2,TRUE,,,hourly,350,15,,ハイルーフ,5000,1900,2000,2000,2,,https://www.repark.jp/parking_user/time/result/detail/?park=REP0022531&st=4&pref=13
駒沢２丁目第８,repark-rep0012989,東京都世田谷区駒沢２丁目２６ー１７,35.633866165475,139.6584489366,self_propelled,3,TRUE,,,hourly,220,20,,ハイルーフ,5000,1900,2000,2000,3,,https://www.repark.jp/parking_user/time/result/detail/?park=REP0012989&st=4&pref=13
弦巻４丁目,repark-rep0014653,東京都世田谷区弦巻４丁目２ー１８,35.635585166221,139.64354176248,self_propelled,2,TRUE,,,hourly,220,20,,ハイルーフ,5000,1900,2000,2000,2,,https://www.repark.jp/parking_user/time/result/detail/?park=REP0014653&st=4&pref=13
代沢４丁目第３,repark-rep0023191,東京都世田谷区代沢４丁目４５ー４,35.653811385197,139.66595295099,self_propelled,2,TRUE,,,hourly,250,20,,ハイルーフ,5000,1900,2000,2000,2,,https://www.repark.jp/parking_user/time/result/detail/?park=REP0023191&st=4&pref=13
経堂１丁目第６,repark-rep0012969,東京都世田谷区経堂１丁目１１ー１５,35.649322477541,139.63739719522,self_propelled,10,TRUE,,,hourly,300,15,,ハイルーフ,5000,1900,2000,2000,10,,https://www.repark.jp/parking_user/time/result/detail/?park=REP0012969&st=4&pref=13
世田谷郵便局駐車場,repark-rep0025174,東京都世田谷区三軒茶屋２丁目１ー１世田谷郵便局,35.640393403912,139.667528438,self_propelled,8,TRUE,,,hourly,400,15,,ハイルーフ,5000,1900,2000,2000,8,,https://www.repark.jp/parking_user/time/result/detail/?park=REP0025174&st=4&pref=13
経堂１丁目第９,repark-rep0024919,東京都世田谷区経堂１丁目５ー１６,35.648422568556,139.63709726157,self_propelled,3,TRUE,,,hourly,330,20,,ハイルーフ,5000,1900,2000,2000,3,,https://www.repark.jp/parking_user/time/result/detail/?park=REP0024919&st=4&pref=13
経堂１丁目第２,repark-rep0001940,東京都世田谷区経堂１丁目６,35.648503114292,139.6370028217,self_propelled,8,TRUE,,,hourly,330,20,,ハイルーフ,5000,1900,2000,2000,8,,https://www.repark.jp/parking_user/time/result/detail/?park=REP0001940&st=4&pref=13
代田２丁目第３,repark-rep0017751,東京都世田谷区代田２丁目１１ー５,35.655611163871,139.66430300514,self_propelled,4,TRUE,,,hourly,330,20,,ハイルーフ,5000,1900,2000,2000,4,,https://www.repark.jp/parking_user/time/result/detail/?park=REP0017751&st=4&pref=13
駒沢２丁目第６,repark-rep0010810,東京都世田谷区駒沢２丁目３ー１４,35.634238382545,139.66044597561,self_propelled,8,TRUE,,,hourly,300,15,,ハイルーフ,5000,1900,2000,2000,8,,https://www.repark.jp/parking_user/time/result/detail/?park=REP0010810&st=4&pref=13
宮坂３丁目第２,repark-rep0005328,東京都世田谷区宮坂３丁目４番,35.652472161702,139.63860250609,self_propelled,2,TRUE,,,hourly,220,15,,ハイルーフ,5000,1900,2000,2000,2,,https://www.repark.jp/parking_user/time/result/detail/?park=REP0005328&st=4&pref=13
代沢４丁目第２,repark-rep0007236,東京都世田谷区代沢４丁目２１ー１０,35.652650423603,139.66739732849,self_propelled,7,TRUE,,,hourly,220,20,,ハイルーフ,5000,1900,2000,2000,7,,https://www.repark.jp/parking_user/time/result/detail/?park=REP0007236&st=4&pref=13
世田谷桜２丁目第２,repark-rep0010618,東京都世田谷区桜２丁目２１ー２４,35.645389549881,139.6365196722,self_propelled,3,TRUE,,,hourly,220,20,,ハイルーフ,5000,1900,2000,2000,3,,https://www.repark.jp/parking_user/time/result/detail/?park=REP0010618&st=4&pref=13
太子堂３丁目,repark-rep0025316,東京都世田谷区太子堂３丁目１１ー４,35.647967625686,139.66935571548,self_propelled,3,TRUE,,,hourly,330,15,,ハイルーフ,5000,1900,2000,2000,3,,https://www.repark.jp/parking_user/time/result/detail/?park=REP0025316&st=4&pref=13
駒沢２丁目第１０,repark-rep0016311,東京都世田谷区駒沢２丁目２４ー１,35.632913464877,139.65704631896,self_propelled,2,TRUE,,,hourly,220,15,,ハイルーフ,5000,1900,2000,2000,2,,https://www.repark.jp/parking_user/time/result/detail/?park=REP0016311&st=4&pref=13
代田２丁目第６,repark-rep0028645,東京都世田谷区代田２丁目２９‐１８,35.657372060906,139.66283637886,self_propelled,5,TRUE,,,hourly,200,30,,ハイルーフ,5000,1900,2000,2000,5,,https://www.repark.jp/parking_user/time/result/detail/?park=REP0028645&st=4&pref=13
代田２丁目第５,repark-rep0027674,東京都世田谷区代田２丁目２９ー８,35.657752564127,139.66214475178,self_propelled,5,TRUE,,,hourly,220,20,,ハイルーフ,5000,1900,2000,2000,5,,https://www.repark.jp/parking_user/time/result/detail/?park=REP0027674&st=4&pref=13
代沢４丁目第４,repark-rep0028649,東京都世田谷区代沢４丁目２８‐２,35.653044832433,139.66774172673,self_propelled,8,TRUE,,,hourly,220,20,,ハイルーフ,5000,1900,2000,2000,8,,https://www.repark.jp/parking_user/time/result/detail/?park=REP0028649&st=4&pref=13
赤堤２丁目第５,repark-rep0016916,東京都世田谷区赤堤２丁目２７ー１５,35.658554962195,139.64530722517,self_propelled,3,TRUE,,,hourly,220,20,,ハイルーフ,5000,1900,2000,2000,3,,https://www.repark.jp/parking_user/time/result/detail/?park=REP0016916&st=4&pref=13
桜新町２丁目,repark-rep0004696,東京都世田谷区桜新町２丁目３－１１,35.633315996198,139.64538893556,self_propelled,3,TRUE,,,hourly,220,15,,ハイルーフ,5000,1900,2000,2000,3,,https://www.repark.jp/parking_user/time/result/detail/?park=REP0004696&st=4&pref=13
世田谷桜３丁目,repark-rep0008492,東京都世田谷区桜３丁目５ー１０,35.638793059504,139.63801151805,self_propelled,5,TRUE,,,hourly,220,12,,ハイルーフ,5000,1900,2000,2000,5,,https://www.repark.jp/parking_user/time/result/detail/?park=REP0008492&st=4&pref=13
世田谷桜１丁目,repark-rep0005959,東京都世田谷区桜１丁目６２－６,35.645761713832,139.63547529679,self_propelled,2,TRUE,,,hourly,220,20,,ハイルーフ,5000,1900,2000,2000,2,,https://www.repark.jp/parking_user/time/result/detail/?park=REP0005959&st=4&pref=13
代田４丁目,repark-rep0003908,東京都世田谷区代田４丁目３０－１９,35.659860596642,139.65785056734,self_propelled,4,TRUE,,,hourly,220,25,,ハイルーフ,5000,1900,2000,2000,4,,https://www.repark.jp/parking_user/time/result/detail/?park=REP0003908&st=4&pref=13
世田谷桜３丁目第２,repark-rep0009440,東京都世田谷区桜３丁目５ー１１,35.638929151436,139.63775320023,self_propelled,6,TRUE,,,hourly,220,12,,ハイルーフ,5000,1900,2000,2000,6,,https://www.repark.jp/parking_user/time/result/detail/?park=REP0009440&st=4&pref=13
代沢５丁目第５,repark-rep0008421,東京都世田谷区代沢５丁目１４―８,35.656638843205,139.66494734831,self_propelled,4,TRUE,,,hourly,330,15,,ハイルーフ,5000,1900,2000,2000,4,,https://www.repark.jp/parking_user/time/result/detail/?park=REP0008421&st=4&pref=13
世田谷桜３丁目第４,repark-rep0014293,東京都世田谷区桜３丁目２２ー８,35.640309542418,139.63675877526,self_propelled,3,TRUE,,,hourly,330,25,,ハイルーフ,5000,1900,2000,2000,3,,https://www.repark.jp/parking_user/time/result/detail/?park=REP0014293&st=4&pref=13
松原６丁目第２,repark-rep0007558,東京都世田谷区松原６丁目１４―９,35.660646524556,139.65218155796,self_propelled,8,TRUE,,,hourly,220,15,,ハイルーフ,5000,1900,2000,2000,8,,https://www.repark.jp/parking_user/time/result/detail/?park=REP0007558&st=4&pref=13
代田２丁目,repark-rep0016985,東京都世田谷区代田２丁目２８ー１１,35.658196976699,139.66306687773,self_propelled,2,TRUE,,,hourly,220,20,,ハイルーフ,5000,1900,2000,2000,2,,https://www.repark.jp/parking_user/time/result/detail/?park=REP0016985&st=4&pref=13
経堂５丁目第５,repark-rep0022999,東京都世田谷区経堂５丁目１,35.646444959614,139.6346086713,self_propelled,2,TRUE,,,hourly,220,20,,ハイルーフ,5000,1900,2000,2000,2,,https://www.repark.jp/parking_user/time/result/detail/?park=REP0022999&st=4&pref=13
三軒茶屋１丁目第２,repark-rep0014266,東京都世田谷区三軒茶屋１丁目２８ー１,35.640796189286,139.67041706856,self_propelled,4,TRUE,,,hourly,220,15,,ハイルーフ,5000,1900,2000,2000,4,,https://www.repark.jp/parking_user/time/result/detail/?park=REP0014266&st=4&pref=13
三軒茶屋１丁目第３,repark-rep0025678,東京都世田谷区三軒茶屋１丁目１７ー１４,35.640132368524,139.67025877827,self_propelled,5,TRUE,,,hourly,220,15,,ハイルーフ,5000,1900,2000,2000,5,,https://www.repark.jp/parking_user/time/result/detail/?park=REP0025678&st=4&pref=13
経堂５丁目第６,repark-rep0027929,東京都世田谷区経堂５丁目２８ー４,35.647075441403,139.63427811373,self_propelled,5,TRUE,,,hourly,220,20,,ハイルーフ,5000,1900,2000,2000,5,,https://www.repark.jp/parking_user/time/result/detail/?park=REP0027929&st=4&pref=13
世田谷桜３丁目第３,repark-rep0014100,東京都世田谷区桜３丁目１１ー１６,35.63865693313,139.63629777764,self_propelled,4,TRUE,,,hourly,220,12,,ハイルーフ,5000,1900,2000,2000,4,,https://www.repark.jp/parking_user/time/result/detail/?park=REP0014100&st=4&pref=13
代沢３丁目第６,repark-rep0028871,東京都世田谷区代沢３丁目６‐１１,35.654864101248,139.6688526617,self_propelled,19,TRUE,,,hourly,220,20,,ハイルーフ,5000,1900,2000,2000,19,,https://www.repark.jp/parking_user/time/result/detail/?park=REP0028871&st=4&pref=13
世田谷桜３丁目第５,repark-rep0017590,東京都世田谷区桜３丁目１８ー２５,35.63988733998,139.63535057765,self_propelled,6,TRUE,,,hourly,330,20,,ハイルーフ,5000,1900,2000,2000,6,,https://www.repark.jp/parking_user/time/result/detail/?park=REP0017590&st=4&pref=13
代沢３丁目第３,repark-rep0005300,東京都世田谷区代沢３丁目６,35.654630798345,139.66914709199,self_propelled,3,TRUE,,,hourly,220,20,,ハイルーフ,5000,1900,2000,2000,3,,https://www.repark.jp/parking_user/time/result/detail/?park=REP0005300&st=4&pref=13
弦巻４丁目第２,repark-rep0019815,東京都世田谷区弦巻４丁目１４ー１１,35.634829620638,139.63951157597,self_propelled,3,TRUE,,,hourly,220,25,,ハイルーフ,5000,1900,2000,2000,3,,https://www.repark.jp/parking_user/time/result/detail/?park=REP0019815&st=4&pref=13
代田４丁目第２,repark-rep0010670,東京都世田谷区代田４丁目９ー１４,35.661104938965,139.65959203241,self_propelled,8,TRUE,,,hourly,330,30,,ハイルーフ,5000,1900,2000,2000,8,,https://www.repark.jp/parking_user/time/result/detail/?park=REP0010670&st=4&pref=13
三軒茶屋１丁目第４,repark-rep0026421,東京都世田谷区三軒茶屋１丁目３３ー２７,35.641601682485,139.67181135967,self_propelled,3,TRUE,,,hourly,220,20,,ハイルーフ,5000,1900,2000,2000,3,,https://www.repark.jp/parking_user/time/result/detail/?park=REP0026421&st=4&pref=13
田中モータープール駒沢,repark-rep0010252,東京都世田谷区駒沢４丁目２３,35.630135930288,139.65391615181,self_propelled,19,TRUE,,,hourly,220,15,,ハイルーフ,5000,1900,2000,2000,19,,https://www.repark.jp/parking_user/time/result/detail/?park=REP0010252&st=4&pref=13
世田谷新町２丁目第２,repark-rep0028725,東京都世田谷区新町２丁目２２ー２８,35.630477466751,139.64859157829,self_propelled,5,TRUE,,,hourly,220,30,,ハイルーフ,5000,1900,2000,2000,5,,https://www.repark.jp/parking_user/time/result/detail/?park=REP0028725&st=4&pref=13
宮坂３丁目第３,repark-rep0006956,東京都世田谷区宮坂３丁目２５番１６,35.653505319794,139.63485832546,self_propelled,3,TRUE,,,hourly,220,20,,ハイルーフ,5000,1900,2000,2000,3,,https://www.repark.jp/parking_user/time/result/detail/?park=REP0006956&st=4&pref=13
太子堂２丁目,repark-rep0005186,東京都世田谷区太子堂２丁目６番２３,35.647226106457,139.67327486814,self_propelled,6,TRUE,,,hourly,300,20,,ハイルーフ,5000,1900,2000,2000,6,,https://www.repark.jp/parking_user/time/result/detail/?park=REP0005186&st=4&pref=13
桜新町１丁目,repark-rep0001750,東京都世田谷区桜新町１丁目１４－１４,35.631171752974,139.64375305915,self_propelled,6,TRUE,,,hourly,200,25,,ハイルーフ,5000,1900,2000,2000,6,,https://www.repark.jp/parking_user/time/result/detail/?park=REP0001750&st=4&pref=13
代田５丁目,repark-rep0025133,東京都世田谷区代田５丁目２０ー６,35.660238441788,139.66400837154,self_propelled,5,TRUE,,,hourly,220,20,,ハイルーフ,5000,1900,2000,2000,5,,https://www.repark.jp/parking_user/time/result/detail/?park=REP0025133&st=4&pref=13
桜新町２丁目第５,repark-rep0022587,東京都世田谷区桜新町２丁目１０ー８,35.631485592346,139.64283367706,self_propelled,8,TRUE,,,hourly,330,20,,ハイルーフ,5000,1900,2000,2000,8,,https://www.repark.jp/parking_user/time/result/detail/?park=REP0022587&st=4&pref=13
田中モータープール駒沢第２,repark-rep0021392,東京都世田谷区駒沢４丁目２３ー８,35.629097154434,139.65403285695,self_propelled,8,TRUE,,,hourly,220,20,,ハイルーフ,5000,1900,2000,2000,8,,https://www.repark.jp/parking_user/time/result/detail/?park=REP0021392&st=4&pref=13
代沢５丁目第３,repark-rep0004085,東京都世田谷区代沢５丁目２８,35.658910856488,139.66691096961,self_propelled,6,TRUE,,,hourly,330,20,,ハイルーフ,5000,1900,2000,2000,6,,https://www.repark.jp/parking_user/time/result/detail/?park=REP0004085&st=4&pref=13
松原５丁目第２,repark-rep0027035,東京都世田谷区松原５丁目３６ー１４,35.66299620623,139.64834565633,self_propelled,6,TRUE,,,hourly,220,20,,ハイルーフ,5000,1900,2000,2000,6,,https://www.repark.jp/parking_user/time/result/detail/?park=REP0027035&st=4&pref=13
桜新町１丁目第５,repark-rep0023585,東京都世田谷区桜新町１丁目１９ー１４,35.630780105887,139.64249484868,self_propelled,13,TRUE,,,hourly,220,25,,ハイルーフ,5000,1900,2000,2000,13,,https://www.repark.jp/parking_user/time/result/detail/?park=REP0023585&st=4&pref=13
野沢２丁目第３,repark-rep0016782,東京都世田谷区野沢２丁目２０,35.633588588234,139.66824258103,self_propelled,4,TRUE,,,hourly,330,20,,ハイルーフ,5000,1900,2000,2000,4,,https://www.repark.jp/parking_user/time/result/detail/?park=REP0016782&st=4&pref=13
代沢３丁目第５,repark-rep0026617,東京都世田谷区代沢３丁目２３ー１６,35.65657505806,139.6705024459,self_propelled,8,TRUE,,,hourly,220,20,,ハイルーフ,5000,1900,2000,2000,8,,https://www.repark.jp/parking_user/time/result/detail/?park=REP0026617&st=4&pref=13
駒沢４丁目第６,repark-rep0020531,東京都世田谷区駒沢４丁目６ー１０,35.627930611967,139.65401902282,self_propelled,4,TRUE,,,hourly,220,20,,ハイルーフ,5000,1900,2000,2000,4,,https://www.repark.jp/parking_user/time/result/detail/?park=REP0020531&st=4&pref=13
用賀３丁目,repark-rep0020264,東京都世田谷区用賀３丁目２,35.631904921388,139.63882010207,self_propelled,3,TRUE,,,hourly,220,20,,ハイルーフ,5000,1900,2000,2000,3,,https://www.repark.jp/parking_user/time/result/detail/?park=REP0020264&st=4&pref=13
三宿２丁目第２,repark-rep0010999,東京都世田谷区三宿２丁目２５ー４,35.65286162622,139.67393566477,self_propelled,1,TRUE,,,hourly,220,15,,ハイルーフ,5000,1900,2000,2000,1,,https://www.repark.jp/parking_user/time/result/detail/?park=REP0010999&st=4&pref=13
桜新町１丁目第４,repark-rep0013880,東京都世田谷区桜新町１丁目１５,35.629355278277,139.64363926325,self_propelled,2,TRUE,,,hourly,220,20,,ハイルーフ,5000,1900,2000,2000,2,,https://www.repark.jp/parking_user/time/result/detail/?park=REP0013880&st=4&pref=13
下北沢駅西口第２,repark-rep0027693,東京都世田谷区代田５丁目３１ー７,35.661757739661,139.66488878446,self_propelled,4,TRUE,,,hourly,220,15,,ハイルーフ,5000,1900,2000,2000,4,,https://www.repark.jp/parking_user/time/result/detail/?park=REP0027693&st=4&pref=13
下北沢駅西口,repark-rep0027675,東京都世田谷区代田５丁目３１ー４,35.661657757682,139.66530819824,self_propelled,3,TRUE,,,hourly,220,15,,ハイルーフ,5000,1900,2000,2000,3,,https://www.repark.jp/parking_user/time/result/detail/?park=REP0027675&st=4&pref=13
世田谷新町２丁目,repark-rep0023034,東京都世田谷区新町２丁目３０ー８,35.628516517466,139.64584189694,self_propelled,5,TRUE,,,hourly,230,20,,ハイルーフ,5000,1900,2000,2000,5,,https://www.repark.jp/parking_user/time/result/detail/?park=REP0023034&st=4&pref=13
世田谷羽根木１丁目,repark-rep0016281,東京都世田谷区羽根木１丁目３１ー１３,35.664404536646,139.65676433732,self_propelled,2,TRUE,,,hourly,220,12,,ハイルーフ,5000,1900,2000,2000,2,,https://www.repark.jp/parking_user/time/result/detail/?park=REP0016281&st=4&pref=13
経堂５丁目第７,repark-rep0028290,東京都世田谷区経堂５丁目１６ー１０,35.64615046805,139.63013961102,self_propelled,6,TRUE,,,hourly,220,20,,ハイルーフ,5000,1900,2000,2000,6,,https://www.repark.jp/parking_user/time/result/detail/?park=REP0028290&st=4&pref=13
桜新町１丁目第６,repark-rep0028880,東京都世田谷区桜新町１丁目１ー１２,35.628449854103,139.64564191662,self_propelled,7,TRUE,,,hourly,220,20,,ハイルーフ,5000,1900,2000,2000,7,,https://www.repark.jp/parking_user/time/result/detail/?park=REP0028880&st=4&pref=13
野沢４丁目,repark-rep0014835,東京都世田谷区野沢４丁目９ー２２,35.632094302415,139.66814821268,self_propelled,4,TRUE,,,hourly,330,20,,ハイルーフ,5000,1900,2000,2000,4,,https://www.repark.jp/parking_user/time/result/detail/?park=REP0014835&st=4&pref=13
下馬２丁目第３,repark-rep0015153,東京都世田谷区下馬２丁目２０ー４,35.640299099265,139.67498615599,self_propelled,3,TRUE,,,hourly,220,15,,ハイルーフ,5000,1900,2000,2000,3,,https://www.repark.jp/parking_user/time/result/detail/?park=REP0015153&st=4&pref=13
経堂５丁目第３,repark-rep0013267,東京都世田谷区経堂５丁目３７ー１５,35.648797396645,139.62955064905,self_propelled,4,TRUE,,,hourly,220,20,,ハイルーフ,5000,1900,2000,2000,4,,https://www.repark.jp/parking_user/time/result/detail/?park=REP0013267&st=4&pref=13
経堂２丁目第６,repark-rep0003270,東京都世田谷区経堂２丁目３２－１１,35.654952336077,139.63194183405,self_propelled,7,TRUE,,,hourly,220,15,,ハイルーフ,5000,1900,2000,2000,7,,https://www.repark.jp/parking_user/time/result/detail/?park=REP0003270&st=4&pref=13
代沢２丁目第３,repark-rep0020494,東京都世田谷区代沢２丁目３２ー２２,35.659055350414,139.67059676786,self_propelled,5,TRUE,,,hourly,220,15,,ハイルーフ,5000,1900,2000,2000,5,,https://www.repark.jp/parking_user/time/result/detail/?park=REP0020494&st=4&pref=13
野沢２丁目第４,repark-rep0027927,東京都世田谷区野沢２丁目１１ー１１,35.632924808851,139.67045353898,self_propelled,2,TRUE,,,hourly,330,20,,ハイルーフ,5000,1900,2000,2000,2,,https://www.repark.jp/parking_user/time/result/detail/?park=REP0027927&st=4&pref=13
赤堤５丁目,repark-rep0018066,東京都世田谷区赤堤５丁目４ー３,35.659951876131,139.63622458115,self_propelled,2,TRUE,,,hourly,220,30,,ハイルーフ,5000,1900,2000,2000,2,,https://www.repark.jp/parking_user/time/result/detail/?park=REP0018066&st=4&pref=13
池尻４丁目,repark-rep0024421,東京都世田谷区池尻４丁目３７ー８,35.654930856393,139.67430776058,self_propelled,4,TRUE,,,hourly,220,20,,ハイルーフ,5000,1900,2000,2000,4,,https://www.repark.jp/parking_user/time/result/detail/?park=REP0024421&st=4&pref=13
代沢２丁目第２,repark-rep0016267,東京都世田谷区代沢２丁目２ー１３,35.656891740043,139.67329942103,self_propelled,3,TRUE,,,hourly,220,15,,ハイルーフ,5000,1900,2000,2000,3,,https://www.repark.jp/parking_user/time/result/detail/?park=REP0016267&st=4&pref=13
世田谷桜丘２丁目,repark-rep0005048,東京都世田谷区桜丘２丁目６,35.645456072222,139.62864532309,self_propelled,5,TRUE,,,hourly,220,20,,ハイルーフ,5000,1900,2000,2000,5,,https://www.repark.jp/parking_user/time/result/detail/?park=REP0005048&st=4&pref=13
三宿１丁目第２,repark-rep0012534,東京都世田谷区三宿１丁目１ー２１,35.647634469503,139.67743839256,self_propelled,3,TRUE,,,hourly,330,20,,ハイルーフ,5000,1900,2000,2000,3,,https://www.repark.jp/parking_user/time/result/detail/?park=REP0012534&st=4&pref=13
世田谷羽根木１丁目第２,repark-rep0016472,東京都世田谷区羽根木１丁目２８ー１２,35.665684969147,139.65759198762,self_propelled,3,TRUE,,,hourly,200,12,,ハイルーフ,5000,1900,2000,2000,3,,https://www.repark.jp/parking_user/time/result/detail/?park=REP0016472&st=4&pref=13
駒沢４丁目第５,repark-rep0016689,東京都世田谷区駒沢４丁目２ー２６,35.625880837812,139.65439686282,self_propelled,5,TRUE,,,hourly,220,20,,ハイルーフ,5000,1900,2000,2000,5,,https://www.repark.jp/parking_user/time/result/detail/?park=REP0016689&st=4&pref=13
野沢３丁目,repark-rep0008199,東京都世田谷区野沢３丁目３９ー７,35.631963807725,139.67085910455,self_propelled,2,TRUE,,,hourly,220,15,,ハイルーフ,5000,1900,2000,2000,2,,https://www.repark.jp/parking_user/time/result/detail/?park=REP0008199&st=4&pref=13
上用賀１丁目,repark-rep0020071,東京都世田谷区上用賀１丁目２６ー１９,35.633954600752,139.6330149338,self_propelled,5,TRUE,,,hourly,250,15,,ハイルーフ,5000,1900,2000,2000,5,,https://www.repark.jp/parking_user/time/result/detail/?park=REP0020071&st=4&pref=13
深沢８丁目第２,repark-rep0005263,東京都世田谷区深沢８丁目１０－１４,35.626825019019,139.64513370064,self_propelled,5,TRUE,,,hourly,330,20,,ハイルーフ,5000,1900,2000,2000,5,,https://www.repark.jp/parking_user/time/result/detail/?park=REP0005263&st=4&pref=13
太子堂１丁目,repark-rep0025365,東京都世田谷区太子堂１丁目４ー４０,35.646681805579,139.67813560053,self_propelled,7,TRUE,,,hourly,200,20,,ハイルーフ,5000,1900,2000,2000,7,,https://www.repark.jp/parking_user/time/result/detail/?park=REP0025365&st=4&pref=13
三宿２丁目,repark-rep0009939,東京都世田谷区三宿２丁目１０,35.653114425211,139.67668542476,self_propelled,3,TRUE,,,hourly,330,20,,ハイルーフ,5000,1900,2000,2000,3,,https://www.repark.jp/parking_user/time/result/detail/?park=REP0009939&st=4&pref=13
駒沢４丁目第４,repark-rep0011800,東京都世田谷区駒沢４丁目１ー３,35.625691983033,139.65519958285,self_propelled,6,TRUE,,,hourly,220,15,,ハイルーフ,5000,1900,2000,2000,6,,https://www.repark.jp/parking_user/time/result/detail/?park=REP0011800&st=4&pref=13
コーシャハイム経堂フォレスト,repark-rep0024961,東京都世田谷区経堂４丁目３３,35.650163895359,139.62828402532,self_propelled,4,TRUE,,,hourly,220,30,,ハイルーフ,5000,1900,2000,2000,4,,https://www.repark.jp/parking_user/time/result/detail/?park=REP0024961&st=4&pref=13
経堂４丁目第３,repark-rep0014994,東京都世田谷区経堂４丁目３３,35.649591726409,139.62781742341,self_propelled,7,TRUE,,,hourly,220,40,,ハイルーフ,5000,1900,2000,2000,7,,https://www.repark.jp/parking_user/time/result/detail/?park=REP0014994&st=4&pref=13
松原２丁目,repark-rep0001560,東京都世田谷区松原２丁目２１,35.666801389184,139.65028976466,self_propelled,5,TRUE,,,hourly,220,20,,ハイルーフ,5000,1900,2000,2000,5,,https://www.repark.jp/parking_user/time/result/detail/?park=REP0001560&st=4&pref=13
世田谷羽根木２丁目,repark-rep0012429,東京都世田谷区羽根木２丁目２７ー１９,35.666862596055,139.65615316389,self_propelled,2,TRUE,,,hourly,220,12,,ハイルーフ,5000,1900,2000,2000,2,,https://www.repark.jp/parking_user/time/result/detail/?park=REP0012429&st=4&pref=13
世田谷羽根木２丁目第２,repark-rep0016986,東京都世田谷区羽根木２丁目２３ー５,35.667040355963,139.65620592932,self_propelled,5,TRUE,,,hourly,220,12,,ハイルーフ,5000,1900,2000,2000,5,,https://www.repark.jp/parking_user/time/result/detail/?park=REP0016986&st=4&pref=13
赤堤４丁目第２,repark-rep0005478,東京都世田谷区赤堤４丁目３２番地１０,35.663759845102,139.63870197806,self_propelled,2,TRUE,,,hourly,220,12,,ハイルーフ,5000,1900,2000,2000,2,,https://www.repark.jp/parking_user/time/result/detail/?park=REP0005478&st=4&pref=13
野沢３丁目第５,repark-rep0017037,東京都世田谷区野沢３丁目３６ー３,35.633110957462,139.67368937267,self_propelled,4,TRUE,,,hourly,220,20,,ハイルーフ,5000,1900,2000,2000,4,,https://www.repark.jp/parking_user/time/result/detail/?park=REP0017037&st=4&pref=13
下馬３丁目,repark-rep0025186,東京都世田谷区下馬３丁目７ー３,35.633896999523,139.67455593151,self_propelled,4,TRUE,,,hourly,220,20,,ハイルーフ,5000,1900,2000,2000,4,,https://www.repark.jp/parking_user/time/result/detail/?park=REP0025186&st=4&pref=13
深沢８丁目第４,repark-rep0025206,東京都世田谷区深沢８丁目１９ー１９,35.626138937981,139.64264782669,self_propelled,13,TRUE,,,hourly,220,20,,ハイルーフ,5000,1900,2000,2000,13,,https://www.repark.jp/parking_user/time/result/detail/?park=REP0025206&st=4&pref=13
野沢３丁目第３,repark-rep0014158,東京都世田谷区野沢３丁目２８ー４,35.631930519864,139.67323946439,self_propelled,3,TRUE,,,hourly,220,20,,ハイルーフ,5000,1900,2000,2000,3,,https://www.repark.jp/parking_user/time/result/detail/?park=REP0014158&st=4&pref=13
代沢一丁目アパート駐車場,repark-rep0015294,東京都世田谷区代沢１丁目２４ー３,35.656544610384,139.67646028551,self_propelled,7,TRUE,,,hourly,220,20,,ハイルーフ,5000,1900,2000,2000,7,,https://www.repark.jp/parking_user/time/result/detail/?park=REP0015294&st=4&pref=13
赤堤４丁目第４,repark-rep0016049,東京都世田谷区赤堤４丁目４６ー１,35.665493031027,139.64083783188,self_propelled,2,TRUE,,,hourly,330,15,,ハイルーフ,5000,1900,2000,2000,2,,https://www.repark.jp/parking_user/time/result/detail/?park=REP0016049&st=4&pref=13
池尻３丁目,repark-rep0011352,東京都世田谷区池尻３丁目２５ー１６,35.648837157112,139.67968537257,self_propelled,2,TRUE,,,hourly,330,15,,ハイルーフ,5000,1900,2000,2000,2,,https://www.repark.jp/parking_user/time/result/detail/?park=REP0011352&st=4&pref=13
世田谷桜丘３丁目第３,repark-rep0014180,東京都世田谷区桜丘３丁目３２ー１６,35.641095388834,139.62642348541,self_propelled,4,TRUE,,,hourly,220,25,,ハイルーフ,5000,1900,2000,2000,4,,https://www.repark.jp/parking_user/time/result/detail/?park=REP0014180&st=4&pref=13
駒沢５丁目,repark-rep0016593,東京都世田谷区駒沢５丁目２ー７,35.624422738641,139.65885489373,self_propelled,9,TRUE,,,hourly,220,25,,ハイルーフ,5000,1900,2000,2000,9,,https://www.repark.jp/parking_user/time/result/detail/?park=REP0016593&st=4&pref=13
世田谷船橋５丁目第３,repark-rep0019701,東京都世田谷区船橋５丁目１５ー１,35.653632951499,139.62726450525,self_propelled,4,TRUE,,,hourly,330,20,,ハイルーフ,5000,1900,2000,2000,4,,https://www.repark.jp/parking_user/time/result/detail/?park=REP0019701&st=4&pref=13
深沢６丁目第２,repark-rep0028049,東京都世田谷区深沢６丁目４ー１２,35.623886602849,139.65415253094,self_propelled,7,TRUE,,,hourly,220,20,,ハイルーフ,5000,1900,2000,2000,7,,https://www.repark.jp/parking_user/time/result/detail/?park=REP0028049&st=4&pref=13
駒沢５丁目第２,repark-rep0027434,東京都世田谷区駒沢５丁目７ー２０,35.624156088761,139.65820218221,self_propelled,6,TRUE,,,hourly,220,20,,ハイルーフ,5000,1900,2000,2000,6,,https://www.repark.jp/parking_user/time/result/detail/?park=REP0027434&st=4&pref=13
野沢３丁目第２,repark-rep0009536,東京都世田谷区野沢３丁目２９ー１９,35.631336147104,139.67367834432,self_propelled,3,TRUE,,,hourly,200,15,,ハイルーフ,5000,1900,2000,2000,3,,https://www.repark.jp/parking_user/time/result/detail/?park=REP0009536&st=4&pref=13
世田谷船橋５丁目第５,repark-rep0025422,東京都世田谷区船橋５丁目１１ー７,35.656052152796,139.62818376251,self_propelled,10,TRUE,,,hourly,110,15,,ハイルーフ,5000,1900,2000,2000,10,,https://www.repark.jp/parking_user/time/result/detail/?park=REP0025422&st=4&pref=13
世田谷船橋５丁目第４,repark-rep0021224,東京都世田谷区船橋５丁目２ー８,35.65261082269,139.62639795728,self_propelled,4,TRUE,,,hourly,220,15,,ハイルーフ,5000,1900,2000,2000,4,,https://www.repark.jp/parking_user/time/result/detail/?park=REP0021224&st=4&pref=13
深沢７丁目第２,repark-rep0016530,東京都世田谷区深沢７丁目９,35.624303075115,139.64561155409,self_propelled,2,TRUE,,,hourly,220,15,,ハイルーフ,5000,1900,2000,2000,2,,https://www.repark.jp/parking_user/time/result/detail/?park=REP0016530&st=4&pref=13
下馬２丁目第４,repark-rep0020734,東京都世田谷区下馬２丁目６ー１６,35.638990984003,139.67944140222,self_propelled,1,TRUE,,,hourly,220,15,,ハイルーフ,5000,1900,2000,2000,1,,https://www.repark.jp/parking_user/time/result/detail/?park=REP0020734&st=4&pref=13
深沢８丁目第３,repark-rep0020223,東京都世田谷区深沢８丁目１４ー１２,35.624197525,139.6452449234,self_propelled,4,TRUE,,,hourly,220,15,,ハイルーフ,5000,1900,2000,2000,4,,https://www.repark.jp/parking_user/time/result/detail/?park=REP0020223&st=4&pref=13
松原２丁目第２,repark-rep0017377,東京都世田谷区松原２丁目４２ー９,35.669017799076,139.64914253587,self_propelled,3,TRUE,,,hourly,330,12,,ハイルーフ,5000,1900,2000,2000,3,,https://www.repark.jp/parking_user/time/result/detail/?park=REP0017377&st=4&pref=13
北沢４丁目,repark-rep0025536,東京都世田谷区北沢４丁目１２ー１,35.66569904144,139.66817166334,self_propelled,2,TRUE,,,hourly,220,20,,ハイルーフ,5000,1900,2000,2000,2,,https://www.repark.jp/parking_user/time/result/detail/?park=REP0025536&st=4&pref=13
深沢６丁目,repark-rep0006340,東京都世田谷区深沢６丁目２－１６,35.622953376139,139.65458031639,self_propelled,3,TRUE,,,hourly,220,20,,ハイルーフ,5000,1900,2000,2000,3,,https://www.repark.jp/parking_user/time/result/detail/?park=REP0006340&st=4&pref=13
池尻３丁目第２,repark-rep0028554,東京都世田谷区池尻３丁目５ー２２,35.651298026386,139.68091571308,self_propelled,7,TRUE,,,hourly,330,20,,ハイルーフ,5000,1900,2000,2000,7,,https://www.repark.jp/parking_user/time/result/detail/?park=REP0028554&st=4&pref=13
世田谷桜丘２丁目第２,repark-rep0010868,東京都世田谷区桜丘２丁目２０ー１１,35.646317011859,139.62410677137,self_propelled,3,TRUE,,,hourly,220,15,,ハイルーフ,5000,1900,2000,2000,3,,https://www.repark.jp/parking_user/time/result/detail/?park=REP0010868&st=4&pref=13
松原１丁目第３,repark-rep0016768,東京都世田谷区松原１丁目４９ー１６,35.669773350742,139.6535782437,self_propelled,5,TRUE,,,hourly,220,12,,ハイルーフ,5000,1900,2000,2000,5,,https://www.repark.jp/parking_user/time/result/detail/?park=REP0016768&st=4&pref=13
用賀４丁目第３,repark-rep0025661,東京都世田谷区用賀４丁目１２ー３,35.627446991324,139.63459010264,self_propelled,7,TRUE,,,hourly,330,15,,ハイルーフ,5000,1900,2000,2000,7,,https://www.repark.jp/parking_user/time/result/detail/?park=REP0025661&st=4&pref=13
大原１丁目第４,repark-rep0021327,東京都世田谷区大原１丁目２０,35.668618083927,139.66300251422,self_propelled,6,TRUE,,,hourly,220,20,,ハイルーフ,5000,1900,2000,2000,6,,https://www.repark.jp/parking_user/time/result/detail/?park=REP0021327&st=4&pref=13
用賀４丁目第２,repark-rep0016112,東京都世田谷区用賀４丁目１８,35.628421861191,139.6331096257,self_propelled,11,TRUE,,,hourly,200,20,,ハイルーフ,5000,1900,2000,2000,11,,https://www.repark.jp/parking_user/time/result/detail/?park=REP0016112&st=4&pref=13
世田谷船橋１丁目第４,repark-rep0027478,東京都世田谷区船橋１丁目１６ー１０,35.650655434244,139.62395936184,self_propelled,3,TRUE,,,hourly,220,20,,ハイルーフ,5000,1900,2000,2000,3,,https://www.repark.jp/parking_user/time/result/detail/?park=REP0027478&st=4&pref=13
松原１丁目第２,repark-rep0004990,東京都世田谷区松原１丁目３９番１５号,35.670212159961,139.65169782366,self_propelled,5,TRUE,,,hourly,440,15,,ハイルーフ,5000,1900,2000,2000,5,,https://www.repark.jp/parking_user/time/result/detail/?park=REP0004990&st=4&pref=13
代沢１丁目,repark-rep0007533,東京都世田谷区代沢１丁目６ー５,35.657086272058,139.67952945068,self_propelled,2,TRUE,,,hourly,220,15,,ハイルーフ,5000,1900,2000,2000,2,,https://www.repark.jp/parking_user/time/result/detail/?park=REP0007533&st=4&pref=13
大原１丁目第３,repark-rep0018958,東京都世田谷区大原１丁目５２,35.669165234061,139.66223866346,self_propelled,19,TRUE,,,hourly,500,30,,ハイルーフ,5000,1900,2000,2000,19,,https://www.repark.jp/parking_user/time/result/detail/?park=REP0018958&st=4&pref=13
深沢７丁目第３,repark-rep0027154,東京都世田谷区深沢７丁目２２ー１２,35.622250506132,139.64500892165,self_propelled,9,TRUE,,,hourly,220,20,,ハイルーフ,5000,1900,2000,2000,9,,https://www.repark.jp/parking_user/time/result/detail/?park=REP0027154&st=4&pref=13
深沢４丁目第２,repark-rep0009652,東京都世田谷区深沢４丁目４ー１６,35.621975793865,139.65979937196,self_propelled,15,TRUE,,,hourly,200,25,,ハイルーフ,5000,1900,2000,2000,15,,https://www.repark.jp/parking_user/time/result/detail/?park=REP0009652&st=4&pref=13
世田谷桜丘４丁目第２,repark-rep0019074,東京都世田谷区桜丘４丁目１０ー９,35.641536945698,139.62287931541,self_propelled,6,TRUE,,,hourly,220,15,,ハイルーフ,5000,1900,2000,2000,6,,https://www.repark.jp/parking_user/time/result/detail/?park=REP0019074&st=4&pref=13
世田谷桜丘５丁目,repark-rep0002624,東京都世田谷区桜丘５丁目１８－１０,35.645836471841,139.62207918389,self_propelled,4,TRUE,,,hourly,220,15,,ハイルーフ,5000,1900,2000,2000,4,,https://www.repark.jp/parking_user/time/result/detail/?park=REP0002624&st=4&pref=13
世田谷桜丘５丁目第３,repark-rep0004864,東京都世田谷区桜丘５丁目９,35.643297849088,139.62177654791,self_propelled,6,TRUE,,,hourly,220,15,,ハイルーフ,5000,1900,2000,2000,6,,https://www.repark.jp/parking_user/time/result/detail/?park=REP0004864&st=4&pref=13
千歳船橋駅西,repark-rep0027599,東京都世田谷区船橋１丁目３０ー２３,35.647561276729,139.62147082199,self_propelled,9,TRUE,,,hourly,220,15,,ハイルーフ,5000,1900,2000,2000,9,,https://www.repark.jp/parking_user/time/result/detail/?park=REP0027599&st=4&pref=13
下馬６丁目第７,repark-rep0015131,東京都世田谷区下馬６丁目２１ー９,35.629658618593,139.67768919946,self_propelled,4,TRUE,,,hourly,220,20,,ハイルーフ,5000,1900,2000,2000,4,,https://www.repark.jp/parking_user/time/result/detail/?park=REP0015131&st=4&pref=13
世田谷船橋３丁目,repark-rep0008563,東京都世田谷区船橋３丁目１６ー１５,35.654735532502,139.62279538163,self_propelled,4,TRUE,,,hourly,220,25,,ハイルーフ,5000,1900,2000,2000,4,,https://www.repark.jp/parking_user/time/result/detail/?park=REP0008563&st=4&pref=13
上用賀５丁目第２,repark-rep0026885,東京都世田谷区上用賀５丁目２４ー２０,35.632396307705,139.62576005307,self_propelled,3,TRUE,,,hourly,110,15,,ハイルーフ,5000,1900,2000,2000,3,,https://www.repark.jp/parking_user/time/result/detail/?park=REP0026885&st=4&pref=13
野沢３丁目第６,repark-rep0017745,東京都世田谷区野沢３丁目２ー８,35.627903224008,139.67618107254,self_propelled,2,TRUE,,,hourly,220,20,,ハイルーフ,5000,1900,2000,2000,2,,https://www.repark.jp/parking_user/time/result/detail/?park=REP0017745&st=4&pref=13
世田谷船橋４丁目,repark-rep0014754,東京都世田谷区船橋４丁目１ー２２,35.654288349358,139.6222815559,self_propelled,3,TRUE,,,hourly,220,25,,ハイルーフ,5000,1900,2000,2000,3,,https://www.repark.jp/parking_user/time/result/detail/?park=REP0014754&st=4&pref=13
桜上水５丁目第３,repark-rep0024558,東京都世田谷区桜上水５丁目８ー１,35.665242881329,139.63073590435,self_propelled,5,TRUE,,,hourly,220,15,,ハイルーフ,5000,1900,2000,2000,5,,https://www.repark.jp/parking_user/time/result/detail/?park=REP0024558&st=4&pref=13
桜上水５丁目第２,repark-rep0021852,東京都世田谷区桜上水５丁目８,35.665595623074,139.63087754335,self_propelled,11,TRUE,,,hourly,220,15,,ハイルーフ,5000,1900,2000,2000,11,,https://www.repark.jp/parking_user/time/result/detail/?park=REP0021852&st=4&pref=13
玉川台２丁目第２,repark-rep0007734,東京都世田谷区玉川台２丁目２３ー８,35.62535273627,139.632640361,self_propelled,2,TRUE,,,hourly,220,15,,ハイルーフ,5000,1900,2000,2000,2,,https://www.repark.jp/parking_user/time/result/detail/?park=REP0007734&st=4&pref=13
深沢５丁目,repark-rep0004778,東京都世田谷区深沢５丁目３５－７,35.619600860085,139.64904759625,self_propelled,3,TRUE,,,hourly,220,20,,ハイルーフ,5000,1900,2000,2000,3,,https://www.repark.jp/parking_user/time/result/detail/?park=REP0004778&st=4&pref=13
下馬１丁目第９,repark-rep0026198,東京都世田谷区下馬１丁目８ー４,35.639718784779,139.68520200129,self_propelled,7,TRUE,,,hourly,220,15,,ハイルーフ,5000,1900,2000,2000,7,,https://www.repark.jp/parking_user/time/result/detail/?park=REP0026198&st=4&pref=13
世田谷中町５丁目第２,repark-rep0028756,東京都世田谷区中町５丁目２‐１２,35.619964635605,139.64477849004,self_propelled,6,TRUE,,,hourly,220,15,,ハイルーフ,5000,1900,2000,2000,6,,https://www.repark.jp/parking_user/time/result/detail/?park=REP0028756&st=4&pref=13
桜上水４丁目,repark-rep0023647,東京都世田谷区桜上水４丁目１７ー７,35.667864860042,139.63286338493,self_propelled,3,TRUE,,,hourly,330,12,,ハイルーフ,5000,1900,2000,2000,3,,https://www.repark.jp/parking_user/time/result/detail/?park=REP0023647&st=4&pref=13
世田谷桜丘４丁目第３,repark-rep0027353,東京都世田谷区桜丘４丁目２３ー１７,35.642400688263,139.61978508861,self_propelled,2,TRUE,,,hourly,220,20,,ハイルーフ,5000,1900,2000,2000,2,,https://www.repark.jp/parking_user/time/result/detail/?park=REP0027353&st=4&pref=13
玉川台２丁目第５,repark-rep0023586,東京都世田谷区玉川台２丁目３６ー１１,35.626488667986,139.62933225043,self_propelled,2,TRUE,,,hourly,220,15,,ハイルーフ,5000,1900,2000,2000,2,,https://www.repark.jp/parking_user/time/result/detail/?park=REP0023586&st=4&pref=13
北沢５丁目,repark-rep0012970,東京都世田谷区北沢５丁目３４ー９,35.671140136447,139.6687435873,self_propelled,2,TRUE,,,hourly,220,20,,ハイルーフ,5000,1900,2000,2000,2,,https://www.repark.jp/parking_user/time/result/detail/?park=REP0012970&st=4&pref=13
砧１丁目,repark-rep0013831,東京都世田谷区砧１丁目３１ー１５,35.64063141575,139.6187685875,self_propelled,1,TRUE,,,hourly,220,15,,ハイルーフ,5000,1900,2000,2000,1,,https://www.repark.jp/parking_user/time/result/detail/?park=REP0013831&st=4&pref=13
世田谷桜丘５丁目第５,repark-rep0025983,東京都世田谷区桜丘５丁目５１ー１,35.647744525583,139.61771834719,self_propelled,3,TRUE,,,hourly,220,20,,ハイルーフ,5000,1900,2000,2000,3,,https://www.repark.jp/parking_user/time/result/detail/?park=REP0025983&st=4&pref=13
世田谷大蔵１丁目,repark-rep0010218,東京都世田谷区大蔵１丁目５ー２,35.635023707272,139.62024094544,self_propelled,2,TRUE,,,hourly,220,20,,ハイルーフ,5000,1900,2000,2000,2,,https://www.repark.jp/parking_user/time/result/detail/?park=REP0010218&st=4&pref=13
下馬６丁目第８,repark-rep0020979,東京都世田谷区下馬６丁目３,35.625661835253,139.67832821943,self_propelled,4,TRUE,,,hourly,220,20,,ハイルーフ,5000,1900,2000,2000,4,,https://www.repark.jp/parking_user/time/result/detail/?park=REP0020979&st=4&pref=13
下馬６丁目第９,repark-rep0020980,東京都世田谷区下馬６丁目３,35.625461859651,139.67850043634,self_propelled,6,TRUE,,,hourly,220,20,,ハイルーフ,5000,1900,2000,2000,6,,https://www.repark.jp/parking_user/time/result/detail/?park=REP0020980&st=4&pref=13
瀬田３丁目,repark-rep0008819,東京都世田谷区瀬田３丁目８ー８,35.621092106658,139.63410988014,self_propelled,5,TRUE,,,hourly,220,25,,ハイルーフ,5000,1900,2000,2000,5,,https://www.repark.jp/parking_user/time/result/detail/?park=REP0008819&st=4&pref=13
瀬田３丁目第２,repark-rep0014594,東京都世田谷区瀬田３丁目９,35.620328325892,139.63562923313,self_propelled,26,TRUE,,,hourly,220,25,,ハイルーフ,5000,1900,2000,2000,26,,https://www.repark.jp/parking_user/time/result/detail/?park=REP0014594&st=4&pref=13
千歳台１丁目第３,repark-rep0025052,東京都世田谷区千歳台１丁目２２ー１１,35.647000141912,139.61667124643,self_propelled,5,TRUE,,,hourly,220,20,,ハイルーフ,5000,1900,2000,2000,5,,https://www.repark.jp/parking_user/time/result/detail/?park=REP0025052&st=4&pref=13
世田谷船橋４丁目第２,repark-rep0027338,東京都世田谷区船橋４丁目４０ー１７,35.653785547949,139.61786250105,self_propelled,5,TRUE,,,hourly,220,20,,ハイルーフ,5000,1900,2000,2000,5,,https://www.repark.jp/parking_user/time/result/detail/?park=REP0027338&st=4&pref=13
千歳台１丁目第４,repark-rep0026174,東京都世田谷区千歳台１丁目４０ー１４,35.648516646947,139.61668506445,self_propelled,5,TRUE,,,hourly,220,20,,ハイルーフ,5000,1900,2000,2000,5,,https://www.repark.jp/parking_user/time/result/detail/?park=REP0026174&st=4&pref=13
深沢３丁目,repark-rep0014487,東京都世田谷区深沢３丁目３ー６,35.616593027978,139.65930521686,self_propelled,4,TRUE,,,hourly,220,12,,ハイルーフ,5000,1900,2000,2000,4,,https://www.repark.jp/parking_user/time/result/detail/?park=REP0014487&st=4&pref=13
砧４丁目第２,repark-rep0014759,東京都世田谷区砧４丁目２１ー１５,35.640725807784,139.61637156023,self_propelled,3,TRUE,,,hourly,330,20,,ハイルーフ,5000,1900,2000,2000,3,,https://www.repark.jp/parking_user/time/result/detail/?park=REP0014759&st=4&pref=13
砧１丁目第３,repark-rep0023254,東京都世田谷区砧１丁目８ー２,35.635123662232,139.61827443716,self_propelled,7,TRUE,,,hourly,220,30,,ハイルーフ,5000,1900,2000,2000,7,,https://www.repark.jp/parking_user/time/result/detail/?park=REP0023254&st=4&pref=13
玉川台２丁目第６,repark-rep0028639,東京都世田谷区玉川台２丁目１２‐３,35.62305569146,139.62871857047,self_propelled,2,TRUE,,,hourly,300,20,,ハイルーフ,5000,1900,2000,2000,2,,https://www.repark.jp/parking_user/time/result/detail/?park=REP0028639&st=4&pref=13
砧４丁目第４,repark-rep0017067,東京都世田谷区砧４丁目２６,35.64273113008,139.61527155924,self_propelled,4,TRUE,,,hourly,330,20,,ハイルーフ,5000,1900,2000,2000,4,,https://www.repark.jp/parking_user/time/result/detail/?park=REP0017067&st=4&pref=13
世田谷中町３丁目,repark-rep0026253,東京都世田谷区中町３丁目１３ー１６,35.615465142494,139.64624524242,self_propelled,4,TRUE,,,hourly,220,15,,ハイルーフ,5000,1900,2000,2000,4,,https://www.repark.jp/parking_user/time/result/detail/?park=REP0026253&st=4&pref=13
瀬田２丁目第２,repark-rep0028905,東京都世田谷区瀬田２丁目２８‐１５,35.620081056401,139.63139626306,self_propelled,14,TRUE,,,hourly,220,20,,ハイルーフ,5000,1900,2000,2000,14,,https://www.repark.jp/parking_user/time/result/detail/?park=REP0028905&st=4&pref=13
千歳台２丁目第３,repark-rep0017296,東京都世田谷区千歳台２丁目２６ー８,35.64982479607,139.61416854621,self_propelled,12,TRUE,,,hourly,220,25,,ハイルーフ,5000,1900,2000,2000,12,,https://www.repark.jp/parking_user/time/result/detail/?park=REP0017296&st=4&pref=13
デニーズ千歳船橋店駐車場,repark-rep0028316,東京都世田谷区船橋７丁目１７ー１０デニーズ千歳船橋店,35.656413002849,139.61545424707,self_propelled,20,TRUE,,,hourly,200,20,,ハイルーフ,5000,1900,2000,2000,20,,https://www.repark.jp/parking_user/time/result/detail/?park=REP0028316&st=4&pref=13
紀ノ國屋等々力店第２駐車場,repark-rep0011148,東京都世田谷区等々力７丁目１７ー２４,35.614126622459,139.6591720075,self_propelled,25,TRUE,,,hourly,100,15,,ハイルーフ,5000,1900,2000,2000,25,,https://www.repark.jp/parking_user/time/result/detail/?park=REP0011148&st=4&pref=13
世田谷大蔵２丁目第２,repark-rep0007270,東京都世田谷区大蔵２丁目５ー１３,35.634965282422,139.61462474755,self_propelled,3,TRUE,,,hourly,220,20,,ハイルーフ,5000,1900,2000,2000,3,,https://www.repark.jp/parking_user/time/result/detail/?park=REP0007270&st=4&pref=13
瀬田４丁目,repark-rep0026528,東京都世田谷区瀬田４丁目３４ー４,35.620891991344,139.62628276139,self_propelled,5,TRUE,,,hourly,220,20,,ハイルーフ,5000,1900,2000,2000,5,,https://www.repark.jp/parking_user/time/result/detail/?park=REP0026528&st=4&pref=13
世田谷大蔵２丁目,repark-rep0003568,東京都世田谷区大蔵２丁目５,35.634845848237,139.61445532312,self_propelled,3,TRUE,,,hourly,220,20,,ハイルーフ,5000,1900,2000,2000,3,,https://www.repark.jp/parking_user/time/result/detail/?park=REP0003568&st=4&pref=13
八幡山３丁目第３,repark-rep0018867,東京都世田谷区八幡山３丁目１０ー７,35.664481639251,139.61857028375,self_propelled,5,TRUE,,,hourly,330,30,,ハイルーフ,5000,1900,2000,2000,5,,https://www.repark.jp/parking_user/time/result/detail/?park=REP0018867&st=4&pref=13
世田谷岡本１丁目,repark-rep0011166,東京都世田谷区岡本１丁目３０ー１１,35.6266023609,139.61880256367,self_propelled,5,TRUE,,,hourly,220,30,,ハイルーフ,5000,1900,2000,2000,5,,https://www.repark.jp/parking_user/time/result/detail/?park=REP0011166&st=4&pref=13
瀬田１丁目第２,repark-rep0010465,東京都世田谷区瀬田１丁目２５ー５,35.615734335526,139.63346851312,self_propelled,3,TRUE,,,hourly,220,15,,ハイルーフ,5000,1900,2000,2000,3,,https://www.repark.jp/parking_user/time/result/detail/?park=REP0010465&st=4&pref=13
砧３丁目第２,repark-rep0015963,東京都世田谷区砧３丁目３ー１５,35.635390205824,139.61284154308,self_propelled,5,TRUE,,,hourly,220,25,,ハイルーフ,5000,1900,2000,2000,5,,https://www.repark.jp/parking_user/time/result/detail/?park=REP0015963&st=4&pref=13
砧３丁目,repark-rep0010995,東京都世田谷区砧３丁目３ー１２,35.635640177243,139.61273598534,self_propelled,4,TRUE,,,hourly,220,25,,ハイルーフ,5000,1900,2000,2000,4,,https://www.repark.jp/parking_user/time/result/detail/?park=REP0010995&st=4&pref=13
上野毛１丁目第４,repark-rep0023106,東京都世田谷区上野毛１丁目３０ー１８,35.614009597439,139.63790155738,self_propelled,4,TRUE,,,hourly,220,15,,ハイルーフ,5000,1900,2000,2000,4,,https://www.repark.jp/parking_user/time/result/detail/?park=REP0023106&st=4&pref=13
世田谷中町２丁目第２,repark-rep0006969,東京都世田谷区中町２丁目７番,35.61212105138,139.64597041923,self_propelled,4,TRUE,,,hourly,110,15,,ハイルーフ,5000,1900,2000,2000,4,,https://www.repark.jp/parking_user/time/result/detail/?park=REP0006969&st=4&pref=13
砧６丁目第３,repark-rep0012409,東京都世田谷区砧６丁目１５ー２,35.643122670121,139.61045805197,self_propelled,2,TRUE,,,hourly,220,30,,ハイルーフ,5000,1900,2000,2000,2,,https://www.repark.jp/parking_user/time/result/detail/?park=REP0012409&st=4&pref=13
等々力６丁目,repark-rep0008675,東京都世田谷区等々力６丁目７ー１５,35.611587995709,139.65858328528,self_propelled,6,TRUE,,,hourly,220,15,,ハイルーフ,5000,1900,2000,2000,6,,https://www.repark.jp/parking_user/time/result/detail/?park=REP0008675&st=4&pref=13
世田谷岡本１丁目第２,repark-rep0020607,東京都世田谷区岡本１丁目３５ー７,35.626549565696,139.61749434175,self_propelled,2,TRUE,,,hourly,220,20,,ハイルーフ,5000,1900,2000,2000,2,,https://www.repark.jp/parking_user/time/result/detail/?park=REP0020607&st=4&pref=13
等々力６丁目第２,repark-rep0026031,東京都世田谷区等々力６丁目７ー１２,35.611251917328,139.65844997783,self_propelled,3,TRUE,,,hourly,220,15,,ハイルーフ,5000,1900,2000,2000,3,,https://www.repark.jp/parking_user/time/result/detail/?park=REP0026031&st=4&pref=13
祖師谷１丁目,repark-rep0016046,東京都世田谷区祖師谷１丁目３１,35.646541736896,139.60974128706,self_propelled,7,TRUE,,,hourly,220,25,,ハイルーフ,5000,1900,2000,2000,7,,https://www.repark.jp/parking_user/time/result/detail/?park=REP0016046&st=4&pref=13
吉野家上北沢店,repark-rep0018550,東京都世田谷区上北沢５丁目２ー４,35.670900457525,139.62205303194,self_propelled,14,TRUE,,,hourly,500,30,,ハイルーフ,5000,1900,2000,2000,14,,https://www.repark.jp/parking_user/time/result/detail/?park=REP0018550&st=4&pref=13
等々力５丁目第４,repark-rep0016089,東京都世田谷区等々力５丁目２９ー３,35.61060195148,139.65642517592,self_propelled,3,TRUE,,,hourly,220,20,,ハイルーフ,5000,1900,2000,2000,3,,https://www.repark.jp/parking_user/time/result/detail/?park=REP0016089&st=4&pref=13
上北沢５丁目第２,repark-rep0019318,東京都世田谷区上北沢５丁目３ー１６,35.67100321711,139.6216280625,self_propelled,3,TRUE,,,hourly,220,15,,ハイルーフ,5000,1900,2000,2000,3,,https://www.repark.jp/parking_user/time/result/detail/?park=REP0019318&st=4&pref=13
上野毛駅前,repark-rep0028708,東京都世田谷区上野毛１丁目１２‐１７,35.611484896206,139.63954598206,self_propelled,2,TRUE,,,hourly,220,20,,ハイルーフ,5000,1900,2000,2000,2,,https://www.repark.jp/parking_user/time/result/detail/?park=REP0028708&st=4&pref=13
等々力５丁目第５,repark-rep0016376,東京都世田谷区等々力５丁目２３ー１４,35.609985390436,139.65865835284,self_propelled,3,TRUE,,,hourly,220,15,,ハイルーフ,5000,1900,2000,2000,3,,https://www.repark.jp/parking_user/time/result/detail/?park=REP0016376&st=4&pref=13
砧５丁目,repark-rep0018214,東京都世田谷区砧５丁目２１ー１２,35.64003685891,139.60872500399,self_propelled,6,TRUE,,,hourly,220,20,,ハイルーフ,5000,1900,2000,2000,6,,https://www.repark.jp/parking_user/time/result/detail/?park=REP0018214&st=4&pref=13
上野毛３丁目,repark-rep0011065,東京都世田谷区上野毛３丁目１ー６,35.611729281463,139.63767945882,self_propelled,8,TRUE,,,hourly,200,15,,ハイルーフ,5000,1900,2000,2000,8,,https://www.repark.jp/parking_user/time/result/detail/?park=REP0011065&st=4&pref=13
祖師谷５丁目,repark-rep0021290,東京都世田谷区祖師谷５丁目２７,35.651982798333,139.60839114865,self_propelled,4,TRUE,,,hourly,220,25,,ハイルーフ,5000,1900,2000,2000,4,,https://www.repark.jp/parking_user/time/result/detail/?park=REP0021290&st=4&pref=13
八幡山３丁目第２,repark-rep0014930,東京都世田谷区八幡山３丁目３２ー５,35.668514504115,139.61646471691,self_propelled,4,TRUE,,,hourly,220,15,,ハイルーフ,5000,1900,2000,2000,4,,https://www.repark.jp/parking_user/time/result/detail/?park=REP0014930&st=4&pref=13
砧８丁目第３,repark-rep0025867,東京都世田谷区砧８丁目８ー１４,35.641969962709,139.6073833604,self_propelled,4,TRUE,,,hourly,100,10,,ハイルーフ,5000,1900,2000,2000,4,,https://www.repark.jp/parking_user/time/result/detail/?park=REP0025867&st=4&pref=13
二子玉川駅北,repark-rep0025170,東京都世田谷区玉川２丁目２５ー８,35.614314955404,139.62849121384,self_propelled,16,TRUE,,,hourly,350,10,,ハイルーフ,5000,1900,2000,2000,16,,https://www.repark.jp/parking_user/time/result/detail/?park=REP0025170&st=4&pref=13
玉川４丁目,repark-rep0015938,東京都世田谷区玉川４丁目５ー１６,35.615381471698,139.62639411689,self_propelled,11,TRUE,,,hourly,330,15,,ハイルーフ,5000,1900,2000,2000,11,,https://www.repark.jp/parking_user/time/result/detail/?park=REP0015938&st=4&pref=13
上北沢４丁目,repark-rep0014485,東京都世田谷区上北沢４丁目３０ー６,35.671180922298,139.61854775414,self_propelled,9,TRUE,,,hourly,330,20,,ハイルーフ,5000,1900,2000,2000,9,,https://www.repark.jp/parking_user/time/result/detail/?park=REP0014485&st=4&pref=13
砧８丁目,repark-rep0001249,東京都世田谷区砧８丁目６－６,35.640770088138,139.60721676249,self_propelled,4,TRUE,,,hourly,220,20,,ハイルーフ,5000,1900,2000,2000,4,,https://www.repark.jp/parking_user/time/result/detail/?park=REP0001249&st=4&pref=13
等々力４丁目,repark-rep0006829,東京都世田谷区等々力４丁目５－８,35.608474280768,139.64948140656,self_propelled,3,TRUE,,,hourly,220,15,,ハイルーフ,5000,1900,2000,2000,3,,https://www.repark.jp/parking_user/time/result/detail/?park=REP0006829&st=4&pref=13
上野毛１丁目第２,repark-rep0010123,東京都世田谷区上野毛１丁目９ー６,35.609973944491,139.6394127287,self_propelled,5,TRUE,,,hourly,220,15,,ハイルーフ,5000,1900,2000,2000,5,,https://www.repark.jp/parking_user/time/result/detail/?park=REP0010123&st=4&pref=13
等々力５丁目第３,repark-rep0015033,東京都世田谷区等々力５丁目６ー１３,35.607866095414,139.65426714812,self_propelled,2,TRUE,,,hourly,220,12,,ハイルーフ,5000,1900,2000,2000,2,,https://www.repark.jp/parking_user/time/result/detail/?park=REP0015033&st=4&pref=13
祖師谷４丁目第２,repark-rep0022782,東京都世田谷区祖師谷４丁目１８,35.647622104243,139.6056138021,self_propelled,4,TRUE,,,hourly,220,25,,ハイルーフ,5000,1900,2000,2000,4,,https://www.repark.jp/parking_user/time/result/detail/?park=REP0022782&st=4&pref=13
上北沢５丁目第３,repark-rep0022618,東京都世田谷区上北沢５丁目２８,35.673327929158,139.61937814231,self_propelled,4,TRUE,,,hourly,220,20,,ハイルーフ,5000,1900,2000,2000,4,,https://www.repark.jp/parking_user/time/result/detail/?park=REP0022618&st=4&pref=13
玉川３丁目,repark-rep0003375,東京都世田谷区玉川３丁目２３－２６,35.614748186107,139.6252303537,self_propelled,8,TRUE,,,hourly,330,12,,ハイルーフ,5000,1900,2000,2000,8,,https://www.repark.jp/parking_user/time/result/detail/?park=REP0003375&st=4&pref=13
粕谷３丁目,repark-rep0007133,東京都世田谷区粕谷３丁目１－１０,35.658765397075,139.60788810011,self_propelled,6,TRUE,,,hourly,220,25,,ハイルーフ,5000,1900,2000,2000,6,,https://www.repark.jp/parking_user/time/result/detail/?park=REP0007133&st=4&pref=13
等々力５丁目第２,repark-rep0010292,東京都世田谷区等々力５丁目４ー１５,35.607010656705,139.65568651363,self_propelled,4,TRUE,,,hourly,220,25,,ハイルーフ,5000,1900,2000,2000,4,,https://www.repark.jp/parking_user/time/result/detail/?park=REP0010292&st=4&pref=13
世田谷大蔵５丁目,repark-rep0016804,東京都世田谷区大蔵５丁目９ー１０,35.631907161442,139.60803654751,self_propelled,4,TRUE,,,hourly,220,30,,ハイルーフ,5000,1900,2000,2000,4,,https://www.repark.jp/parking_user/time/result/detail/?park=REP0016804&st=4&pref=13
上北沢５丁目第４,repark-rep0028312,東京都世田谷区上北沢５丁目１４ー３,35.673022361158,139.61682003583,self_propelled,12,TRUE,,,hourly,220,20,,ハイルーフ,5000,1900,2000,2000,12,,https://www.repark.jp/parking_user/time/result/detail/?park=REP0028312&st=4&pref=13
鎌田３丁目,repark-rep0007542,東京都世田谷区鎌田３丁目８ー１５,35.618964255892,139.61691418321,self_propelled,4,TRUE,,,hourly,220,20,,ハイルーフ,5000,1900,2000,2000,4,,https://www.repark.jp/parking_user/time/result/detail/?park=REP0007542&st=4&pref=13
等々力５丁目,repark-rep0009090,東京都世田谷区等々力５丁目１ー２,35.6062107737,139.65748640098,self_propelled,9,TRUE,,,hourly,220,20,,ハイルーフ,5000,1900,2000,2000,9,,https://www.repark.jp/parking_user/time/result/detail/?park=REP0009090&st=4&pref=13
世田谷大蔵５丁目第２,repark-rep0022613,東京都世田谷区大蔵５丁目１５,35.630893367197,139.60725332524,self_propelled,6,TRUE,,,hourly,220,30,,ハイルーフ,5000,1900,2000,2000,6,,https://www.repark.jp/parking_user/time/result/detail/?park=REP0022613&st=4&pref=13
尾山台３丁目第７,repark-rep0025250,東京都世田谷区尾山台３丁目２４ー５,35.605738541129,139.65398949114,self_propelled,3,TRUE,,,hourly,220,12,,ハイルーフ,5000,1900,2000,2000,3,,https://www.repark.jp/parking_user/time/result/detail/?park=REP0025250&st=4&pref=13
尾山台３丁目第６,repark-rep0018912,東京都世田谷区尾山台３丁目２１ー６,35.60552187649,139.65279793308,self_propelled,5,TRUE,,,hourly,220,12,,ハイルーフ,5000,1900,2000,2000,5,,https://www.repark.jp/parking_user/time/result/detail/?park=REP0018912&st=4&pref=13
尾山台３丁目第４,repark-rep0010043,東京都世田谷区尾山台３丁目２１ー１３,35.605280243001,139.65323679676,self_propelled,5,TRUE,,,hourly,200,12,,ハイルーフ,5000,1900,2000,2000,5,,https://www.repark.jp/parking_user/time/result/detail/?park=REP0010043&st=4&pref=13
上野毛２丁目,repark-rep0028013,東京都世田谷区上野毛２丁目２３ー１４,35.607946299437,139.63460766613,self_propelled,34,TRUE,,,hourly,220,20,,ハイルーフ,5000,1900,2000,2000,34,,https://www.repark.jp/parking_user/time/result/detail/?park=REP0028013&st=4&pref=13
等々力２丁目第２,repark-rep0011973,東京都世田谷区等々力２丁目１６ー１６,35.604894159131,139.65242577089,self_propelled,4,TRUE,,,hourly,220,12,,ハイルーフ,5000,1900,2000,2000,4,,https://www.repark.jp/parking_user/time/result/detail/?park=REP0011973&st=4&pref=13
等々力２丁目第３,repark-rep0024935,東京都世田谷区等々力２丁目４ー８,35.604866352812,139.65063425495,self_propelled,4,TRUE,,,hourly,220,25,,ハイルーフ,5000,1900,2000,2000,4,,https://www.repark.jp/parking_user/time/result/detail/?park=REP0024935&st=4&pref=13
尾山台３丁目第５,repark-rep0010520,東京都世田谷区尾山台３丁目１０ー７,35.604799726444,139.65249521447,self_propelled,5,TRUE,,,hourly,220,12,,ハイルーフ,5000,1900,2000,2000,5,,https://www.repark.jp/parking_user/time/result/detail/?park=REP0010520&st=4&pref=13
等々力２丁目第５,repark-rep0026639,東京都世田谷区等々力２丁目５ー２７,35.604821907986,139.65031483853,self_propelled,4,TRUE,,,hourly,220,20,,ハイルーフ,5000,1900,2000,2000,4,,https://www.repark.jp/parking_user/time/result/detail/?park=REP0026639&st=4&pref=13
鎌田４丁目,repark-rep0009537,東京都世田谷区鎌田４丁目９ー６,35.621933285754,139.61132839939,self_propelled,3,TRUE,,,hourly,220,30,,ハイルーフ,5000,1900,2000,2000,3,,https://www.repark.jp/parking_user/time/result/detail/?park=REP0009537&st=4&pref=13
尾山台３丁目第８,repark-rep0027764,東京都世田谷区尾山台３丁目１５ー２,35.604149873482,139.65693376478,self_propelled,10,TRUE,,,hourly,220,15,,ハイルーフ,5000,1900,2000,2000,10,,https://www.repark.jp/parking_user/time/result/detail/?park=REP0027764&st=4&pref=13
コーシャハイム芦花公園,repark-rep0025615,東京都世田谷区南烏山２丁目６,35.665620194861,139.60651289868,self_propelled,5,TRUE,,,hourly,110,15,,ハイルーフ,5000,1900,2000,2000,5,,https://www.repark.jp/parking_user/time/result/detail/?park=REP0025615&st=4&pref=13
奥沢８丁目,repark-rep0004884,東京都世田谷区奥沢８丁目２０－４,35.603752724304,139.65872807805,self_propelled,10,TRUE,,,hourly,220,15,,ハイルーフ,5000,1900,2000,2000,10,,https://www.repark.jp/parking_user/time/result/detail/?park=REP0004884&st=4&pref=13
世田谷大蔵６丁目,repark-rep0020521,東京都世田谷区大蔵６丁目２０ー２８,35.625063436134,139.60733136521,self_propelled,2,TRUE,,,hourly,330,25,,ハイルーフ,5000,1900,2000,2000,2,,https://www.repark.jp/parking_user/time/result/detail/?park=REP0020521&st=4&pref=13
奥沢６丁目第４,repark-rep0015366,東京都世田谷区奥沢６丁目１１ー９,35.603816647511,139.66107787996,self_propelled,8,TRUE,,,hourly,250,20,,ハイルーフ,5000,1900,2000,2000,8,,https://www.repark.jp/parking_user/time/result/detail/?park=REP0015366&st=4&pref=13
奥沢５丁目第４,repark-rep0011924,東京都世田谷区奥沢５丁目２３ー２５,35.605841610234,139.67134360115,self_propelled,2,TRUE,,,hourly,330,15,,ハイルーフ,5000,1900,2000,2000,2,,https://www.repark.jp/parking_user/time/result/detail/?park=REP0011924&st=4&pref=13
成城６丁目第２,repark-rep0017779,東京都世田谷区成城６丁目２０ー２１,35.642250360799,139.60011728393,self_propelled,6,TRUE,,,hourly,220,15,,ハイルーフ,5000,1900,2000,2000,6,,https://www.repark.jp/parking_user/time/result/detail/?park=REP0017779&st=4&pref=13
粕谷４丁目,repark-rep0014034,東京都世田谷区粕谷４丁目１７ー１２,35.664245298451,139.60402427966,self_propelled,2,TRUE,,,hourly,220,20,,ハイルーフ,5000,1900,2000,2000,2,,https://www.repark.jp/parking_user/time/result/detail/?park=REP0014034&st=4&pref=13
粕谷４丁目第２,repark-rep0027866,東京都世田谷区粕谷４丁目８ー１２,35.664609149115,139.60405759414,self_propelled,4,TRUE,,,hourly,220,20,,ハイルーフ,5000,1900,2000,2000,4,,https://www.repark.jp/parking_user/time/result/detail/?park=REP0027866&st=4&pref=13
野毛１丁目,repark-rep0028684,東京都世田谷区野毛１丁目１０‐２２,35.602708140477,139.64432654418,self_propelled,3,TRUE,,,hourly,220,30,,ハイルーフ,5000,1900,2000,2000,3,,https://www.repark.jp/parking_user/time/result/detail/?park=REP0028684&st=4&pref=13
南烏山３丁目第４,repark-rep0020418,東京都世田谷区南烏山３丁目３ー１４,35.671275182237,139.60858746599,self_propelled,3,TRUE,,,hourly,330,20,,ハイルーフ,5000,1900,2000,2000,3,,https://www.repark.jp/parking_user/time/result/detail/?park=REP0020418&st=4&pref=13
尾山台２丁目第２,repark-rep0016484,東京都世田谷区尾山台２丁目２２ー１５,35.602105602651,139.65438684743,self_propelled,5,TRUE,,,hourly,220,20,,ハイルーフ,5000,1900,2000,2000,5,,https://www.repark.jp/parking_user/time/result/detail/?park=REP0016484&st=4&pref=13
等々力１丁目,repark-rep0028687,東京都世田谷区等々力１丁目１７‐２,35.602149938744,139.64842345164,self_propelled,15,TRUE,,,hourly,220,30,,ハイルーフ,5000,1900,2000,2000,15,,https://www.repark.jp/parking_user/time/result/detail/?park=REP0028687&st=4&pref=13
上祖師谷３丁目,repark-rep0007056,東京都世田谷区上祖師谷３丁目２０番,35.657115443048,139.60041657459,self_propelled,4,TRUE,,,hourly,220,30,,ハイルーフ,5000,1900,2000,2000,4,,https://www.repark.jp/parking_user/time/result/detail/?park=REP0007056&st=4&pref=13
玉川田園調布２丁目,repark-rep0027815,東京都世田谷区玉川田園調布２丁目１５ー１４,35.602833491815,139.66520813821,self_propelled,17,TRUE,,,hourly,330,12,,ハイルーフ,5000,1900,2000,2000,17,,https://www.repark.jp/parking_user/time/result/detail/?park=REP0027815&st=4&pref=13
奥沢２丁目,repark-rep0013127,東京都世田谷区奥沢２丁目５ー７,35.605230617712,139.6743850427,self_propelled,3,TRUE,,,hourly,220,12,,ハイルーフ,5000,1900,2000,2000,3,,https://www.repark.jp/parking_user/time/result/detail/?park=REP0013127&st=4&pref=13
南烏山３丁目第６,repark-rep0026492,東京都世田谷区南烏山３丁目６ー８,35.670844653414,139.60750702055,self_propelled,5,TRUE,,,hourly,220,15,,ハイルーフ,5000,1900,2000,2000,5,,https://www.repark.jp/parking_user/time/result/detail/?park=REP0026492&st=4&pref=13
成城７丁目,repark-rep0011629,東京都世田谷区成城７丁目８ー６,35.64581105698,139.59817283746,self_propelled,6,TRUE,,,hourly,220,20,,ハイルーフ,5000,1900,2000,2000,6,,https://www.repark.jp/parking_user/time/result/detail/?park=REP0011629&st=4&pref=13
南烏山３丁目第８,repark-rep0026949,東京都世田谷区南烏山３丁目５ー１４,35.671569581551,139.60783196018,self_propelled,3,TRUE,,,hourly,330,15,,ハイルーフ,5000,1900,2000,2000,3,,https://www.repark.jp/parking_user/time/result/detail/?park=REP0026949&st=4&pref=13
南烏山３丁目第７,repark-rep0026494,東京都世田谷区南烏山３丁目７ー２３,35.670877978512,139.60720148838,self_propelled,4,TRUE,,,hourly,220,15,,ハイルーフ,5000,1900,2000,2000,4,,https://www.repark.jp/parking_user/time/result/detail/?park=REP0026494&st=4&pref=13
南烏山３丁目第５,repark-rep0026490,東京都世田谷区南烏山３丁目５－９,35.671547359211,139.60767641812,self_propelled,8,TRUE,,,hourly,330,15,,ハイルーフ,5000,1900,2000,2000,8,,https://www.repark.jp/parking_user/time/result/detail/?park=REP0026490&st=4&pref=13
南烏山５丁目第４,repark-rep0026651,東京都世田谷区南烏山５丁目６ー１２,35.668169883135,139.60427963374,self_propelled,3,TRUE,,,hourly,220,15,,ハイルーフ,5000,1900,2000,2000,3,,https://www.repark.jp/parking_user/time/result/detail/?park=REP0026651&st=4&pref=13
南烏山５丁目第３,repark-rep0026649,東京都世田谷区南烏山５丁目６ー１０,35.668161546951,139.6040463205,self_propelled,3,TRUE,,,hourly,220,20,,ハイルーフ,5000,1900,2000,2000,3,,https://www.repark.jp/parking_user/time/result/detail/?park=REP0026649&st=4&pref=13
南烏山３丁目第２,repark-rep0015880,東京都世田谷区南烏山３丁目２１ー３,35.671613999191,139.60653762063,self_propelled,6,TRUE,,,hourly,330,15,,ハイルーフ,5000,1900,2000,2000,6,,https://www.repark.jp/parking_user/time/result/detail/?park=REP0015880&st=4&pref=13
南烏山５丁目第２,repark-rep0015873,東京都世田谷区南烏山５丁目５,35.667183856206,139.60305478087,self_propelled,20,TRUE,,,hourly,200,30,,ハイルーフ,5000,1900,2000,2000,20,,https://www.repark.jp/parking_user/time/result/detail/?park=REP0015873&st=4&pref=13
世田谷喜多見３丁目,repark-rep0012505,東京都世田谷区喜多見３丁目５ー４,35.625657735865,139.6026539483,self_propelled,4,TRUE,,,hourly,220,30,,ハイルーフ,5000,1900,2000,2000,4,,https://www.repark.jp/parking_user/time/result/detail/?park=REP0012505&st=4&pref=13
玉堤２丁目,repark-rep0016594,東京都世田谷区玉堤２丁目１２ー１８,35.6002418004,139.64794024663,self_propelled,2,TRUE,,,hourly,220,15,,ハイルーフ,5000,1900,2000,2000,2,,https://www.repark.jp/parking_user/time/result/detail/?park=REP0016594&st=4&pref=13
成城学園前駅西口,repark-rep0025197,東京都世田谷区成城５丁目７ー２,35.639917219814,139.59682322093,self_propelled,10,TRUE,,,hourly,200,20,,ハイルーフ,5000,1900,2000,2000,10,,https://www.repark.jp/parking_user/time/result/detail/?park=REP0025197&st=4&pref=13
南烏山５丁目,repark-rep0014087,東京都世田谷区南烏山５丁目１１ー１５,35.668067092726,139.6028825325,self_propelled,3,TRUE,,,hourly,220,20,,ハイルーフ,5000,1900,2000,2000,3,,https://www.repark.jp/parking_user/time/result/detail/?park=REP0014087&st=4&pref=13
成城２丁目第５,repark-rep0010431,東京都世田谷区成城２丁目４１,35.638900655046,139.59645107565,self_propelled,2,TRUE,,,hourly,220,25,,ハイルーフ,5000,1900,2000,2000,2,,https://www.repark.jp/parking_user/time/result/detail/?park=REP0010431&st=4&pref=13
玉川田園調布２丁目第２,repark-rep0028844,東京都世田谷区玉川田園調布２丁目５‐１３,35.600633739815,139.66593595606,self_propelled,15,TRUE,,,hourly,330,20,,ハイルーフ,5000,1900,2000,2000,15,,https://www.repark.jp/parking_user/time/result/detail/?park=REP0028844&st=4&pref=13
南烏山４丁目第３,repark-rep0026178,東京都世田谷区南烏山４丁目２２,35.670577954276,139.60397677001,self_propelled,18,TRUE,,,hourly,220,10,,ハイルーフ,5000,1900,2000,2000,18,,https://www.repark.jp/parking_user/time/result/detail/?park=REP0026178&st=4&pref=13
奥沢３丁目第２,repark-rep0014015,東京都世田谷区奥沢３丁目２２ー１２,35.60244203591,139.67489623965,self_propelled,3,TRUE,,,hourly,220,15,,ハイルーフ,5000,1900,2000,2000,3,,https://www.repark.jp/parking_user/time/result/detail/?park=REP0014015&st=4&pref=13
成城５丁目第３,repark-rep0023783,東京都世田谷区成城５丁目１６ー９,35.642780767982,139.59484547533,self_propelled,7,TRUE,,,hourly,220,20,,ハイルーフ,5000,1900,2000,2000,7,,https://www.repark.jp/parking_user/time/result/detail/?park=REP0023783&st=4&pref=13
玉川田園調布１丁目第２,repark-rep0025642,東京都世田谷区玉川田園調布１丁目１２ー１７,35.599728270865,139.66537493335,self_propelled,5,TRUE,,,hourly,330,20,,ハイルーフ,5000,1900,2000,2000,5,,https://www.repark.jp/parking_user/time/result/detail/?park=REP0025642&st=4&pref=13
南烏山４丁目第２,repark-rep0024840,東京都世田谷区南烏山４丁目１０ー１９,35.669544691012,139.60169922874,self_propelled,4,TRUE,,,hourly,330,20,,ハイルーフ,5000,1900,2000,2000,4,,https://www.repark.jp/parking_user/time/result/detail/?park=REP0024840&st=4&pref=13
上祖師谷６丁目,repark-rep0009793,東京都世田谷区上祖師谷６丁目６ー２,35.657437544916,139.59551141212,self_propelled,5,TRUE,,,hourly,220,25,,ハイルーフ,5000,1900,2000,2000,5,,https://www.repark.jp/parking_user/time/result/detail/?park=REP0009793&st=4&pref=13
玉堤１丁目,repark-rep0009820,東京都世田谷区玉堤１丁目１７－１０,35.597997679397,139.65268995551,self_propelled,8,TRUE,,,hourly,220,20,,ハイルーフ,5000,1900,2000,2000,8,,https://www.repark.jp/parking_user/time/result/detail/?park=REP0009820&st=4&pref=13
成城５丁目第２,repark-rep0003169,東京都世田谷区成城５丁目２５－８,35.644069501428,139.59383161118,self_propelled,10,TRUE,,,hourly,220,20,,ハイルーフ,5000,1900,2000,2000,10,,https://www.repark.jp/parking_user/time/result/detail/?park=REP0003169&st=4&pref=13
奥沢３丁目第３,repark-rep0026817,東京都世田谷区奥沢３丁目１９ー９,35.601353269043,139.67522126279,self_propelled,8,TRUE,,,hourly,220,15,,ハイルーフ,5000,1900,2000,2000,8,,https://www.repark.jp/parking_user/time/result/detail/?park=REP0026817&st=4&pref=13
成城５丁目第５,repark-rep0026715,東京都世田谷区成城５丁目２５ー１０,35.644030613531,139.59365662751,self_propelled,4,TRUE,,,hourly,220,15,,ハイルーフ,5000,1900,2000,2000,4,,https://www.repark.jp/parking_user/time/result/detail/?park=REP0026715&st=4&pref=13
玉堤１丁目第４,repark-rep0018393,東京都世田谷区玉堤１丁目２５ー１６,35.597633770471,139.64932080807,self_propelled,6,TRUE,,,hourly,220,20,,ハイルーフ,5000,1900,2000,2000,6,,https://www.repark.jp/parking_user/time/result/detail/?park=REP0018393&st=4&pref=13
北烏山１丁目第２,repark-rep0009125,東京都世田谷区北烏山１丁目３６ー１２,35.675738541917,139.6056152853,self_propelled,5,TRUE,,,hourly,220,30,,ハイルーフ,5000,1900,2000,2000,5,,https://www.repark.jp/parking_user/time/result/detail/?park=REP0009125&st=4&pref=13
上祖師谷５丁目,repark-rep0025210,東京都世田谷区上祖師谷５丁目９ー２６,35.657943016381,139.59376708871,self_propelled,3,TRUE,,,hourly,220,25,,ハイルーフ,5000,1900,2000,2000,3,,https://www.repark.jp/parking_user/time/result/detail/?park=REP0025210&st=4&pref=13
東玉川１丁目,repark-rep0017660,東京都世田谷区東玉川１丁目４１ー１２,35.599364566103,139.67363815284,self_propelled,2,TRUE,,,hourly,220,15,,ハイルーフ,5000,1900,2000,2000,2,,https://www.repark.jp/parking_user/time/result/detail/?park=REP0017660&st=4&pref=13
玉堤１丁目第５,repark-rep0026049,東京都世田谷区玉堤１丁目１９ー２,35.596272842541,139.65146791442,self_propelled,7,TRUE,,,hourly,220,20,,ハイルーフ,5000,1900,2000,2000,7,,https://www.repark.jp/parking_user/time/result/detail/?park=REP0026049&st=4&pref=13
奥沢１丁目第２,repark-rep0026033,東京都世田谷区奥沢１丁目１０ー２５,35.600036771269,139.67679063808,self_propelled,3,TRUE,,,hourly,220,20,,ハイルーフ,5000,1900,2000,2000,3,,https://www.repark.jp/parking_user/time/result/detail/?park=REP0026033&st=4&pref=13
給田３丁目,repark-rep0028226,東京都世田谷区給田３丁目１ー２８,35.666875440386,139.59642478968,self_propelled,15,TRUE,,,hourly,220,30,,ハイルーフ,5000,1900,2000,2000,15,,https://www.repark.jp/parking_user/time/result/detail/?park=REP0028226&st=4&pref=13
世田谷喜多見１丁目,repark-rep0012195,東京都世田谷区喜多見１丁目２７ー３,35.624077243733,139.59663229917,self_propelled,6,TRUE,,,hourly,220,30,,ハイルーフ,5000,1900,2000,2000,6,,https://www.repark.jp/parking_user/time/result/detail/?park=REP0012195&st=4&pref=13
世田谷喜多見８丁目,repark-rep0017107,東京都世田谷区喜多見８丁目２３ー２５,35.637084058665,139.58931286412,self_propelled,3,TRUE,,,hourly,220,30,,ハイルーフ,5000,1900,2000,2000,3,,https://www.repark.jp/parking_user/time/result/detail/?park=REP0017107&st=4&pref=13
世田谷喜多見９丁目,repark-rep0014325,東京都世田谷区喜多見９丁目６ー１１,35.637939469529,139.58629918601,self_propelled,7,TRUE,,,hourly,200,40,,ハイルーフ,5000,1900,2000,2000,7,,https://www.repark.jp/parking_user/time/result/detail/?park=REP0014325&st=4&pref=13
北烏山５丁目,repark-rep0026626,東京都世田谷区北烏山５丁目４,35.675935559937,139.59514392387,self_propelled,4,TRUE,,,hourly,220,30,,ハイルーフ,5000,1900,2000,2000,4,,https://www.repark.jp/parking_user/time/result/detail/?park=REP0026626&st=4&pref=13
北烏山６丁目,repark-rep0018338,東京都世田谷区北烏山６丁目３２ー１０,35.67393296761,139.59351081871,self_propelled,7,TRUE,,,hourly,220,25,,ハイルーフ,5000,1900,2000,2000,7,,https://www.repark.jp/parking_user/time/result/detail/?park=REP0018338&st=4&pref=13
北烏山８丁目,repark-rep0020417,東京都世田谷区北烏山８丁目２０,35.676838179776,139.59161639726,self_propelled,4,TRUE,,,hourly,220,15,,ハイルーフ,5000,1900,2000,2000,4,,https://www.repark.jp/parking_user/time/result/detail/?park=REP0020417&st=4&pref=13
北烏山８丁目第２,repark-rep0021408,東京都世田谷区北烏山８丁目２１－２５,35.676915944412,139.59132752867,self_propelled,3,TRUE,,,hourly,330,20,,ハイルーフ,5000,1900,2000,2000,3,,https://www.repark.jp/parking_user/time/result/detail/?park=REP0021408&st=4&pref=13
渋谷１丁目第１１,repark-rep0027867,東京都渋谷区渋谷１丁目２０ー５,35.66343047381,139.70445208874,self_propelled,3,TRUE,,,hourly,360,10,,ハイルーフ,5000,1900,2000,2000,3,,https://www.repark.jp/parking_user/time/result/detail/?park=REP0027867&st=4&pref=13
宮下公園北駐車場,repark-rep0024655,東京都渋谷区神宮前６丁目２０ー１０,35.662086125979,139.70178292732,self_propelled,278,TRUE,,,hourly,350,30,,一般,5300,2050,2100,2500,278,,https://www.repark.jp/parking_user/time/result/detail/?park=REP0024655&st=4&pref=13
宮下公園南駐車場,repark-rep0024657,東京都渋谷区渋谷１丁目２６ー５,35.661913921476,139.70173016163,self_propelled,89,TRUE,,,hourly,350,30,,一般,5300,1950,2100,2300,89,,https://www.repark.jp/parking_user/time/result/detail/?park=REP0024657&st=4&pref=13
神宮前５丁目第９,repark-rep0014966,東京都渋谷区神宮前５丁目３９ー１２,35.664188763059,139.70659076421,self_propelled,11,TRUE,,,hourly,330,10,,ハイルーフ,5000,1900,2000,2000,11,,https://www.repark.jp/parking_user/time/result/detail/?park=REP0014966&st=4&pref=13
渋谷２丁目第３,repark-rep0024861,東京都渋谷区渋谷２丁目１０ー８,35.660094764528,139.70702425073,self_propelled,5,TRUE,,,hourly,420,15,,ハイルーフ,5000,1900,2000,2000,5,,https://www.repark.jp/parking_user/time/result/detail/?park=REP0024861&st=4&pref=13
神宮前５丁目第１２,repark-rep0015287,東京都渋谷区神宮前５丁目４４ー７,35.663963801337,139.70740459598,self_propelled,6,TRUE,,,hourly,440,12,,ハイルーフ,5000,1900,2000,2000,6,,https://www.repark.jp/parking_user/time/result/detail/?park=REP0015287&st=4&pref=13
渋谷区役所前駐車場,repark-rep0004267,,35.6637025737,139.69912751842,self_propelled,640,TRUE,,,hourly,350,30,,一般,6000,2300,2100,4000,640,,https://www.repark.jp/parking_user/time/result/detail/?park=REP0004267&st=4&pref=13
コスモス青山駐車場,repark-rep0026065,東京都渋谷区神宮前５丁目５３ー６７,35.66229456305,139.70896009966,self_propelled,41,FALSE,,,hourly,300,15,,ハイルーフ,5000,1900,2000,2000,41,,https://www.repark.jp/parking_user/time/result/detail/?park=REP0026065&st=4&pref=13
神宮前５丁目第１５,repark-rep0026214,東京都渋谷区神宮前５丁目１６ー６,35.665674713082,139.70647403948,self_propelled,8,TRUE,,,hourly,330,10,,ハイルーフ,5000,1900,2000,2000,8,,https://www.repark.jp/parking_user/time/result/detail/?park=REP0026214&st=4&pref=13
神宮前６丁目,repark-rep0002125,東京都渋谷区神宮前６丁目６,35.667668935123,139.70592121557,self_propelled,9,TRUE,,,hourly,110,30,,ハイルーフ,5000,1900,2000,2000,9,,https://www.repark.jp/parking_user/time/result/detail/?park=REP0002125&st=4&pref=13
渋谷桜丘町第３,repark-rep0008522,,35.65666169289,139.70102212928,self_propelled,7,TRUE,,,hourly,440,10,,ハイルーフ,5000,1900,2000,2000,7,,https://www.repark.jp/parking_user/time/result/detail/?park=REP0008522&st=4&pref=13
松濤２丁目第３,repark-rep0016464,東京都渋谷区松濤２丁目１５ー３,35.658475222763,139.69156727499,self_propelled,3,TRUE,,,hourly,220,10,,ハイルーフ,5000,1900,2000,2000,3,,https://www.repark.jp/parking_user/time/result/detail/?park=REP0016464&st=4&pref=13
神泉駅前,repark-rep0016907,,35.656814332788,139.69405047924,self_propelled,9,TRUE,,,hourly,460,20,,ハイルーフ,5000,1900,2000,2000,9,,https://www.repark.jp/parking_user/time/result/detail/?park=REP0016907&st=4&pref=13
渋谷３丁目第３,repark-rep0002298,東京都渋谷区渋谷３丁目７,35.657694980362,139.70468566645,self_propelled,7,TRUE,,,hourly,110,30,,ハイルーフ,5000,1900,2000,2000,7,,https://www.repark.jp/parking_user/time/result/detail/?park=REP0002298&st=4&pref=13
松濤２丁目第４,repark-rep0028840,東京都渋谷区松濤２丁目１５,35.65842243469,139.69066735216,self_propelled,31,TRUE,,,hourly,330,15,,ハイルーフ,5000,1900,2000,2000,31,,https://www.repark.jp/parking_user/time/result/detail/?park=REP0028840&st=4&pref=13
渋谷南平台町第２,repark-rep0009669,,35.655595068252,139.69685863517,self_propelled,2,TRUE,,,hourly,300,30,,ハイルーフ,5000,1900,2000,2000,2,,https://www.repark.jp/parking_user/time/result/detail/?park=REP0009669&st=4&pref=13
代々木八幡駅前,repark-rep0008088,東京都渋谷区富ヶ谷１丁目６ー１１,35.669232370358,139.68951694994,self_propelled,2,TRUE,,,hourly,460,10,,ハイルーフ,5000,1900,2000,2000,2,,https://www.repark.jp/parking_user/time/result/detail/?park=REP0008088&st=4&pref=13
渋谷桜丘町第４,repark-rep0014944,,35.655170140872,139.69841408156,self_propelled,1,TRUE,,,hourly,380,12,,ハイルーフ,5000,1900,2000,2000,1,,https://www.repark.jp/parking_user/time/result/detail/?park=REP0014944&st=4&pref=13
神宮前４丁目第５,repark-rep0025781,東京都渋谷区神宮前４丁目２１ー１３,35.668202261049,139.70878206442,self_propelled,20,TRUE,,,hourly,550,15,,ハイルーフ,5000,1900,2000,2000,20,,https://www.repark.jp/parking_user/time/result/detail/?park=REP0025781&st=4&pref=13
富ヶ谷２丁目第３,repark-rep0028048,東京都渋谷区富ヶ谷２丁目１１ー６,35.664774456273,139.68625909277,self_propelled,3,TRUE,,,hourly,340,12,,ハイルーフ,5000,1900,2000,2000,3,,https://www.repark.jp/parking_user/time/result/detail/?park=REP0028048&st=4&pref=13
渋谷桜丘町第２,repark-rep0007576,,35.655020237977,139.703055369,self_propelled,2,TRUE,,,hourly,330,20,,ハイルーフ,5000,1900,2000,2000,2,,https://www.repark.jp/parking_user/time/result/detail/?park=REP0007576&st=4&pref=13
渋谷桜丘町第５,repark-rep0017369,,35.654231427915,139.70274432016,self_propelled,18,TRUE,,,hourly,440,12,,ハイルーフ,5000,1900,2000,2000,18,,https://www.repark.jp/parking_user/time/result/detail/?park=REP0017369&st=4&pref=13
渋谷南平台町第３,repark-rep0012231,,35.65367301479,139.69479500606,self_propelled,4,TRUE,,,hourly,340,12,,ハイルーフ,5000,1900,2000,2000,4,,https://www.repark.jp/parking_user/time/result/detail/?park=REP0012231&st=4&pref=13
千駄ヶ谷３丁目第４,repark-rep0023765,東京都渋谷区千駄ヶ谷３丁目６１ー１１,35.673546052399,139.70414053683,self_propelled,2,TRUE,,,hourly,330,15,,ハイルーフ,5000,1900,2000,2000,2,,https://www.repark.jp/parking_user/time/result/detail/?park=REP0023765&st=4&pref=13
神宮前４丁目第６,repark-rep0025847,東京都渋谷区神宮前４丁目２３,35.669318825892,139.70977081989,self_propelled,6,TRUE,,,hourly,330,15,,ハイルーフ,5000,1900,2000,2000,6,,https://www.repark.jp/parking_user/time/result/detail/?park=REP0025847&st=4&pref=13
渋谷鉢山町,repark-rep0001830,,35.653070364982,139.69838640254,self_propelled,3,TRUE,,,hourly,380,10,,ハイルーフ,5000,1900,2000,2000,3,,https://www.repark.jp/parking_user/time/result/detail/?park=REP0001830&st=4&pref=13
渋谷区鶯谷町第２,repark-rep0013713,,35.653800937077,139.70383869409,self_propelled,2,TRUE,,,hourly,360,15,,ハイルーフ,5000,1900,2000,2000,2,,https://www.repark.jp/parking_user/time/result/detail/?park=REP0013713&st=4&pref=13
渋谷鶯谷町第２,repark-rep0003266,,35.65312045656,139.70393593935,self_propelled,4,TRUE,,,hourly,440,12,,ハイルーフ,5000,1900,2000,2000,4,,https://www.repark.jp/parking_user/time/result/detail/?park=REP0003266&st=4&pref=13
上原２丁目第５,repark-rep0026162,東京都渋谷区上原２丁目１６ー６,35.664760515154,139.68318990431,self_propelled,8,TRUE,,,hourly,240,20,,ハイルーフ,5000,1900,2000,2000,8,,https://www.repark.jp/parking_user/time/result/detail/?park=REP0026162&st=4&pref=13
猿楽町第３,repark-rep0008022,,35.651348377062,139.70130012885,self_propelled,11,TRUE,,,hourly,480,12,,ハイルーフ,5000,1900,2000,2000,11,,https://www.repark.jp/parking_user/time/result/detail/?park=REP0008022&st=4&pref=13
上原２丁目第２,repark-rep0003802,東京都渋谷区上原２丁目１９－１１,35.664302215407,139.68228722238,self_propelled,4,TRUE,,,hourly,330,20,,ハイルーフ,5000,1900,2000,2000,4,,https://www.repark.jp/parking_user/time/result/detail/?park=REP0003802&st=4&pref=13
渋谷東２丁目第２,repark-rep0005587,東京都渋谷区東２丁目２２－２,35.654325968345,139.70884380925,self_propelled,11,TRUE,,,hourly,330,10,,ハイルーフ,5000,1900,2000,2000,11,,https://www.repark.jp/parking_user/time/result/detail/?park=REP0005587&st=4&pref=13
元代々木町,repark-rep0027231,,35.670296046728,139.68391458923,self_propelled,3,TRUE,,,hourly,340,15,,ハイルーフ,5000,1900,2000,2000,3,,https://www.repark.jp/parking_user/time/result/detail/?park=REP0027231&st=4&pref=13
神宮前３丁目第２,repark-rep0002011,東京都渋谷区神宮前３丁目１－２９,35.669793838155,139.71338160914,self_propelled,15,TRUE,,,hourly,440,10,,一般,5000,1900,2100,2000,15,,https://www.repark.jp/parking_user/time/result/detail/?park=REP0002011&st=4&pref=13
上原２丁目第３,repark-rep0009840,東京都渋谷区上原２丁目４７ー１０,35.667315774358,139.6818454533,self_propelled,3,TRUE,,,hourly,240,15,,ハイルーフ,5000,1900,2000,2000,3,,https://www.repark.jp/parking_user/time/result/detail/?park=REP0009840&st=4&pref=13
上原１丁目第２,repark-rep0027893,東京都渋谷区上原１丁目２３ー１,35.669021153207,139.68220367902,self_propelled,3,TRUE,,,hourly,220,15,,ハイルーフ,5000,1900,2000,2000,3,,https://www.repark.jp/parking_user/time/result/detail/?park=REP0027893&st=4&pref=13
初台２丁目,repark-rep0009712,東京都渋谷区初台２丁目３ー３,35.674620637338,139.68695858129,self_propelled,3,TRUE,,,hourly,250,15,,ハイルーフ,5000,1900,2000,2000,3,,https://www.repark.jp/parking_user/time/result/detail/?park=REP0009712&st=4&pref=13
千駄ヶ谷３丁目第３,repark-rep0006607,東京都渋谷区千駄ヶ谷３丁目１５－１４,35.676373580603,139.70715404536,self_propelled,2,TRUE,,,hourly,340,20,,ハイルーフ,5000,1900,2000,2000,2,,https://www.repark.jp/parking_user/time/result/detail/?park=REP0006607&st=4&pref=13
代々木４丁目第１２,repark-rep0027968,東京都渋谷区代々木４丁目５０ー６,35.678128685285,139.6920635518,self_propelled,9,TRUE,,,hourly,330,20,,ハイルーフ,5000,1900,2000,2000,9,,https://www.repark.jp/parking_user/time/result/detail/?park=REP0027968&st=4&pref=13
代官山第９,repark-rep0013374,,35.649762495511,139.70472491745,self_propelled,5,TRUE,,,hourly,330,10,,ハイルーフ,5000,1900,2000,2000,5,,https://www.repark.jp/parking_user/time/result/detail/?park=REP0013374&st=4&pref=13
渋谷区東４丁目第３,repark-rep0013954,東京都渋谷区東４丁目１２ー３１,35.654867655177,139.71329619254,self_propelled,5,TRUE,,,hourly,220,12,,ハイルーフ,5000,1900,2000,2000,5,,https://www.repark.jp/parking_user/time/result/detail/?park=REP0013954&st=4&pref=13
代々木４丁目第１１,repark-rep0027497,東京都渋谷区代々木４丁目１０ー２,35.678798059143,139.69214684706,self_propelled,5,TRUE,,,hourly,330,12,,ハイルーフ,5000,1900,2000,2000,5,,https://www.repark.jp/parking_user/time/result/detail/?park=REP0027497&st=4&pref=13
代々木４丁目第９,repark-rep0020646,東京都渋谷区代々木４丁目１０ー１７,35.678792504058,139.69210796154,self_propelled,9,TRUE,,,hourly,330,12,,ハイルーフ,5000,1900,2000,2000,9,,https://www.repark.jp/parking_user/time/result/detail/?park=REP0020646&st=4&pref=13
フォレストゲート代官山駐車場,repark-rep0026632,,35.648695908372,139.70270846703,self_propelled,12,TRUE,,,hourly,300,12,,一般,6000,1900,3100,2000,12,,https://www.repark.jp/parking_user/time/result/detail/?park=REP0026632&st=4&pref=13
神宮前２丁目第３,repark-rep0025241,東京都渋谷区神宮前２丁目１３ー１,35.675071035319,139.71250088429,self_propelled,4,TRUE,,,hourly,440,12,,ハイルーフ,5000,1900,2000,2000,4,,https://www.repark.jp/parking_user/time/result/detail/?park=REP0025241&st=4&pref=13
代々木４丁目第８,repark-rep0015977,東京都渋谷区代々木４丁目４９ー１４,35.679156336967,139.69112469345,self_propelled,1,TRUE,,,hourly,330,10,,ハイルーフ,5000,1900,2000,2000,1,,https://www.repark.jp/parking_user/time/result/detail/?park=REP0015977&st=4&pref=13
千駄ヶ谷４丁目第３,repark-rep0026945,東京都渋谷区千駄ヶ谷４丁目８ー９,35.679348233902,139.70552071103,self_propelled,10,TRUE,,,hourly,330,20,,ハイルーフ,5000,1900,2000,2000,10,,https://www.repark.jp/parking_user/time/result/detail/?park=REP0026945&st=4&pref=13
恵比寿西２丁目,repark-rep0011085,東京都渋谷区恵比寿西２丁目９ー７,35.648965401754,139.70718586078,self_propelled,3,TRUE,,,hourly,440,15,,ハイルーフ,5000,1900,2000,2000,3,,https://www.repark.jp/parking_user/time/result/detail/?park=REP0011085&st=4&pref=13
代々木１丁目第６,repark-rep0022398,東京都渋谷区代々木１丁目１８ー１８,35.680706367277,139.7023514677,self_propelled,3,TRUE,,,hourly,340,10,,ハイルーフ,5000,1900,2000,2000,3,,https://www.repark.jp/parking_user/time/result/detail/?park=REP0022398&st=4&pref=13
恵比寿西１丁目第３,repark-rep0016984,東京都渋谷区恵比寿西１丁目３１ー８,35.647821048912,139.70539717302,self_propelled,13,TRUE,,,hourly,340,15,,ハイルーフ,5000,1900,2000,2000,13,,https://www.repark.jp/parking_user/time/result/detail/?park=REP0016984&st=4&pref=13
渋谷大山町第４,repark-rep0014340,,35.669843217929,139.67817619765,self_propelled,1,TRUE,,,hourly,220,10,,ハイルーフ,5000,1900,2000,2000,1,,https://www.repark.jp/parking_user/time/result/detail/?park=REP0014340&st=4&pref=13
代々木３丁目第３,repark-rep0020870,東京都渋谷区代々木３丁目４０ー１３,35.680850639962,139.69342720221,self_propelled,12,TRUE,,,hourly,220,12,,ハイルーフ,5000,1900,2000,2000,12,,https://www.repark.jp/parking_user/time/result/detail/?park=REP0020870&st=4&pref=13
恵比寿西１丁目第２,repark-rep0010346,東京都渋谷区恵比寿西１丁目５ー９,35.648484906251,139.70764973338,self_propelled,4,TRUE,,,hourly,550,12,,ハイルーフ,5000,1900,2000,2000,4,,https://www.repark.jp/parking_user/time/result/detail/?park=REP0010346&st=4&pref=13
千駄ヶ谷１丁目第５,repark-rep0028797,東京都渋谷区千駄ヶ谷１丁目１３‐９,35.677109701845,139.71224803341,self_propelled,9,TRUE,,,hourly,330,12,,ハイルーフ,5000,1900,2000,2000,9,,https://www.repark.jp/parking_user/time/result/detail/?park=REP0028797&st=4&pref=13
代々木４丁目第６,repark-rep0009302,東京都渋谷区代々木４丁目１９ー１４,35.680553416375,139.6915162626,self_propelled,3,TRUE,,,hourly,330,10,,ハイルーフ,5000,1900,2000,2000,3,,https://www.repark.jp/parking_user/time/result/detail/?park=REP0009302&st=4&pref=13
初台１丁目第４,repark-rep0027276,東京都渋谷区初台１丁目６ー６,35.67926458901,139.68715279633,self_propelled,10,TRUE,,,hourly,380,12,,ハイルーフ,5000,1900,2000,2000,10,,https://www.repark.jp/parking_user/time/result/detail/?park=REP0027276&st=4&pref=13
代々木４丁目第７,repark-rep0012877,東京都渋谷区代々木４丁目１７ー１７,35.681139480505,139.69242171641,self_propelled,3,TRUE,,,hourly,330,10,,ハイルーフ,5000,1900,2000,2000,3,,https://www.repark.jp/parking_user/time/result/detail/?park=REP0012877&st=4&pref=13
代々木１丁目第５,repark-rep0017367,東京都渋谷区代々木１丁目１０ー３,35.681995036659,139.69772679244,self_propelled,5,TRUE,,,hourly,340,10,,ハイルーフ,5000,1900,2000,2000,5,,https://www.repark.jp/parking_user/time/result/detail/?park=REP0017367&st=4&pref=13
恵比寿南３丁目第２,repark-rep0002720,東京都渋谷区恵比寿南３丁目７－６,35.646429491262,139.70313631386,self_propelled,27,TRUE,,,hourly,440,20,,ハイルーフ,5000,1900,2000,2000,27,,https://www.repark.jp/parking_user/time/result/detail/?park=REP0002720&st=4&pref=13
千駄ヶ谷１丁目第４,repark-rep0026457,東京都渋谷区千駄ヶ谷１丁目２５ー２,35.679534396017,139.70958703176,self_propelled,14,TRUE,,,hourly,330,20,,ハイルーフ,5000,1900,2000,2000,14,,https://www.repark.jp/parking_user/time/result/detail/?park=REP0026457&st=4&pref=13
広尾２丁目,repark-rep0004764,東京都渋谷区広尾２丁目４－１１,35.65118750528,139.7140101917,self_propelled,4,TRUE,,,hourly,360,12,,ハイルーフ,5000,1900,2000,2000,4,,https://www.repark.jp/parking_user/time/result/detail/?park=REP0004764&st=4&pref=13
広尾２丁目第３,repark-rep0028063,東京都渋谷区広尾２丁目２ー１１,35.650743102312,139.71363802107,self_propelled,10,TRUE,,,hourly,360,12,,ハイルーフ,5000,1900,2000,2000,10,,https://www.repark.jp/parking_user/time/result/detail/?park=REP0028063&st=4&pref=13
代々木４丁目第５,repark-rep0008814,東京都渋谷区代々木４丁目２３ー５代々木スカイハイツ,35.68167552888,139.69211893888,self_propelled,6,TRUE,,,hourly,330,10,,ハイルーフ,5000,1900,2000,2000,6,,https://www.repark.jp/parking_user/time/result/detail/?park=REP0008814&st=4&pref=13
広尾２丁目第２,repark-rep0021794,東京都渋谷区広尾２丁目１７ー１９,35.652290223987,139.71736819505,self_propelled,7,TRUE,,,hourly,460,12,,ハイルーフ,5000,1900,2000,2000,7,,https://www.repark.jp/parking_user/time/result/detail/?park=REP0021794&st=4&pref=13
千駄ヶ谷５丁目第６,repark-rep0025375,東京都渋谷区千駄ヶ谷５丁目２ー１３,35.682039645239,139.70736487795,self_propelled,14,TRUE,,,hourly,240,15,,ハイルーフ,5000,1900,2000,2000,14,,https://www.repark.jp/parking_user/time/result/detail/?park=REP0025375&st=4&pref=13
恵比寿南２丁目第２,repark-rep0002386,東京都渋谷区恵比寿南２丁目１－９,35.645837955408,139.70702212938,self_propelled,4,TRUE,,,hourly,550,8,,ハイルーフ,5000,1900,2000,2000,4,,https://www.repark.jp/parking_user/time/result/detail/?park=REP0002386&st=4&pref=13
代々木２丁目第３,repark-rep0000855,東京都渋谷区代々木２丁目２９－５,35.684600326123,139.69842105881,self_propelled,13,TRUE,,,hourly,200,12,,ハイルーフ,5000,1900,2000,2000,13,,https://www.repark.jp/parking_user/time/result/detail/?park=REP0000855&st=4&pref=13
恵比寿４丁目第６,repark-rep0025171,東京都渋谷区恵比寿４丁目４ー５,35.645610288197,139.71191340065,self_propelled,5,TRUE,,,hourly,440,10,,ハイルーフ,5000,1900,2000,2000,5,,https://www.repark.jp/parking_user/time/result/detail/?park=REP0025171&st=4&pref=13
恵比寿４丁目第４,repark-rep0014083,東京都渋谷区恵比寿４丁目７ー５,35.645604755203,139.71319662733,self_propelled,3,TRUE,,,hourly,440,12,,ハイルーフ,5000,1900,2000,2000,3,,https://www.repark.jp/parking_user/time/result/detail/?park=REP0014083&st=4&pref=13
恵比寿４丁目第５,repark-rep0022223,東京都渋谷区恵比寿４丁目７ー６,35.645532540297,139.71316052266,self_propelled,1,TRUE,,,hourly,440,12,,ハイルーフ,5000,1900,2000,2000,1,,https://www.repark.jp/parking_user/time/result/detail/?park=REP0022223&st=4&pref=13
恵比寿南１丁目第２,repark-rep0028022,東京都渋谷区恵比寿南１丁目２０ー２,35.643902113909,139.71059692164,self_propelled,3,TRUE,,,hourly,330,10,,ハイルーフ,5000,1900,2000,2000,3,,https://www.repark.jp/parking_user/time/result/detail/?park=REP0028022&st=4&pref=13
幡ヶ谷１丁目第４,repark-rep0011588,東京都渋谷区幡ヶ谷１丁目２５ー９,35.674975927697,139.67392631425,self_propelled,2,TRUE,,,hourly,240,12,,ハイルーフ,5000,1900,2000,2000,2,,https://www.repark.jp/parking_user/time/result/detail/?park=REP0011588&st=4&pref=13
恵比寿南１丁目第３,repark-rep0028031,東京都渋谷区恵比寿南１丁目２０ー３,35.643657695325,139.71055526935,self_propelled,5,TRUE,,,hourly,330,10,,ハイルーフ,5000,1900,2000,2000,5,,https://www.repark.jp/parking_user/time/result/detail/?park=REP0028031&st=4&pref=13
広尾５丁目第５,repark-rep0028482,東京都渋谷区広尾５丁目１７ー１１,35.649640556838,139.72019863799,self_propelled,1,TRUE,,,hourly,440,12,,ハイルーフ,5000,1900,2000,2000,1,,https://www.repark.jp/parking_user/time/result/detail/?park=REP0028482&st=4&pref=13
恵比寿南２丁目第１０,repark-rep0015672,東京都渋谷区恵比寿南２丁目２１ー６,35.642610563495,139.70930542137,self_propelled,5,TRUE,,,hourly,440,12,,ハイルーフ,5000,1900,2000,2000,5,,https://www.repark.jp/parking_user/time/result/detail/?park=REP0015672&st=4&pref=13
渋谷本町２丁目,repark-rep0019976,東京都渋谷区本町２丁目５ー１０,35.683925136014,139.68340289315,self_propelled,5,TRUE,,,hourly,330,12,,ハイルーフ,5000,1900,2000,2000,5,,https://www.repark.jp/parking_user/time/result/detail/?park=REP0019976&st=4&pref=13
渋谷本町６丁目第３,repark-rep0026084,東京都渋谷区本町６丁目３ー３,35.682047498592,139.6799532661,self_propelled,3,TRUE,,,hourly,350,25,,ハイルーフ,5000,1900,2000,2000,3,,https://www.repark.jp/parking_user/time/result/detail/?park=REP0026084&st=4&pref=13
恵比寿南２丁目第５,repark-rep0006458,東京都渋谷区恵比寿南２丁目２２番３,35.6423967013,139.70953041253,self_propelled,3,TRUE,,,hourly,440,12,,ハイルーフ,5000,1900,2000,2000,3,,https://www.repark.jp/parking_user/time/result/detail/?park=REP0006458&st=4&pref=13
恵比寿南２丁目第６,repark-rep0009430,東京都渋谷区恵比寿南２丁目２７ー９,35.64260780151,139.71020534676,self_propelled,2,TRUE,,,hourly,440,12,,ハイルーフ,5000,1900,2000,2000,2,,https://www.repark.jp/parking_user/time/result/detail/?park=REP0009430&st=4&pref=13
笹塚１丁目,repark-rep0003229,東京都渋谷区笹塚１丁目６,35.673892666414,139.67139879604,self_propelled,8,TRUE,,,hourly,440,12,,ハイルーフ,5000,1900,2000,2000,8,,https://www.repark.jp/parking_user/time/result/detail/?park=REP0003229&st=4&pref=13
渋谷本町６丁目第２,repark-rep0025799,東京都渋谷区本町６丁目４０ー１,35.681328082589,139.67715075397,self_propelled,4,TRUE,,,hourly,220,15,,ハイルーフ,5000,1900,2000,2000,4,,https://www.repark.jp/parking_user/time/result/detail/?park=REP0025799&st=4&pref=13
恵比寿３丁目第３,repark-rep0002184,東京都渋谷区恵比寿３丁目３０－１３,35.642988410843,139.71564654435,self_propelled,4,TRUE,,,hourly,330,10,,ハイルーフ,5000,1900,2000,2000,4,,https://www.repark.jp/parking_user/time/result/detail/?park=REP0002184&st=4&pref=13
渋谷本町３丁目第３,repark-rep0024223,東京都渋谷区本町３丁目５４ー９,35.686716507405,139.68357219455,self_propelled,7,TRUE,,,hourly,240,15,,ハイルーフ,5000,1900,2000,2000,7,,https://www.repark.jp/parking_user/time/result/detail/?park=REP0024223&st=4&pref=13
恵比寿３丁目第６,repark-rep0010109,東京都渋谷区恵比寿３丁目３８ー１,35.643713392293,139.71902400847,self_propelled,2,TRUE,,,hourly,240,12,,ハイルーフ,5000,1900,2000,2000,2,,https://www.repark.jp/parking_user/time/result/detail/?park=REP0010109&st=4&pref=13
渋谷本町５丁目,repark-rep0002317,東京都渋谷区本町５丁目４０－１,35.682591792513,139.67463701554,self_propelled,8,TRUE,,,hourly,330,20,,ハイルーフ,5000,1900,2000,2000,8,,https://www.repark.jp/parking_user/time/result/detail/?park=REP0002317&st=4&pref=13
幡ヶ谷３丁目,repark-rep0023797,東京都渋谷区幡ヶ谷３丁目３７ー１２,35.678236627487,139.670351461,self_propelled,11,TRUE,,,hourly,220,10,,ハイルーフ,5000,1900,2000,2000,11,,https://www.repark.jp/parking_user/time/result/detail/?park=REP0023797&st=4&pref=13
コーシャハイム笹塚,repark-rep0024962,東京都渋谷区笹塚１丁目４５ー１,35.672503813071,139.66493550776,self_propelled,5,TRUE,,,hourly,220,12,,ハイルーフ,5000,1900,2000,2000,5,,https://www.repark.jp/parking_user/time/result/detail/?park=REP0024962&st=4&pref=13
渋谷本町３丁目第４,repark-rep0027364,東京都渋谷区本町３丁目３１ー１４,35.68975227618,139.68256936005,self_propelled,6,TRUE,,,hourly,330,20,,ハイルーフ,5000,1900,2000,2000,6,,https://www.repark.jp/parking_user/time/result/detail/?park=REP0027364&st=4&pref=13
笹塚３丁目第２,repark-rep0014162,東京都渋谷区笹塚３丁目５４ー１４,35.678994829902,139.66751832737,self_propelled,2,TRUE,,,hourly,220,25,,ハイルーフ,5000,1900,2000,2000,2,,https://www.repark.jp/parking_user/time/result/detail/?park=REP0014162&st=4&pref=13
渋谷本町３丁目第５,repark-rep0027950,東京都渋谷区本町３丁目２５ー１９,35.69122991966,139.68391640214,self_propelled,3,TRUE,,,hourly,220,15,,ハイルーフ,5000,1900,2000,2000,3,,https://www.repark.jp/parking_user/time/result/detail/?park=REP0027950&st=4&pref=13
中野４丁目,repark-rep0010414,東京都中野区中野４丁目６ー２,35.70849161094,139.66385616228,self_propelled,7,TRUE,,,hourly,250,10,,ハイルーフ,5000,1900,2000,2000,7,,https://www.repark.jp/parking_user/time/result/detail/?park=REP0010414&st=4&pref=13
中野３丁目第４,repark-rep0014606,東京都中野区中野３丁目４６,35.705033626852,139.66265642115,self_propelled,3,TRUE,,,hourly,220,15,,ハイルーフ,5000,1900,2000,2000,3,,https://www.repark.jp/parking_user/time/result/detail/?park=REP0014606&st=4&pref=13
中野５丁目第５,repark-rep0011811,東京都中野区中野５丁目４７ー４,35.708491665127,139.66695868262,self_propelled,4,TRUE,,,hourly,330,25,,ハイルーフ,5000,1900,2000,2000,4,,https://www.repark.jp/parking_user/time/result/detail/?park=REP0011811&st=4&pref=13
中野３丁目第６,repark-rep0017381,東京都中野区中野３丁目４４ー１４,35.704894738686,139.66185371721,self_propelled,5,TRUE,,,hourly,220,15,,ハイルーフ,5000,1900,2000,2000,5,,https://www.repark.jp/parking_user/time/result/detail/?park=REP0017381&st=4&pref=13
中野新井１丁目第４,repark-rep0025467,東京都中野区新井１丁目８ー１,35.710216473167,139.66653086072,self_propelled,4,TRUE,,,hourly,150,10,,ハイルーフ,5000,1900,2000,2000,4,,https://www.repark.jp/parking_user/time/result/detail/?park=REP0025467&st=4&pref=13
中野５丁目第６,repark-rep0028537,東京都中野区中野５丁目１７ー７,35.70705853597,139.66985295324,self_propelled,3,TRUE,,,hourly,220,15,,ハイルーフ,5000,1900,2000,2000,3,,https://www.repark.jp/parking_user/time/result/detail/?park=REP0028537&st=4&pref=13
中野３丁目第２,repark-rep0009418,東京都中野区中野３丁目１５ー１０,35.702719967615,139.66164272287,self_propelled,5,TRUE,,,hourly,110,10,,ハイルーフ,5000,1900,2000,2000,5,,https://www.repark.jp/parking_user/time/result/detail/?park=REP0009418&st=4&pref=13
中野新井２丁目第２,repark-rep0012495,東京都中野区新井２丁目１９ー２,35.712713389795,139.6642809326,self_propelled,4,TRUE,,,hourly,220,15,,ハイルーフ,5000,1900,2000,2000,4,,https://www.repark.jp/parking_user/time/result/detail/?park=REP0012495&st=4&pref=13
中野新井１丁目第２,repark-rep0014471,東京都中野区新井１丁目２９ー１,35.712130172467,139.66738903533,self_propelled,2,TRUE,,,hourly,220,10,,ハイルーフ,5000,1900,2000,2000,2,,https://www.repark.jp/parking_user/time/result/detail/?park=REP0014471&st=4&pref=13
中野中央５丁目第６,repark-rep0028036,東京都中野区中央５丁目４９ー１０,35.702183985409,139.66573407477,self_propelled,6,TRUE,,,hourly,220,15,,ハイルーフ,5000,1900,2000,2000,6,,https://www.repark.jp/parking_user/time/result/detail/?park=REP0028036&st=4&pref=13
中野新井１丁目第３,repark-rep0025113,東京都中野区新井１丁目３９ー２,35.713321689994,139.6661279742,self_propelled,2,TRUE,,,hourly,220,20,,ハイルーフ,5000,1900,2000,2000,2,,https://www.repark.jp/parking_user/time/result/detail/?park=REP0025113&st=4&pref=13
中野新井２丁目第３,repark-rep0019161,東京都中野区新井２丁目１２ー８,35.714002166805,139.66576130632,self_propelled,3,TRUE,,,hourly,220,15,,ハイルーフ,5000,1900,2000,2000,3,,https://www.repark.jp/parking_user/time/result/detail/?park=REP0019161&st=4&pref=13
中野３丁目第３,repark-rep0009834,東京都中野区中野３丁目１４ー１０,35.701833950221,139.6615761032,self_propelled,2,TRUE,,,hourly,220,20,,ハイルーフ,5000,1900,2000,2000,2,,https://www.repark.jp/parking_user/time/result/detail/?park=REP0009834&st=4&pref=13
中野３丁目第５,repark-rep0016987,東京都中野区中野３丁目３０ー１５,35.701597925257,139.66505638004,self_propelled,2,TRUE,,,hourly,220,15,,ハイルーフ,5000,1900,2000,2000,2,,https://www.repark.jp/parking_user/time/result/detail/?park=REP0016987&st=4&pref=13
上高田２丁目第２,repark-rep0025136,東京都中野区上高田２丁目５３ー９,35.713313399993,139.66853888536,self_propelled,5,TRUE,,,hourly,330,15,,ハイルーフ,5000,1900,2000,2000,5,,https://www.repark.jp/parking_user/time/result/detail/?park=REP0025136&st=4&pref=13
中野新井３丁目第２,repark-rep0007544,東京都中野区新井３丁目４ー１０,35.714771515803,139.66503355333,self_propelled,5,TRUE,,,hourly,220,25,,ハイルーフ,5000,1900,2000,2000,5,,https://www.repark.jp/parking_user/time/result/detail/?park=REP0007544&st=4&pref=13
中野中央５丁目第３,repark-rep0004644,東京都中野区中央５丁目４５－２,35.700411931701,139.66451759039,self_propelled,2,TRUE,,,hourly,220,15,,ハイルーフ,5000,1900,2000,2000,2,,https://www.repark.jp/parking_user/time/result/detail/?park=REP0004644&st=4&pref=13
上高田２丁目,repark-rep0011045,東京都中野区上高田２丁目１ー３０,35.709644425882,139.67303034729,self_propelled,4,TRUE,,,hourly,220,15,,ハイルーフ,5000,1900,2000,2000,4,,https://www.repark.jp/parking_user/time/result/detail/?park=REP0011045&st=4&pref=13
野方１丁目,repark-rep0028563,東京都中野区野方１丁目４６ー１０,35.712057754444,139.65572334049,self_propelled,5,TRUE,,,hourly,220,25,,ハイルーフ,5000,1900,2000,2000,5,,https://www.repark.jp/parking_user/time/result/detail/?park=REP0028563&st=4&pref=13
中野新井３丁目第３,repark-rep0012581,東京都中野区新井３丁目３３ー９,35.715213034421,139.65924234695,self_propelled,3,TRUE,,,hourly,220,15,,ハイルーフ,5000,1900,2000,2000,3,,https://www.repark.jp/parking_user/time/result/detail/?park=REP0012581&st=4&pref=13
中野６丁目第２,repark-rep0028093,東京都中野区中野６丁目２９ー１７,35.70723359298,139.6741886961,self_propelled,5,TRUE,,,hourly,220,30,,ハイルーフ,5000,1900,2000,2000,5,,https://www.repark.jp/parking_user/time/result/detail/?park=REP0028093&st=4&pref=13
上高田１丁目,repark-rep0026261,東京都中野区上高田１丁目４３ー８,35.711083172345,139.67368022707,self_propelled,6,TRUE,,,hourly,220,25,,ハイルーフ,5000,1900,2000,2000,6,,https://www.repark.jp/parking_user/time/result/detail/?park=REP0026261&st=4&pref=13
野方２丁目第２,repark-rep0012708,東京都中野区野方２丁目５６ー１４,35.713429811445,139.65467892005,self_propelled,6,TRUE,,,hourly,220,15,,ハイルーフ,5000,1900,2000,2000,6,,https://www.repark.jp/parking_user/time/result/detail/?park=REP0012708&st=4&pref=13
上高田１丁目第２,repark-rep0027641,東京都中野区上高田１丁目４３ー１６,35.711358157632,139.67452181151,self_propelled,12,TRUE,,,hourly,220,30,,ハイルーフ,5000,1900,2000,2000,12,,https://www.repark.jp/parking_user/time/result/detail/?park=REP0027641&st=4&pref=13
中野１丁目第２,repark-rep0020442,東京都中野区中野１丁目４１ー４,35.70573376854,139.67505535919,self_propelled,3,TRUE,,,hourly,220,30,,ハイルーフ,5000,1900,2000,2000,3,,https://www.repark.jp/parking_user/time/result/detail/?park=REP0020442&st=4&pref=13
中野新井４丁目,repark-rep0007797,東京都中野区新井４丁目２４ー７,35.717310149908,139.66598613532,self_propelled,2,TRUE,,,hourly,110,10,,ハイルーフ,5000,1900,2000,2000,2,,https://www.repark.jp/parking_user/time/result/detail/?park=REP0007797&st=4&pref=13
中野中央３丁目第２,repark-rep0015134,東京都中野区中央３丁目１４ー３,35.701898040404,139.67348622212,self_propelled,2,TRUE,,,hourly,220,20,,ハイルーフ,5000,1900,2000,2000,2,,https://www.repark.jp/parking_user/time/result/detail/?park=REP0015134&st=4&pref=13
中野大和町１丁目第３,repark-rep0016027,東京都中野区大和町１丁目３３ー１１,35.710366193321,139.65142655323,self_propelled,3,TRUE,,,hourly,220,20,,ハイルーフ,5000,1900,2000,2000,3,,https://www.repark.jp/parking_user/time/result/detail/?park=REP0016027&st=4&pref=13
中野中央５丁目第５,repark-rep0026304,東京都中野区中央５丁目１８ー２,35.697526101622,139.66292896721,self_propelled,3,TRUE,,,hourly,330,20,,ハイルーフ,5000,1900,2000,2000,3,,https://www.repark.jp/parking_user/time/result/detail/?park=REP0026304&st=4&pref=13
中野１丁目,repark-rep0012992,東京都中野区中野１丁目１７ー５,35.704986652555,139.67654971448,self_propelled,2,TRUE,,,hourly,220,15,,ハイルーフ,5000,1900,2000,2000,2,,https://www.repark.jp/parking_user/time/result/detail/?park=REP0012992&st=4&pref=13
中野大和町２丁目第４,repark-rep0026350,東京都中野区大和町２丁目１３ー３,35.714199142912,139.65289014418,self_propelled,9,TRUE,,,hourly,220,15,,ハイルーフ,5000,1900,2000,2000,9,,https://www.repark.jp/parking_user/time/result/detail/?park=REP0026350&st=4&pref=13
中野中央４丁目第２,repark-rep0006574,東京都中野区中央４丁目１－１９,35.698401146588,139.67086160112,self_propelled,12,TRUE,,,hourly,330,15,,ハイルーフ,5000,1900,2000,2000,12,,https://www.repark.jp/parking_user/time/result/detail/?park=REP0006574&st=4&pref=13
中野中央３丁目,repark-rep0010712,東京都中野区中央３丁目１２ー１,35.701703654941,139.67564716261,self_propelled,4,TRUE,,,hourly,220,15,,ハイルーフ,5000,1900,2000,2000,4,,https://www.repark.jp/parking_user/time/result/detail/?park=REP0010712&st=4&pref=13
中野中央３丁目第３,repark-rep0018536,東京都中野区中央３丁目２９ー３,35.698890013379,139.67258365759,self_propelled,4,TRUE,,,hourly,220,15,,ハイルーフ,5000,1900,2000,2000,4,,https://www.repark.jp/parking_user/time/result/detail/?park=REP0018536&st=4&pref=13
中野大和町２丁目第３,repark-rep0010099,東京都中野区大和町２丁目３ー１１,35.715993407948,139.65363166598,self_propelled,4,TRUE,,,hourly,220,10,,ハイルーフ,5000,1900,2000,2000,4,,https://www.repark.jp/parking_user/time/result/detail/?park=REP0010099&st=4&pref=13
中野大和町１丁目第４,repark-rep0019516,東京都中野区大和町１丁目５１,35.712379853256,139.65064319156,self_propelled,1,TRUE,,,hourly,220,15,,ハイルーフ,5000,1900,2000,2000,1,,https://www.repark.jp/parking_user/time/result/detail/?park=REP0019516&st=4&pref=13
上高田５丁目第２,repark-rep0015002,東京都中野区上高田５丁目４０,35.716035426272,139.67400219529,self_propelled,2,TRUE,,,hourly,220,30,,ハイルーフ,5000,1900,2000,2000,2,,https://www.repark.jp/parking_user/time/result/detail/?park=REP0015002&st=4&pref=13
沼袋３丁目,repark-rep0002412,東京都中野区沼袋３丁目３１－３,35.719812584462,139.66164749141,self_propelled,6,TRUE,,,hourly,220,25,,ハイルーフ,5000,1900,2000,2000,6,,https://www.repark.jp/parking_user/time/result/detail/?park=REP0002412&st=4&pref=13
中野中央２丁目第７,repark-rep0026693,東京都中野区中央２丁目５７ー６,35.701431476385,139.67652488025,self_propelled,4,TRUE,,,hourly,220,20,,ハイルーフ,5000,1900,2000,2000,4,,https://www.repark.jp/parking_user/time/result/detail/?park=REP0026693&st=4&pref=13
中野本町４丁目第８,repark-rep0027894,東京都中野区本町４丁目３０ー９,35.695929177981,139.6702312113,self_propelled,3,TRUE,,,hourly,220,15,,ハイルーフ,5000,1900,2000,2000,3,,https://www.repark.jp/parking_user/time/result/detail/?park=REP0027894&st=4&pref=13
沼袋２丁目,repark-rep0028515,東京都中野区沼袋２丁目３０ー５,35.721676294833,139.66283341811,self_propelled,11,TRUE,,,hourly,220,30,,ハイルーフ,5000,1900,2000,2000,11,,https://www.repark.jp/parking_user/time/result/detail/?park=REP0028515&st=4&pref=13
中野本町４丁目第３,repark-rep0011084,東京都中野区本町４丁目７ー１２,35.696348629076,139.67320594493,self_propelled,4,TRUE,,,hourly,330,25,,ハイルーフ,5000,1900,2000,2000,4,,https://www.repark.jp/parking_user/time/result/detail/?park=REP0011084&st=4&pref=13
中野本町４丁目,repark-rep0004548,東京都中野区本町４丁目３２－３,35.694723731898,139.66914246822,self_propelled,3,TRUE,,,hourly,110,10,,ハイルーフ,5000,1900,2000,2000,3,,https://www.repark.jp/parking_user/time/result/detail/?park=REP0004548&st=4&pref=13
中野本町４丁目第７,repark-rep0025528,東京都中野区本町４丁目２２ー１９,35.695623683427,139.67187831157,self_propelled,3,TRUE,,,hourly,220,15,,ハイルーフ,5000,1900,2000,2000,3,,https://www.repark.jp/parking_user/time/result/detail/?park=REP0025528&st=4&pref=13
沼袋４丁目第３,repark-rep0017765,東京都中野区沼袋４丁目２０ー２,35.721395701748,139.65899208305,self_propelled,2,TRUE,,,hourly,220,25,,ハイルーフ,5000,1900,2000,2000,2,,https://www.repark.jp/parking_user/time/result/detail/?park=REP0017765&st=4&pref=13
中野中央２丁目第４,repark-rep0015453,東京都中野区中央２丁目３７ー６,35.701181548335,139.67911356577,self_propelled,3,TRUE,,,hourly,220,12,,ハイルーフ,5000,1900,2000,2000,3,,https://www.repark.jp/parking_user/time/result/detail/?park=REP0015453&st=4&pref=13
野方駅前,repark-rep0004792,東京都中野区野方５丁目２９－１１,35.719031958404,139.65285659044,self_propelled,4,TRUE,,,hourly,220,10,,ハイルーフ,5000,1900,2000,2000,4,,https://www.repark.jp/parking_user/time/result/detail/?park=REP0004792&st=4&pref=13
野方４丁目第４,repark-rep0023090,東京都中野区野方４丁目１９ー３,35.719748568064,139.65396202163,self_propelled,2,TRUE,,,hourly,220,15,,ハイルーフ,5000,1900,2000,2000,2,,https://www.repark.jp/parking_user/time/result/detail/?park=REP0023090&st=4&pref=13
野方駅前第２,repark-rep0011311,東京都中野区野方５丁目２７ー７,35.719293044341,139.65302045381,self_propelled,2,TRUE,,,hourly,220,20,,ハイルーフ,5000,1900,2000,2000,2,,https://www.repark.jp/parking_user/time/result/detail/?park=REP0011311&st=4&pref=13
中野本町４丁目第２,repark-rep0009219,東京都中野区本町４丁目３３ー３,35.694276571263,139.66991742445,self_propelled,6,TRUE,,,hourly,110,10,,ハイルーフ,5000,1900,2000,2000,6,,https://www.repark.jp/parking_user/time/result/detail/?park=REP0009219&st=4&pref=13
中野本町４丁目第６,repark-rep0016679,東京都中野区本町４丁目８ー１７,35.695473730128,139.67363372769,self_propelled,3,TRUE,,,hourly,220,15,,ハイルーフ,5000,1900,2000,2000,3,,https://www.repark.jp/parking_user/time/result/detail/?park=REP0016679&st=4&pref=13
野方４丁目第３,repark-rep0013057,東京都中野区野方４丁目４１ー７,35.721870613011,139.65682001957,self_propelled,4,TRUE,,,hourly,220,25,,ハイルーフ,5000,1900,2000,2000,4,,https://www.repark.jp/parking_user/time/result/detail/?park=REP0013057&st=4&pref=13
野方５丁目,repark-rep0005253,東京都中野区野方５丁目１７－６,35.719381883279,139.65069842056,self_propelled,7,TRUE,,,hourly,330,25,,ハイルーフ,5000,1900,2000,2000,7,,https://www.repark.jp/parking_user/time/result/detail/?park=REP0005253&st=4&pref=13
中野中央２丁目第６,repark-rep0026608,東京都中野区中央２丁目３１ー３,35.698112433,139.67913592724,self_propelled,3,TRUE,,,hourly,220,20,,ハイルーフ,5000,1900,2000,2000,3,,https://www.repark.jp/parking_user/time/result/detail/?park=REP0026608&st=4&pref=13
野方４丁目第２,repark-rep0011493,東京都中野区野方４丁目２５ー１２,35.721917793092,139.6547090817,self_propelled,6,TRUE,,,hourly,220,25,,ハイルーフ,5000,1900,2000,2000,6,,https://www.repark.jp/parking_user/time/result/detail/?park=REP0011493&st=4&pref=13
沼袋４丁目,repark-rep0006576,東京都中野区沼袋４丁目３６,35.723617722707,139.66108902958,self_propelled,3,TRUE,,,hourly,220,25,,ハイルーフ,5000,1900,2000,2000,3,,https://www.repark.jp/parking_user/time/result/detail/?park=REP0006576&st=4&pref=13
中野丸山１丁目,repark-rep0006615,東京都中野区丸山１丁目２－６,35.722831616757,139.65656444154,self_propelled,4,TRUE,,,hourly,250,30,,ハイルーフ,5000,1900,2000,2000,4,,https://www.repark.jp/parking_user/time/result/detail/?park=REP0006615&st=4&pref=13
江古田４丁目,repark-rep0017343,東京都中野区江古田４丁目３４ー２,35.723753809302,139.66052518114,self_propelled,2,TRUE,,,hourly,220,25,,ハイルーフ,5000,1900,2000,2000,2,,https://www.repark.jp/parking_user/time/result/detail/?park=REP0017343&st=4&pref=13
中野本町５丁目第５,repark-rep0028191,東京都中野区本町５丁目６ー１１,35.693315624615,139.67344217598,self_propelled,4,TRUE,,,hourly,220,20,,ハイルーフ,5000,1900,2000,2000,4,,https://www.repark.jp/parking_user/time/result/detail/?park=REP0028191&st=4&pref=13
中野丸山１丁目第２,repark-rep0006976,東京都中野区丸山１丁目５,35.723209340576,139.65577560066,self_propelled,7,TRUE,,,hourly,250,25,,ハイルーフ,5000,1900,2000,2000,7,,https://www.repark.jp/parking_user/time/result/detail/?park=REP0006976&st=4&pref=13
中野本町５丁目第２,repark-rep0004978,東京都中野区本町５丁目１４,35.692785109349,139.67252561052,self_propelled,4,TRUE,,,hourly,220,25,,ハイルーフ,5000,1900,2000,2000,4,,https://www.repark.jp/parking_user/time/result/detail/?park=REP0004978&st=4&pref=13
中野若宮１丁目第３,repark-rep0014527,東京都中野区若宮１丁目２０ー１,35.717962531226,139.64727099256,self_propelled,3,TRUE,,,hourly,220,30,,ハイルーフ,5000,1900,2000,2000,3,,https://www.repark.jp/parking_user/time/result/detail/?park=REP0014527&st=4&pref=13
中野丸山１丁目第３,repark-rep0013552,東京都中野区丸山１丁目５ー３,35.723209332911,139.65533674811,self_propelled,1,TRUE,,,hourly,250,30,,ハイルーフ,5000,1900,2000,2000,1,,https://www.repark.jp/parking_user/time/result/detail/?park=REP0013552&st=4&pref=13
中野丸山１丁目第４,repark-rep0025349,東京都中野区丸山１丁目１０ー１３,35.723406518683,139.654470144,self_propelled,2,TRUE,,,hourly,250,25,,ハイルーフ,5000,1900,2000,2000,2,,https://www.repark.jp/parking_user/time/result/detail/?park=REP0025349&st=4&pref=13
東中野１丁目第３,repark-rep0025578,東京都中野区東中野１丁目７ー８,35.701809352044,139.68442976136,self_propelled,11,TRUE,,,hourly,220,15,,ハイルーフ,5000,1900,2000,2000,11,,https://www.repark.jp/parking_user/time/result/detail/?park=REP0025578&st=4&pref=13
中野弥生町２丁目第５,repark-rep0011543,東京都中野区弥生町２丁目４１ー６,35.691318590138,139.67200627618,self_propelled,3,TRUE,,,hourly,220,15,,ハイルーフ,5000,1900,2000,2000,3,,https://www.repark.jp/parking_user/time/result/detail/?park=REP0011543&st=4&pref=13
中野弥生町２丁目第６,repark-rep0012127,東京都中野区弥生町２丁目４９ー１１,35.690538079712,139.66977872012,self_propelled,5,TRUE,,,hourly,230,15,,ハイルーフ,5000,1900,2000,2000,5,,https://www.repark.jp/parking_user/time/result/detail/?park=REP0012127&st=4&pref=13
中野本町２丁目第２,repark-rep0010658,東京都中野区本町２丁目４９ー１,35.695948802109,139.68066367799,self_propelled,3,TRUE,,,hourly,350,20,,ハイルーフ,5000,1900,2000,2000,3,,https://www.repark.jp/parking_user/time/result/detail/?park=REP0010658&st=4&pref=13
中野本町２丁目第１０,repark-rep0027237,東京都中野区本町２丁目４７ー９,35.696229335525,139.68108862978,self_propelled,4,TRUE,,,hourly,350,20,,ハイルーフ,5000,1900,2000,2000,4,,https://www.repark.jp/parking_user/time/result/detail/?park=REP0027237&st=4&pref=13
中野本町２丁目第３,repark-rep0014031,東京都中野区本町２丁目４３ー６,35.695868255937,139.68073311993,self_propelled,3,TRUE,,,hourly,350,20,,ハイルーフ,5000,1900,2000,2000,3,,https://www.repark.jp/parking_user/time/result/detail/?park=REP0014031&st=4&pref=13
江古田１丁目,repark-rep0022493,東京都中野区江古田１丁目３５ー１０,35.724851119137,139.67221582572,self_propelled,5,TRUE,,,hourly,220,25,,ハイルーフ,5000,1900,2000,2000,5,,https://www.repark.jp/parking_user/time/result/detail/?park=REP0022493&st=4&pref=13
中野本町２丁目第９,repark-rep0025105,東京都中野区本町２丁目４３ー１０,35.695890482576,139.6810775353,self_propelled,2,TRUE,,,hourly,350,20,,ハイルーフ,5000,1900,2000,2000,2,,https://www.repark.jp/parking_user/time/result/detail/?park=REP0025105&st=4&pref=13
江古田４丁目第２,repark-rep0028429,東京都中野区江古田４丁目２０ー２５,35.726442444295,139.66244711972,self_propelled,5,TRUE,,,hourly,220,30,,ハイルーフ,5000,1900,2000,2000,5,,https://www.repark.jp/parking_user/time/result/detail/?park=REP0028429&st=4&pref=13
ユニゾンモール駐車場,repark-rep0004798,東京都中野区東中野５丁目１,35.706478340337,139.68687378839,self_propelled,63,TRUE,,,hourly,100,10,,ハイルーフ,5300,2000,2000,2000,63,,https://www.repark.jp/parking_user/time/result/detail/?park=REP0004798&st=4&pref=13
野方６丁目第３,repark-rep0018215,東京都中野区野方６丁目５３ー１３,35.723248118596,139.64965943982,self_propelled,4,TRUE,,,hourly,220,25,,ハイルーフ,5000,1900,2000,2000,4,,https://www.repark.jp/parking_user/time/result/detail/?park=REP0018215&st=4&pref=13
江古田氷川神社,repark-rep0013281,東京都中野区江古田３丁目１３ー６,35.72701744727,139.66613845368,self_propelled,6,TRUE,,,hourly,220,15,,ハイルーフ,5000,1900,2000,2000,6,,https://www.repark.jp/parking_user/time/result/detail/?park=REP0013281&st=4&pref=13
中野弥生町４丁目第３,repark-rep0024712,東京都中野区弥生町４丁目７ー３,35.689779882779,139.67292571568,self_propelled,17,TRUE,,,hourly,220,15,,ハイルーフ,5000,1900,2000,2000,17,,https://www.repark.jp/parking_user/time/result/detail/?park=REP0024712&st=4&pref=13
中野丸山２丁目,repark-rep0025504,東京都中野区丸山２丁目２５ー１９,35.724031373736,139.64999826461,self_propelled,7,TRUE,,,hourly,220,40,,ハイルーフ,5000,1900,2000,2000,7,,https://www.repark.jp/parking_user/time/result/detail/?park=REP0025504&st=4&pref=13
中野本町２丁目第７,repark-rep0018687,東京都中野区本町２丁目２９ー５,35.695018373137,139.68223859004,self_propelled,1,TRUE,,,hourly,220,15,,ハイルーフ,5000,1900,2000,2000,1,,https://www.repark.jp/parking_user/time/result/detail/?park=REP0018687&st=4&pref=13
中野弥生町１丁目第２,repark-rep0006580,東京都中野区弥生町１丁目２８,35.691279821947,139.67862795104,self_propelled,4,TRUE,,,hourly,220,20,,ハイルーフ,5000,1900,2000,2000,4,,https://www.repark.jp/parking_user/time/result/detail/?park=REP0006580&st=4&pref=13
東中野５丁目,repark-rep0014476,東京都中野区東中野５丁目１７ー１６,35.710361294446,139.68895954737,self_propelled,5,TRUE,,,hourly,220,15,,ハイルーフ,5000,1900,2000,2000,5,,https://www.repark.jp/parking_user/time/result/detail/?park=REP0014476&st=4&pref=13
中野弥生町４丁目第２,repark-rep0010866,東京都中野区弥生町４丁目２８ー４,35.687835588252,139.66963441154,self_propelled,3,TRUE,,,hourly,220,20,,ハイルーフ,5000,1900,2000,2000,3,,https://www.repark.jp/parking_user/time/result/detail/?park=REP0010866&st=4&pref=13
中野中央１丁目第３,repark-rep0006728,東京都中野区中央１丁目２１－１３,35.697668154094,139.68592427293,self_propelled,3,TRUE,,,hourly,330,12,,ハイルーフ,5000,1900,2000,2000,3,,https://www.repark.jp/parking_user/time/result/detail/?park=REP0006728&st=4&pref=13
中野弥生町１丁目第４,repark-rep0007624,東京都中野区弥生町１丁目４８ー４,35.689643839911,139.67605046243,self_propelled,3,TRUE,,,hourly,220,25,,ハイルーフ,5000,1900,2000,2000,3,,https://www.repark.jp/parking_user/time/result/detail/?park=REP0007624&st=4&pref=13
江原町１丁目第３,repark-rep0028741,東京都中野区江原町１丁目２８‐５,35.727642487248,139.67225458296,self_propelled,3,TRUE,,,hourly,220,30,,ハイルーフ,5000,1900,2000,2000,3,,https://www.repark.jp/parking_user/time/result/detail/?park=REP0028741&st=4&pref=13
中野弥生町１丁目第８,repark-rep0025274,東京都中野区弥生町１丁目５０ー６,35.689752175714,139.67681705978,self_propelled,5,TRUE,,,hourly,220,25,,ハイルーフ,5000,1900,2000,2000,5,,https://www.repark.jp/parking_user/time/result/detail/?park=REP0025274&st=4&pref=13
中野弥生町１丁目第９,repark-rep0026775,東京都中野区弥生町１丁目２２ー１５,35.691254843977,139.67973619316,self_propelled,32,TRUE,,,hourly,220,20,,ハイルーフ,5000,1900,2000,2000,32,,https://www.repark.jp/parking_user/time/result/detail/?park=REP0026775&st=4&pref=13
コーシャハイム中野弥生町,repark-rep0020533,東京都中野区弥生町６丁目２,35.686746692247,139.66256560474,self_propelled,14,TRUE,,,hourly,220,30,,ハイルーフ,5000,1900,2000,2000,14,,https://www.repark.jp/parking_user/time/result/detail/?park=REP0020533&st=4&pref=13
中野本町１丁目,repark-rep0022541,東京都中野区本町１丁目１８ー１,35.694674011334,139.68483561221,self_propelled,3,TRUE,,,hourly,220,15,,ハイルーフ,5000,1900,2000,2000,3,,https://www.repark.jp/parking_user/time/result/detail/?park=REP0022541&st=4&pref=13
鷺宮２丁目,repark-rep0017929,東京都中野区鷺宮２丁目１６ー１０,35.726042253882,139.64909546899,self_propelled,8,TRUE,,,hourly,220,40,,ハイルーフ,5000,1900,2000,2000,8,,https://www.repark.jp/parking_user/time/result/detail/?park=REP0017929&st=4&pref=13
中野弥生町３丁目第５,repark-rep0016050,東京都中野区弥生町３丁目５ー１９,35.688393965934,139.67561166743,self_propelled,5,TRUE,,,hourly,220,20,,ハイルーフ,5000,1900,2000,2000,5,,https://www.repark.jp/parking_user/time/result/detail/?park=REP0016050&st=4&pref=13
中野弥生町１丁目第６,repark-rep0012598,東京都中野区弥生町１丁目４０ー９,35.688046796253,139.67648105521,self_propelled,2,TRUE,,,hourly,220,20,,ハイルーフ,5000,1900,2000,2000,2,,https://www.repark.jp/parking_user/time/result/detail/?park=REP0012598&st=4&pref=13
中野弥生町６丁目,repark-rep0027533,東京都中野区弥生町６丁目４２－６,35.685246822741,139.66085192713,self_propelled,3,TRUE,,,hourly,220,20,,ハイルーフ,5000,1900,2000,2000,3,,https://www.repark.jp/parking_user/time/result/detail/?park=REP0027533&st=4&pref=13
中野弥生町３丁目第６,repark-rep0018787,東京都中野区弥生町３丁目１７,35.686766346822,139.67468404141,self_propelled,2,TRUE,,,hourly,150,15,,ハイルーフ,5000,1900,2000,2000,2,,https://www.repark.jp/parking_user/time/result/detail/?park=REP0018787&st=4&pref=13
鷺宮３丁目,repark-rep0007055,東京都中野区鷺宮３丁目１１番地,35.723247987713,139.64216561818,self_propelled,2,TRUE,,,hourly,330,25,,ハイルーフ,5000,1900,2000,2000,2,,https://www.repark.jp/parking_user/time/result/detail/?park=REP0007055&st=4&pref=13
東中野５丁目第２,repark-rep0026395,東京都中野区東中野５丁目２３ー１６,35.710133612312,139.69305366185,self_propelled,3,TRUE,,,hourly,220,20,,ハイルーフ,5000,1900,2000,2000,3,,https://www.repark.jp/parking_user/time/result/detail/?park=REP0026395&st=4&pref=13
中野南台５丁目,repark-rep0001825,東京都中野区南台５丁目２５,35.684016405219,139.66118806687,self_propelled,6,TRUE,,,hourly,220,15,,ハイルーフ,5000,1900,2000,2000,6,,https://www.repark.jp/parking_user/time/result/detail/?park=REP0001825&st=4&pref=13
江原町２丁目,repark-rep0027837,東京都中野区江原町２丁目２２ー１４,35.731783653374,139.66893800172,self_propelled,5,TRUE,,,hourly,220,30,,ハイルーフ,5000,1900,2000,2000,5,,https://www.repark.jp/parking_user/time/result/detail/?park=REP0027837&st=4&pref=13
白鷺２丁目,repark-rep0016728,東京都中野区白鷺２丁目３４ー１８,35.719312188627,139.63592187295,self_propelled,3,TRUE,,,hourly,220,30,,ハイルーフ,5000,1900,2000,2000,3,,https://www.repark.jp/parking_user/time/result/detail/?park=REP0016728&st=4&pref=13
鷺宮４丁目,repark-rep0021708,東京都中野区鷺宮４丁目３ー２,35.723406224997,139.6376548745,self_propelled,3,TRUE,,,hourly,220,30,,ハイルーフ,5000,1900,2000,2000,3,,https://www.repark.jp/parking_user/time/result/detail/?park=REP0021708&st=4&pref=13
中野南台５丁目第３,repark-rep0027015,東京都中野区南台５丁目１６ー４,35.680691774508,139.66197148789,self_propelled,3,TRUE,,,hourly,220,20,,ハイルーフ,5000,1900,2000,2000,3,,https://www.repark.jp/parking_user/time/result/detail/?park=REP0027015&st=4&pref=13
かごの屋鷺宮店駐車場,repark-rep0024336,東京都中野区鷺宮５丁目６ー２４かごの屋鷺宮店,35.726916900233,139.63420499936,self_propelled,18,TRUE,,,hourly,200,40,,ハイルーフ,5000,1900,2000,2000,18,,https://www.repark.jp/parking_user/time/result/detail/?park=REP0024336&st=4&pref=13
上鷺宮１丁目,repark-rep0026812,東京都中野区上鷺宮１丁目２２ー３,35.729980473532,139.63489091233,self_propelled,6,TRUE,,,hourly,220,15,,ハイルーフ,5000,1900,2000,2000,6,,https://www.repark.jp/parking_user/time/result/detail/?park=REP0026812&st=4&pref=13
上鷺宮２丁目,repark-rep0025603,東京都中野区上鷺宮２丁目２４ー４０,35.730438748927,139.63439926505,self_propelled,2,TRUE,,,hourly,220,15,,ハイルーフ,5000,1900,2000,2000,2,,https://www.repark.jp/parking_user/time/result/detail/?park=REP0025603&st=4&pref=13
阿佐谷南１丁目第５,repark-rep0018641,東京都杉並区阿佐谷南１丁目１７,35.700930825963,139.63622269436,self_propelled,16,TRUE,,,hourly,330,20,,ハイルーフ,5000,1900,2000,2000,16,,https://www.repark.jp/parking_user/time/result/detail/?park=REP0018641&st=4&pref=13
杉並成田東５丁目第３,repark-rep0023154,東京都杉並区成田東５丁目３４ー２４,35.700308612636,139.63290910921,self_propelled,3,TRUE,,,hourly,220,15,,ハイルーフ,5000,1900,2000,2000,3,,https://www.repark.jp/parking_user/time/result/detail/?park=REP0023154&st=4&pref=13
杉並成田東４丁目,repark-rep0002678,東京都杉並区成田東４丁目１４,35.697006238563,139.6358117982,self_propelled,6,TRUE,,,hourly,220,15,,ハイルーフ,5000,1900,2000,2000,6,,https://www.repark.jp/parking_user/time/result/detail/?park=REP0002678&st=4&pref=13
阿佐谷南３丁目第１０,repark-rep0026680,東京都杉並区阿佐谷南３丁目５ー１４,35.701764026111,139.63366175768,self_propelled,5,TRUE,,,hourly,220,15,,ハイルーフ,5000,1900,2000,2000,5,,https://www.repark.jp/parking_user/time/result/detail/?park=REP0026680&st=4&pref=13
阿佐谷南３丁目第７,repark-rep0012736,東京都杉並区阿佐谷南３丁目２３ー２,35.701869562982,139.63327011835,self_propelled,2,TRUE,,,hourly,220,15,,ハイルーフ,5000,1900,2000,2000,2,,https://www.repark.jp/parking_user/time/result/detail/?park=REP0012736&st=4&pref=13
杉並成田東５丁目第２,repark-rep0020645,東京都杉並区成田東５丁目３３－１５,35.700200271867,139.63180087323,self_propelled,4,TRUE,,,hourly,220,20,,ハイルーフ,5000,1900,2000,2000,4,,https://www.repark.jp/parking_user/time/result/detail/?park=REP0020645&st=4&pref=13
阿佐谷南１丁目第３,repark-rep0015327,東京都杉並区阿佐谷南１丁目４１ー４,35.701639137375,139.63926685393,self_propelled,5,TRUE,,,hourly,330,20,,ハイルーフ,5000,1900,2000,2000,5,,https://www.repark.jp/parking_user/time/result/detail/?park=REP0015327&st=4&pref=13
杉並成田東４丁目第４,repark-rep0022710,東京都杉並区成田東４丁目１ー４８,35.695698032488,139.63506747626,self_propelled,9,TRUE,,,hourly,220,20,,ハイルーフ,5000,1900,2000,2000,9,,https://www.repark.jp/parking_user/time/result/detail/?park=REP0022710&st=4&pref=13
杉並成田東４丁目第５,repark-rep0025613,東京都杉並区成田東４丁目２１ー１９,35.695262005095,139.63718398656,self_propelled,8,TRUE,,,hourly,220,20,,ハイルーフ,5000,1900,2000,2000,8,,https://www.repark.jp/parking_user/time/result/detail/?park=REP0025613&st=4&pref=13
阿佐谷南３丁目第８,repark-rep0021145,東京都杉並区阿佐谷南３丁目３７,35.704222114433,139.63470600277,self_propelled,5,TRUE,,,hourly,330,10,,ハイルーフ,5000,1900,2000,2000,5,,https://www.repark.jp/parking_user/time/result/detail/?park=REP0021145&st=4&pref=13
阿佐谷南１丁目,repark-rep0007861,東京都杉並区阿佐谷南１丁目４ー１,35.697945146292,139.64263341044,self_propelled,6,TRUE,,,hourly,330,20,,ハイルーフ,5000,1900,2000,2000,6,,https://www.repark.jp/parking_user/time/result/detail/?park=REP0007861&st=4&pref=13
梅里２丁目第３,repark-rep0013379,東京都杉並区梅里２丁目２６ー１５,35.6966758351,139.64246403895,self_propelled,7,TRUE,,,hourly,220,20,,ハイルーフ,5000,1900,2000,2000,7,,https://www.repark.jp/parking_user/time/result/detail/?park=REP0013379&st=4&pref=13
阿佐ヶ谷南３丁目第２,repark-rep0001858,東京都杉並区阿佐谷南３丁目３８－２０,35.704030440571,139.6331394747,self_propelled,8,TRUE,,,hourly,220,15,,ハイルーフ,5000,1900,2000,2000,8,,https://www.repark.jp/parking_user/time/result/detail/?park=REP0001858&st=4&pref=13
杉並成田東５丁目,repark-rep0016380,東京都杉並区成田東５丁目２ー７,35.696470086568,139.63018173546,self_propelled,3,TRUE,,,hourly,330,20,,ハイルーフ,5000,1900,2000,2000,3,,https://www.repark.jp/parking_user/time/result/detail/?park=REP0016380&st=4&pref=13
杉並松ノ木３丁目,repark-rep0003465,東京都杉並区松ノ木３丁目２１,35.694281633524,139.6417392094,self_propelled,7,TRUE,,,hourly,220,30,,ハイルーフ,5000,1900,2000,2000,7,,https://www.repark.jp/parking_user/time/result/detail/?park=REP0003465&st=4&pref=13
阿佐谷南３丁目第９,repark-rep0021572,東京都杉並区阿佐谷南３丁目１７－７,35.703447112667,139.62985921798,self_propelled,2,TRUE,,,hourly,220,20,,ハイルーフ,5000,1900,2000,2000,2,,https://www.repark.jp/parking_user/time/result/detail/?park=REP0021572&st=4&pref=13
阿佐谷南２丁目第３,repark-rep0025281,東京都杉並区阿佐谷南２丁目２ー１１,35.70318905218,139.64388028842,self_propelled,5,TRUE,,,hourly,330,20,,ハイルーフ,5000,1900,2000,2000,5,,https://www.repark.jp/parking_user/time/result/detail/?park=REP0025281&st=4&pref=13
杉並成田東２丁目,repark-rep0008034,東京都杉並区成田東２丁目３３ー９,35.69204289675,139.63674528222,self_propelled,13,TRUE,,,hourly,220,25,,ハイルーフ,5000,1900,2000,2000,13,,https://www.repark.jp/parking_user/time/result/detail/?park=REP0008034&st=4&pref=13
高円寺南３丁目第４,repark-rep0026362,東京都杉並区高円寺南３丁目４１ー１４,35.703944535542,139.64440521004,self_propelled,6,TRUE,,,hourly,220,12,,ハイルーフ,5000,1900,2000,2000,6,,https://www.repark.jp/parking_user/time/result/detail/?park=REP0026362&st=4&pref=13
阿佐谷南３丁目第６,repark-rep0010329,東京都杉並区阿佐谷南３丁目４７ー２０,35.704391439504,139.62893425131,self_propelled,3,TRUE,,,hourly,220,12,,ハイルーフ,5000,1900,2000,2000,3,,https://www.repark.jp/parking_user/time/result/detail/?park=REP0010329&st=4&pref=13
杉並成田東２丁目第２,repark-rep0025454,東京都杉並区成田東２丁目３５ー５,35.691412386873,139.63546764036,self_propelled,10,TRUE,,,hourly,220,25,,ハイルーフ,5000,1900,2000,2000,10,,https://www.repark.jp/parking_user/time/result/detail/?park=REP0025454&st=4&pref=13
杉並松ノ木３丁目第２,repark-rep0003592,東京都杉並区松ノ木３丁目８－１６,35.693248439612,139.6433752321,self_propelled,8,TRUE,,,hourly,220,30,,ハイルーフ,5000,1900,2000,2000,8,,https://www.repark.jp/parking_user/time/result/detail/?park=REP0003592&st=4&pref=13
高円寺南３丁目第２,repark-rep0007980,東京都杉並区高円寺南３丁目５１ー１,35.7040028748,139.64506348569,self_propelled,6,TRUE,,,hourly,220,12,,ハイルーフ,5000,1900,2000,2000,6,,https://www.repark.jp/parking_user/time/result/detail/?park=REP0007980&st=4&pref=13
杉並松ノ木３丁目第３,repark-rep0005494,東京都杉並区松ノ木３丁目２７－１６,35.695120502273,139.64571661845,self_propelled,8,TRUE,,,hourly,220,12,,ハイルーフ,5000,1900,2000,2000,8,,https://www.repark.jp/parking_user/time/result/detail/?park=REP0005494&st=4&pref=13
阿佐ヶ谷北２丁目,repark-rep0005932,東京都杉並区阿佐谷北２丁目２５－１３,35.705780191848,139.62961468686,self_propelled,4,TRUE,,,hourly,220,12,,ハイルーフ,5000,1900,2000,2000,4,,https://www.repark.jp/parking_user/time/result/detail/?park=REP0005932&st=4&pref=13
梅里２丁目第４,repark-rep0026043,東京都杉並区梅里２丁目６ー３,35.696278728592,139.64664426508,self_propelled,7,TRUE,,,hourly,220,12,,ハイルーフ,5000,1900,2000,2000,7,,https://www.repark.jp/parking_user/time/result/detail/?park=REP0026043&st=4&pref=13
天沼１丁目第２,repark-rep0021263,東京都杉並区天沼１丁目１３ー１２,35.706077382915,139.62960634086,self_propelled,5,TRUE,,,hourly,220,15,,ハイルーフ,5000,1900,2000,2000,5,,https://www.repark.jp/parking_user/time/result/detail/?park=REP0021263&st=4&pref=13
杉並松ノ木３丁目第５,repark-rep0021908,東京都杉並区松ノ木３丁目３１ー５,35.695223283252,139.64651654728,self_propelled,3,TRUE,,,hourly,220,15,,ハイルーフ,5000,1900,2000,2000,3,,https://www.repark.jp/parking_user/time/result/detail/?park=REP0021908&st=4&pref=13
阿佐谷北３丁目第４,repark-rep0020338,東京都杉並区阿佐谷北３丁目３,35.707702250501,139.63197551329,self_propelled,5,TRUE,,,hourly,330,20,,ハイルーフ,5000,1900,2000,2000,5,,https://www.repark.jp/parking_user/time/result/detail/?park=REP0020338&st=4&pref=13
杉並松ノ木３丁目第４,repark-rep0009354,東京都杉並区松ノ木３丁目２ー７,35.692481884732,139.64510012415,self_propelled,5,TRUE,,,hourly,220,30,,ハイルーフ,5000,1900,2000,2000,5,,https://www.repark.jp/parking_user/time/result/detail/?park=REP0009354&st=4&pref=13
荻窪３丁目,repark-rep0025134,東京都杉並区荻窪３丁目３２ー２７,35.700061262278,139.62404596767,self_propelled,5,TRUE,,,hourly,220,20,,ハイルーフ,5000,1900,2000,2000,5,,https://www.repark.jp/parking_user/time/result/detail/?park=REP0025134&st=4&pref=13
阿佐谷北３丁目第３,repark-rep0016198,東京都杉並区阿佐谷北３丁目１８,35.709343742186,139.63204765371,self_propelled,6,TRUE,,,hourly,220,15,,ハイルーフ,5000,1900,2000,2000,6,,https://www.repark.jp/parking_user/time/result/detail/?park=REP0016198&st=4&pref=13
杉並成田東２丁目第３,repark-rep0026850,東京都杉並区成田東２丁目２６ー２７,35.688734918886,139.6368204283,self_propelled,3,TRUE,,,hourly,220,25,,ハイルーフ,5000,1900,2000,2000,3,,https://www.repark.jp/parking_user/time/result/detail/?park=REP0026850&st=4&pref=13
阿佐ヶ谷北３丁目第２,repark-rep0011617,東京都杉並区阿佐谷北３丁目１３ー１４,35.709907608765,139.63421689259,self_propelled,7,TRUE,,,hourly,220,12,,ハイルーフ,5000,1900,2000,2000,7,,https://www.repark.jp/parking_user/time/result/detail/?park=REP0011617&st=4&pref=13
阿佐谷北５丁目,repark-rep0013601,東京都杉並区阿佐谷北５丁目２３ー１３,35.709874391876,139.64066080296,self_propelled,4,TRUE,,,hourly,220,20,,ハイルーフ,5000,1900,2000,2000,4,,https://www.repark.jp/parking_user/time/result/detail/?park=REP0013601&st=4&pref=13
高円寺北３丁目第２,repark-rep0007664,東京都杉並区高円寺北３丁目１０,35.707388639422,139.64596603283,self_propelled,5,TRUE,,,hourly,220,30,,ハイルーフ,5000,1900,2000,2000,5,,https://www.repark.jp/parking_user/time/result/detail/?park=REP0007664&st=4&pref=13
杉並松ノ木１丁目,repark-rep0012216,東京都杉並区松ノ木１丁目７ー９,35.688954411825,139.64090896765,self_propelled,5,TRUE,,,hourly,220,30,,ハイルーフ,5000,1900,2000,2000,5,,https://www.repark.jp/parking_user/time/result/detail/?park=REP0012216&st=4&pref=13
梅里１丁目第４,repark-rep0026006,東京都杉並区梅里１丁目１０,35.696548202133,139.64998564217,self_propelled,3,TRUE,,,hourly,220,15,,ハイルーフ,5000,1900,2000,2000,3,,https://www.repark.jp/parking_user/time/result/detail/?park=REP0026006&st=4&pref=13
高円寺南２丁目第４,repark-rep0021897,東京都杉並区高円寺南２丁目１２ー２０,35.698403568559,139.65049384753,self_propelled,7,TRUE,,,hourly,220,20,,ハイルーフ,5000,1900,2000,2000,7,,https://www.repark.jp/parking_user/time/result/detail/?park=REP0021897&st=4&pref=13
荻窪４丁目第６,repark-rep0014634,東京都杉並区荻窪４丁目３２ー７,35.704191375855,139.62406522089,self_propelled,9,TRUE,,,hourly,330,12,,ハイルーフ,5000,1900,2000,2000,9,,https://www.repark.jp/parking_user/time/result/detail/?park=REP0014634&st=4&pref=13
梅里１丁目第５,repark-rep0028107,東京都杉並区梅里１丁目１０ー１,35.696103808092,139.6501245401,self_propelled,3,TRUE,,,hourly,220,20,,ハイルーフ,5000,1900,2000,2000,3,,https://www.repark.jp/parking_user/time/result/detail/?park=REP0028107&st=4&pref=13
阿佐谷北４丁目第４,repark-rep0028378,東京都杉並区阿佐谷北４丁目５ー４,35.710821420739,139.63540286302,self_propelled,2,TRUE,,,hourly,220,15,,ハイルーフ,5000,1900,2000,2000,2,,https://www.repark.jp/parking_user/time/result/detail/?park=REP0028378&st=4&pref=13
天沼１丁目,repark-rep0014995,東京都杉並区天沼１丁目３８ー１１,35.709493688353,139.6298839375,self_propelled,8,TRUE,,,hourly,220,20,,ハイルーフ,5000,1900,2000,2000,8,,https://www.repark.jp/parking_user/time/result/detail/?park=REP0014995&st=4&pref=13
高円寺北３丁目第４,repark-rep0017141,東京都杉並区高円寺北３丁目１７ー１２,35.706361007774,139.64805201791,self_propelled,7,TRUE,,,hourly,220,20,,ハイルーフ,5000,1900,2000,2000,7,,https://www.repark.jp/parking_user/time/result/detail/?park=REP0017141&st=4&pref=13
高円寺北３丁目第７,repark-rep0026864,東京都杉並区高円寺北３丁目１４ー１６,35.70716091649,139.6477242303,self_propelled,4,TRUE,,,hourly,220,20,,ハイルーフ,5000,1900,2000,2000,4,,https://www.repark.jp/parking_user/time/result/detail/?park=REP0026864&st=4&pref=13
杉並松ノ木１丁目第２,repark-rep0016425,東京都杉並区松ノ木１丁目６ー７,35.687615658403,139.6404729545,self_propelled,3,TRUE,,,hourly,220,30,,ハイルーフ,5000,1900,2000,2000,3,,https://www.repark.jp/parking_user/time/result/detail/?park=REP0016425&st=4&pref=13
高円寺南２丁目第３,repark-rep0016814,東京都杉並区高円寺南２丁目７,35.698561906116,139.65172429405,self_propelled,4,TRUE,,,hourly,220,25,,ハイルーフ,5000,1900,2000,2000,4,,https://www.repark.jp/parking_user/time/result/detail/?park=REP0016814&st=4&pref=13
天沼２丁目第３,repark-rep0027710,東京都杉並区天沼２丁目４ー１２,35.705721758605,139.62351797387,self_propelled,10,TRUE,,,hourly,330,15,,ハイルーフ,5000,1900,2000,2000,10,,https://www.repark.jp/parking_user/time/result/detail/?park=REP0027710&st=4&pref=13
高円寺南４丁目第３,repark-rep0006174,東京都杉並区高円寺南４丁目４番２１,35.702611471174,139.65162133813,self_propelled,18,TRUE,,,hourly,200,12,,ハイルーフ,5000,1900,2000,2000,18,,https://www.repark.jp/parking_user/time/result/detail/?park=REP0006174&st=4&pref=13
高円寺南２丁目第５,repark-rep0026384,東京都杉並区高円寺南２丁目４ー１１,35.698539695079,139.65221592124,self_propelled,8,TRUE,,,hourly,220,25,,ハイルーフ,5000,1900,2000,2000,8,,https://www.repark.jp/parking_user/time/result/detail/?park=REP0026384&st=4&pref=13
天沼２丁目第２,repark-rep0016993,東京都杉並区天沼２丁目１６ー９,35.707535473596,139.62466223933,self_propelled,5,TRUE,,,hourly,220,12,,ハイルーフ,5000,1900,2000,2000,5,,https://www.repark.jp/parking_user/time/result/detail/?park=REP0016993&st=4&pref=13
高円寺南４丁目,repark-rep0004399,東京都杉並区高円寺南４丁目４,35.702486492886,139.65209908221,self_propelled,6,TRUE,,,hourly,220,12,,ハイルーフ,5000,1900,2000,2000,6,,https://www.repark.jp/parking_user/time/result/detail/?park=REP0004399&st=4&pref=13
杉並堀ノ内３丁目第３,repark-rep0005555,東京都杉並区堀ノ内３丁目１６－４１,35.692637513259,139.65020524901,self_propelled,2,TRUE,,,hourly,220,20,,ハイルーフ,5000,1900,2000,2000,2,,https://www.repark.jp/parking_user/time/result/detail/?park=REP0005555&st=4&pref=13
杉並堀ノ内３丁目第４,repark-rep0006920,東京都杉並区堀ノ内３丁目１１番,35.692481974721,139.65025247425,self_propelled,6,TRUE,,,hourly,220,20,,ハイルーフ,5000,1900,2000,2000,6,,https://www.repark.jp/parking_user/time/result/detail/?park=REP0006920&st=4&pref=13
高円寺南４丁目第６,repark-rep0028516,東京都杉並区高円寺南４丁目１２ー１３,35.702811462396,139.65234349095,self_propelled,4,TRUE,,,hourly,220,15,,ハイルーフ,5000,1900,2000,2000,4,,https://www.repark.jp/parking_user/time/result/detail/?park=REP0028516&st=4&pref=13
高円寺南４丁目第２,repark-rep0005332,東京都杉並区高円寺南４丁目４３番３号,35.705191746011,139.65138235017,self_propelled,2,TRUE,,,hourly,220,12,,ハイルーフ,5000,1900,2000,2000,2,,https://www.repark.jp/parking_user/time/result/detail/?park=REP0005332&st=4&pref=13
高円寺南４丁目第４,repark-rep0008166,東京都杉並区高円寺南４丁目１８ー７,35.703105876264,139.65242124893,self_propelled,12,TRUE,,,hourly,220,12,,ハイルーフ,5000,1900,2000,2000,12,,https://www.repark.jp/parking_user/time/result/detail/?park=REP0008166&st=4&pref=13
阿佐谷北６丁目第３,repark-rep0017255,東京都杉並区阿佐谷北６丁目５,35.712657414052,139.63990795934,self_propelled,2,TRUE,,,hourly,220,15,,ハイルーフ,5000,1900,2000,2000,2,,https://www.repark.jp/parking_user/time/result/detail/?park=REP0017255&st=4&pref=13
阿佐ヶ谷北４丁目,repark-rep0000916,東京都杉並区阿佐谷北４丁目２８－１５,35.712912905706,139.63778867957,self_propelled,13,TRUE,,,hourly,220,12,,ハイルーフ,5000,1900,2000,2000,13,,https://www.repark.jp/parking_user/time/result/detail/?park=REP0000916&st=4&pref=13
荻窪４丁目第２,repark-rep0003404,東京都杉並区荻窪４丁目１２,35.701655468807,139.6202128796,self_propelled,12,TRUE,,,hourly,330,15,,ハイルーフ,5000,1900,2000,2000,12,,https://www.repark.jp/parking_user/time/result/detail/?park=REP0003404&st=4&pref=13
杉並堀ノ内３丁目,repark-rep0003154,東京都杉並区堀ノ内３丁目９－６,35.691465421576,139.65048861244,self_propelled,5,TRUE,,,hourly,330,20,,ハイルーフ,5000,1900,2000,2000,5,,https://www.repark.jp/parking_user/time/result/detail/?park=REP0003154&st=4&pref=13
阿佐谷北４丁目第３,repark-rep0017258,東京都杉並区阿佐谷北４丁目２２ー７,35.712996170077,139.6343695147,self_propelled,12,TRUE,,,hourly,220,12,,ハイルーフ,5000,1900,2000,2000,12,,https://www.repark.jp/parking_user/time/result/detail/?park=REP0017258&st=4&pref=13
天沼３丁目,repark-rep0020149,東京都杉並区天沼３丁目２ー１７,35.705882820842,139.62171256039,self_propelled,5,TRUE,,,hourly,330,15,,ハイルーフ,5000,1900,2000,2000,5,,https://www.repark.jp/parking_user/time/result/detail/?park=REP0020149&st=4&pref=13
荻窪４丁目第５,repark-rep0014189,東京都杉並区荻窪４丁目５ー１３,35.699372371374,139.61971858178,self_propelled,3,TRUE,,,hourly,220,20,,ハイルーフ,5000,1900,2000,2000,3,,https://www.repark.jp/parking_user/time/result/detail/?park=REP0014189&st=4&pref=13
高円寺北２丁目第４,repark-rep0022848,東京都杉並区高円寺北２丁目２２ー１５,35.707866441922,139.6503517576,self_propelled,4,TRUE,,,hourly,220,20,,ハイルーフ,5000,1900,2000,2000,4,,https://www.repark.jp/parking_user/time/result/detail/?park=REP0022848&st=4&pref=13
荻窪４丁目第１０,repark-rep0027286,東京都杉並区荻窪４丁目５ー５,35.699064066354,139.61943250873,self_propelled,5,TRUE,,,hourly,220,20,,ハイルーフ,5000,1900,2000,2000,5,,https://www.repark.jp/parking_user/time/result/detail/?park=REP0027286&st=4&pref=13
高円寺北３丁目第６,repark-rep0025963,東京都杉並区高円寺北３丁目４３ー９,35.710013397147,139.64816850605,self_propelled,6,TRUE,,,hourly,440,20,,ハイルーフ,5000,1900,2000,2000,6,,https://www.repark.jp/parking_user/time/result/detail/?park=REP0025963&st=4&pref=13
高円寺南２丁目第６,repark-rep0028739,東京都杉並区高円寺南２丁目３６‐１７,35.700997795965,139.65397955059,self_propelled,5,TRUE,,,hourly,220,20,,ハイルーフ,5000,1900,2000,2000,5,,https://www.repark.jp/parking_user/time/result/detail/?park=REP0028739&st=4&pref=13
本天沼１丁目第２,repark-rep0025295,東京都杉並区本天沼１丁目１１ー６,35.712860019495,139.6312697784,self_propelled,5,TRUE,,,hourly,220,25,,ハイルーフ,5000,1900,2000,2000,5,,https://www.repark.jp/parking_user/time/result/detail/?park=REP0025295&st=4&pref=13
高円寺北２丁目第５,repark-rep0026011,東京都杉並区高円寺北２丁目２２ー１９,35.707855340358,139.65082394089,self_propelled,9,TRUE,,,hourly,220,20,,ハイルーフ,5000,1900,2000,2000,9,,https://www.repark.jp/parking_user/time/result/detail/?park=REP0026011&st=4&pref=13
阿佐谷北６丁目第２,repark-rep0015874,東京都杉並区阿佐谷北６丁目２２ー１,35.713957198806,139.63554437288,self_propelled,2,TRUE,,,hourly,220,12,,ハイルーフ,5000,1900,2000,2000,2,,https://www.repark.jp/parking_user/time/result/detail/?park=REP0015874&st=4&pref=13
本天沼１丁目,repark-rep0016458,東京都杉並区本天沼１丁目１４ー６,35.713226622928,139.62987543332,self_propelled,5,TRUE,,,hourly,220,20,,ハイルーフ,5000,1900,2000,2000,5,,https://www.repark.jp/parking_user/time/result/detail/?park=REP0016458&st=4&pref=13
荻窪５丁目第５,repark-rep0012274,東京都杉並区荻窪５丁目８ー９,35.703046963586,139.61887403771,self_propelled,9,TRUE,,,hourly,330,12,,ハイルーフ,5000,1900,2000,2000,9,,https://www.repark.jp/parking_user/time/result/detail/?park=REP0012274&st=4&pref=13
高円寺北２丁目第３,repark-rep0013380,東京都杉並区高円寺北２丁目２ー２４,35.70601391314,139.65321827084,self_propelled,3,TRUE,,,hourly,330,15,,ハイルーフ,5000,1900,2000,2000,3,,https://www.repark.jp/parking_user/time/result/detail/?park=REP0013380&st=4&pref=13
荻窪１丁目第３,repark-rep0006453,東京都杉並区荻窪１丁目１９番５,35.692775855675,139.61976054804,self_propelled,4,TRUE,,,hourly,220,20,,ハイルーフ,5000,1900,2000,2000,4,,https://www.repark.jp/parking_user/time/result/detail/?park=REP0006453&st=4&pref=13
阿佐ヶ谷北６丁目,repark-rep0003938,東京都杉並区阿佐谷北６丁目２２,35.71462934309,139.63521103661,self_propelled,7,TRUE,,,hourly,220,12,,ハイルーフ,5000,1900,2000,2000,7,,https://www.repark.jp/parking_user/time/result/detail/?park=REP0003938&st=4&pref=13
荻窪５丁目第７,repark-rep0016994,東京都杉並区荻窪５丁目１３ー１５,35.702813633371,139.61760470987,self_propelled,8,TRUE,,,hourly,330,20,,ハイルーフ,5000,1900,2000,2000,8,,https://www.repark.jp/parking_user/time/result/detail/?park=REP0016994&st=4&pref=13
杉並堀ノ内３丁目第６,repark-rep0019459,東京都杉並区堀ノ内３丁目１,35.691521030692,139.65392721331,self_propelled,3,TRUE,,,hourly,220,20,,ハイルーフ,5000,1900,2000,2000,3,,https://www.repark.jp/parking_user/time/result/detail/?park=REP0019459&st=4&pref=13
高円寺南５丁目第２,repark-rep0019322,東京都杉並区高円寺南５丁目８ー１,35.701772754604,139.65635709445,self_propelled,2,TRUE,,,hourly,220,15,,ハイルーフ,5000,1900,2000,2000,2,,https://www.repark.jp/parking_user/time/result/detail/?park=REP0019322&st=4&pref=13
杉並堀ノ内３丁目第７,repark-rep0027021,東京都杉並区堀ノ内３丁目４９ー２６,35.691907109517,139.65444937417,self_propelled,11,TRUE,,,hourly,220,15,,ハイルーフ,5000,1900,2000,2000,11,,https://www.repark.jp/parking_user/time/result/detail/?park=REP0027021&st=4&pref=13
杉並和田３丁目,repark-rep0012434,東京都杉並区和田３丁目２０ー５,35.693918026677,139.65566584754,self_propelled,5,TRUE,,,hourly,220,15,,ハイルーフ,5000,1900,2000,2000,5,,https://www.repark.jp/parking_user/time/result/detail/?park=REP0012434&st=4&pref=13
荻窪１丁目第４,repark-rep0016047,東京都杉並区荻窪１丁目４,35.692350877843,139.61842734533,self_propelled,3,TRUE,,,hourly,220,20,,ハイルーフ,5000,1900,2000,2000,3,,https://www.repark.jp/parking_user/time/result/detail/?park=REP0016047&st=4&pref=13
浜田山４丁目第２,repark-rep0012597,東京都杉並区浜田山４丁目３ー２４,35.683079918539,139.63394592742,self_propelled,3,TRUE,,,hourly,220,15,,ハイルーフ,5000,1900,2000,2000,3,,https://www.repark.jp/parking_user/time/result/detail/?park=REP0012597&st=4&pref=13
杉並大宮２丁目,repark-rep0001634,東京都杉並区大宮２丁目１８－１２,35.682849439492,139.63694013437,self_propelled,7,TRUE,,,hourly,220,15,,ハイルーフ,5000,1900,2000,2000,7,,https://www.repark.jp/parking_user/time/result/detail/?park=REP0001634&st=4&pref=13
荻窪１丁目,repark-rep0003114,東京都杉並区荻窪１丁目２５－１０,35.693089677341,139.61782736114,self_propelled,10,TRUE,,,hourly,100,15,,ハイルーフ,5000,1900,2000,2000,10,,https://www.repark.jp/parking_user/time/result/detail/?park=REP0003114&st=4&pref=13
高円寺南１丁目第５,repark-rep0026849,東京都杉並区高円寺南１丁目２１ー７,35.700453471075,139.65746539716,self_propelled,5,TRUE,,,hourly,330,15,,ハイルーフ,5000,1900,2000,2000,5,,https://www.repark.jp/parking_user/time/result/detail/?park=REP0026849&st=4&pref=13
高円寺北１丁目第３,repark-rep0028275,東京都杉並区高円寺北１丁目１７ー１１,35.707577666609,139.65503471498,self_propelled,6,TRUE,,,hourly,220,20,,ハイルーフ,5000,1900,2000,2000,6,,https://www.repark.jp/parking_user/time/result/detail/?park=REP0028275&st=4&pref=13
高円寺南１丁目第２,repark-rep0004409,東京都杉並区高円寺南１丁目２１－１０,35.700736776392,139.65761537166,self_propelled,2,TRUE,,,hourly,330,15,,ハイルーフ,5000,1900,2000,2000,2,,https://www.repark.jp/parking_user/time/result/detail/?park=REP0004409&st=4&pref=13
杉並和田３丁目第８,repark-rep0028848,東京都杉並区和田３丁目１４ー１,35.692301538915,139.6559714516,self_propelled,6,TRUE,,,hourly,220,12,,ハイルーフ,5000,1900,2000,2000,6,,https://www.repark.jp/parking_user/time/result/detail/?park=REP0028848&st=4&pref=13
高井戸東４丁目,repark-rep0023856,東京都杉並区高井戸東４丁目１６ー２７,35.68862908343,139.62011626544,self_propelled,3,TRUE,,,hourly,220,20,,ハイルーフ,5000,1900,2000,2000,3,,https://www.repark.jp/parking_user/time/result/detail/?park=REP0023856&st=4&pref=13
杉並和田３丁目第５,repark-rep0025476,東京都杉並区和田３丁目１１ー６,35.692332093219,139.65611865997,self_propelled,4,TRUE,,,hourly,220,12,,ハイルーフ,5000,1900,2000,2000,4,,https://www.repark.jp/parking_user/time/result/detail/?park=REP0025476&st=4&pref=13
杉並清水１丁目,repark-rep0003569,東京都杉並区清水１丁目４,35.709979568406,139.61963754408,self_propelled,7,TRUE,,,hourly,220,20,,ハイルーフ,5000,1900,2000,2000,7,,https://www.repark.jp/parking_user/time/result/detail/?park=REP0003569&st=4&pref=13
杉並和田３丁目第７,repark-rep0028273,東京都杉並区和田３丁目４９ー１４,35.697364922522,139.65804326838,self_propelled,10,TRUE,,,hourly,200,20,,ハイルーフ,5000,1900,2000,2000,10,,https://www.repark.jp/parking_user/time/result/detail/?park=REP0028273&st=4&pref=13
本天沼２丁目第２,repark-rep0028335,東京都杉並区本天沼２丁目１３ー１０,35.713357056027,139.62369538456,self_propelled,4,TRUE,,,hourly,220,30,,ハイルーフ,5000,1900,2000,2000,4,,https://www.repark.jp/parking_user/time/result/detail/?park=REP0028335&st=4&pref=13
杉並堀ノ内２丁目,repark-rep0028158,東京都杉並区堀ノ内２丁目２６ー５,35.688982420357,139.65433562929,self_propelled,3,TRUE,,,hourly,220,12,,ハイルーフ,5000,1900,2000,2000,3,,https://www.repark.jp/parking_user/time/result/detail/?park=REP0028158&st=4&pref=13
杉並和田３丁目第３,repark-rep0014522,東京都杉並区和田３丁目１１ー２２,35.692559859131,139.65682136912,self_propelled,3,TRUE,,,hourly,220,12,,ハイルーフ,5000,1900,2000,2000,3,,https://www.repark.jp/parking_user/time/result/detail/?park=REP0014522&st=4&pref=13
杉並和田２丁目第２,repark-rep0028702,東京都杉並区和田２丁目４５‐１０,35.692426539275,139.65675749156,self_propelled,5,TRUE,,,hourly,220,12,,ハイルーフ,5000,1900,2000,2000,5,,https://www.repark.jp/parking_user/time/result/detail/?park=REP0028702&st=4&pref=13
浜田山３丁目第５,repark-rep0025258,東京都杉並区浜田山３丁目１３,35.682091100518,139.63195447234,self_propelled,3,TRUE,,,hourly,220,20,,ハイルーフ,5000,1900,2000,2000,3,,https://www.repark.jp/parking_user/time/result/detail/?park=REP0025258&st=4&pref=13
杉並清水１丁目第２,repark-rep0009068,東京都杉並区清水１丁目２２ー１０,35.711126658135,139.61903198655,self_propelled,2,TRUE,,,hourly,110,20,,ハイルーフ,5000,1900,2000,2000,2,,https://www.repark.jp/parking_user/time/result/detail/?park=REP0009068&st=4&pref=13
本天沼３丁目第２,repark-rep0014526,東京都杉並区本天沼３丁目１４ー１７,35.712918166911,139.62100118452,self_propelled,6,TRUE,,,hourly,220,40,,ハイルーフ,5000,1900,2000,2000,6,,https://www.repark.jp/parking_user/time/result/detail/?park=REP0014526&st=4&pref=13
永福４丁目第３,repark-rep0027038,東京都杉並区永福４丁目２６ー１７,35.681324701165,139.64258417985,self_propelled,6,TRUE,,,hourly,220,20,,ハイルーフ,5000,1900,2000,2000,6,,https://www.repark.jp/parking_user/time/result/detail/?park=REP0027038&st=4&pref=13
杉並清水１丁目第４,repark-rep0023567,東京都杉並区清水１丁目３０,35.711196081804,139.61829315571,self_propelled,3,TRUE,,,hourly,220,30,,ハイルーフ,5000,1900,2000,2000,3,,https://www.repark.jp/parking_user/time/result/detail/?park=REP0023567&st=4&pref=13
杉並和田３丁目第６,repark-rep0027282,東京都杉並区和田３丁目３ー６,35.694243056001,139.65933497186,self_propelled,3,TRUE,,,hourly,220,12,,ハイルーフ,5000,1900,2000,2000,3,,https://www.repark.jp/parking_user/time/result/detail/?park=REP0027282&st=4&pref=13
高円寺南１丁目,repark-rep0004109,東京都杉並区高円寺南１丁目２９－３,35.700339646162,139.66043737758,self_propelled,4,TRUE,,,hourly,330,15,,ハイルーフ,5000,1900,2000,2000,4,,https://www.repark.jp/parking_user/time/result/detail/?park=REP0004109&st=4&pref=13
浜田山３丁目第２,repark-rep0013593,東京都杉並区浜田山３丁目９ー２７,35.680388514915,139.63254339083,self_propelled,4,TRUE,,,hourly,220,30,,ハイルーフ,5000,1900,2000,2000,4,,https://www.repark.jp/parking_user/time/result/detail/?park=REP0013593&st=4&pref=13
杉並清水１丁目第３,repark-rep0017278,東京都杉並区清水１丁目２４ー６,35.710137832741,139.61661834354,self_propelled,10,TRUE,,,hourly,220,20,,ハイルーフ,5000,1900,2000,2000,10,,https://www.repark.jp/parking_user/time/result/detail/?park=REP0017278&st=4&pref=13
上荻２丁目,repark-rep0003876,東京都杉並区上荻２丁目４１－３,35.707954692663,139.61435196528,self_propelled,9,TRUE,,,hourly,220,15,,ハイルーフ,5000,1900,2000,2000,9,,https://www.repark.jp/parking_user/time/result/detail/?park=REP0003876&st=4&pref=13
南荻窪１丁目第２,repark-rep0025475,東京都杉並区南荻窪１丁目３１ー１５,35.696908609716,139.61192211971,self_propelled,3,TRUE,,,hourly,220,20,,ハイルーフ,5000,1900,2000,2000,3,,https://www.repark.jp/parking_user/time/result/detail/?park=REP0025475&st=4&pref=13
桃井１丁目第５,repark-rep0024153,東京都杉並区桃井１丁目１ー１４,35.709201787124,139.6146296628,self_propelled,4,TRUE,,,hourly,220,20,,ハイルーフ,5000,1900,2000,2000,4,,https://www.repark.jp/parking_user/time/result/detail/?park=REP0024153&st=4&pref=13
上荻２丁目第２,repark-rep0027340,東京都杉並区上荻２丁目４ー５,35.704393915129,139.6116384656,self_propelled,7,TRUE,,,hourly,220,20,,ハイルーフ,5000,1900,2000,2000,7,,https://www.repark.jp/parking_user/time/result/detail/?park=REP0027340&st=4&pref=13
杉並宮前１丁目第２,repark-rep0009447,東京都杉並区宮前１丁目１７ー２２,35.691031471648,139.61256955957,self_propelled,6,TRUE,,,hourly,220,20,,ハイルーフ,5000,1900,2000,2000,6,,https://www.repark.jp/parking_user/time/result/detail/?park=REP0009447&st=4&pref=13
桃井１丁目第６,repark-rep0025753,東京都杉並区桃井１丁目１５ー２,35.710234995686,139.61383245943,self_propelled,8,TRUE,,,hourly,200,20,,ハイルーフ,5000,1900,2000,2000,8,,https://www.repark.jp/parking_user/time/result/detail/?park=REP0025753&st=4&pref=13
永福３丁目第２,repark-rep0001673,東京都杉並区永福３丁目３０,35.6777166295,139.63545160534,self_propelled,4,TRUE,,,hourly,220,15,,ハイルーフ,5000,1900,2000,2000,4,,https://www.repark.jp/parking_user/time/result/detail/?park=REP0001673&st=4&pref=13
桃井１丁目第７,repark-rep0028293,東京都杉並区桃井１丁目８ー１０,35.710307204092,139.61349637201,self_propelled,5,TRUE,,,hourly,220,20,,ハイルーフ,5000,1900,2000,2000,5,,https://www.repark.jp/parking_user/time/result/detail/?park=REP0028293&st=4&pref=13
杉並清水３丁目第２,repark-rep0028339,東京都杉並区清水３丁目４ー６,35.715340083817,139.61836518092,self_propelled,4,TRUE,,,hourly,220,30,,ハイルーフ,5000,1900,2000,2000,4,,https://www.repark.jp/parking_user/time/result/detail/?park=REP0028339&st=4&pref=13
杉並和泉４丁目第７,repark-rep0027559,東京都杉並区和泉４丁目４６ー１,35.681977591704,139.65302494969,self_propelled,16,TRUE,,,hourly,220,25,,ハイルーフ,5000,1900,2000,2000,16,,https://www.repark.jp/parking_user/time/result/detail/?park=REP0027559&st=4&pref=13
杉並堀ノ内１丁目第３,repark-rep0025408,東京都杉並区堀ノ内１丁目４ー６,35.683766333915,139.65557465557,self_propelled,3,TRUE,,,hourly,330,15,,ハイルーフ,5000,1900,2000,2000,3,,https://www.repark.jp/parking_user/time/result/detail/?park=REP0025408&st=4&pref=13
桃井１丁目第４,repark-rep0014718,東京都杉並区桃井１丁目８ー９,35.710387748275,139.61331305053,self_propelled,4,TRUE,,,hourly,220,20,,ハイルーフ,5000,1900,2000,2000,4,,https://www.repark.jp/parking_user/time/result/detail/?park=REP0014718&st=4&pref=13
浜田山１丁目,repark-rep0012957,東京都杉並区浜田山１丁目１７ー１０,35.677586031384,139.63224076701,self_propelled,6,TRUE,,,hourly,220,20,,ハイルーフ,5000,1900,2000,2000,6,,https://www.repark.jp/parking_user/time/result/detail/?park=REP0012957&st=4&pref=13
杉並和泉４丁目,repark-rep0000870,東京都杉並区和泉４丁目４８－１５,35.683033070923,139.65514972462,self_propelled,4,TRUE,,,hourly,330,12,,ハイルーフ,5000,1900,2000,2000,4,,https://www.repark.jp/parking_user/time/result/detail/?park=REP0000870&st=4&pref=13
和泉３丁目第３,repark-rep0007545,東京都杉並区和泉３丁目２６ー１０,35.679058364778,139.64763386483,self_propelled,5,TRUE,,,hourly,220,25,,ハイルーフ,5000,1900,2000,2000,5,,https://www.repark.jp/parking_user/time/result/detail/?park=REP0007545&st=4&pref=13
南荻窪３丁目第４,repark-rep0014562,東京都杉並区南荻窪３丁目１８ー１９,35.702021909872,139.60952208358,self_propelled,4,TRUE,,,hourly,220,15,,ハイルーフ,5000,1900,2000,2000,4,,https://www.repark.jp/parking_user/time/result/detail/?park=REP0014562&st=4&pref=13
高井戸東１丁目第２,repark-rep0020990,東京都杉並区高井戸東１丁目２７ー１６,35.680893823402,139.62152483765,self_propelled,4,TRUE,,,hourly,220,20,,ハイルーフ,5000,1900,2000,2000,4,,https://www.repark.jp/parking_user/time/result/detail/?park=REP0020990&st=4&pref=13
浜田山１丁目第２,repark-rep0018943,東京都杉並区浜田山１丁目１１ー２０,35.677933169047,139.62953819747,self_propelled,6,TRUE,,,hourly,220,15,,ハイルーフ,5000,1900,2000,2000,6,,https://www.repark.jp/parking_user/time/result/detail/?park=REP0018943&st=4&pref=13
高井戸東１丁目第３,repark-rep0027898,東京都杉並区高井戸東１丁目２７ー１９,35.680543865831,139.621810941,self_propelled,3,TRUE,,,hourly,220,20,,ハイルーフ,5000,1900,2000,2000,3,,https://www.repark.jp/parking_user/time/result/detail/?park=REP0027898&st=4&pref=13
下井草３丁目第６,repark-rep0018694,東京都杉並区下井草３丁目９ー８,35.718639798458,139.62223415166,self_propelled,6,TRUE,,,hourly,220,15,,ハイルーフ,5000,1900,2000,2000,6,,https://www.repark.jp/parking_user/time/result/detail/?park=REP0018694&st=4&pref=13
杉並堀ノ内１丁目第２,repark-rep0011634,東京都杉並区堀ノ内１丁目１ー３,35.683385833557,139.65643015804,self_propelled,4,TRUE,,,hourly,330,12,,ハイルーフ,5000,1900,2000,2000,4,,https://www.repark.jp/parking_user/time/result/detail/?park=REP0011634&st=4&pref=13
上荻３丁目第５,repark-rep0027135,東京都杉並区上荻３丁目１３ー２０,35.707563003596,139.61063284819,self_propelled,7,TRUE,,,hourly,220,25,,ハイルーフ,5000,1900,2000,2000,7,,https://www.repark.jp/parking_user/time/result/detail/?park=REP0027135&st=4&pref=13
コーシャハイム新中野テラス,repark-rep0024946,東京都杉並区和田１丁目５３ー１,35.694118150189,139.66396237131,self_propelled,2,TRUE,,,hourly,200,30,,ハイルーフ,5000,1900,2000,2000,2,,https://www.repark.jp/parking_user/time/result/detail/?park=REP0024946&st=4&pref=13
コーシャハイム杉並和田,repark-rep0022308,東京都杉並区和田２丁目５ー１東京都住宅供給公社コーシャハイム杉並和田,35.687332705441,139.66055463377,self_propelled,5,TRUE,,,hourly,220,20,,ハイルーフ,5000,1900,2000,2000,5,,https://www.repark.jp/parking_user/time/result/detail/?park=REP0022308&st=4&pref=13
高井戸西２丁目第３,repark-rep0023513,東京都杉並区高井戸西２丁目１４ー３４,35.687018014116,139.61269473398,self_propelled,5,TRUE,,,hourly,220,30,,ハイルーフ,5000,1900,2000,2000,5,,https://www.repark.jp/parking_user/time/result/detail/?park=REP0023513&st=4&pref=13
高井戸西２丁目第４,repark-rep0023514,東京都杉並区高井戸西２丁目１６ー１６,35.686868031275,139.61275862458,self_propelled,8,TRUE,,,hourly,220,30,,ハイルーフ,5000,1900,2000,2000,8,,https://www.repark.jp/parking_user/time/result/detail/?park=REP0023514&st=4&pref=13
方南町駅前,repark-rep0000787,東京都杉並区方南２丁目１９－１,35.683633057399,139.65804945618,self_propelled,12,TRUE,,,hourly,300,10,,ハイルーフ,5000,1900,2000,2000,12,,https://www.repark.jp/parking_user/time/result/detail/?park=REP0000787&st=4&pref=13
永福３丁目第５,repark-rep0026745,東京都杉並区永福３丁目１３ー６,35.675541882539,139.63662105236,self_propelled,6,TRUE,,,hourly,220,20,,ハイルーフ,5000,1900,2000,2000,6,,https://www.repark.jp/parking_user/time/result/detail/?park=REP0026745&st=4&pref=13
南荻窪２丁目,repark-rep0018209,東京都杉並区南荻窪２丁目１８,35.699158280983,139.60687799104,self_propelled,2,TRUE,,,hourly,220,20,,ハイルーフ,5000,1900,2000,2000,2,,https://www.repark.jp/parking_user/time/result/detail/?park=REP0018209&st=4&pref=13
下井草３丁目第５,repark-rep0017907,東京都杉並区下井草３丁目２９ー１５,35.721903393542,139.62539207312,self_propelled,5,TRUE,,,hourly,100,20,,ハイルーフ,5000,1900,2000,2000,5,,https://www.repark.jp/parking_user/time/result/detail/?park=REP0017907&st=4&pref=13
方南２丁目第３,repark-rep0006216,東京都杉並区方南２丁目８－９,35.682122108303,139.65806619136,self_propelled,3,TRUE,,,hourly,220,15,,ハイルーフ,5000,1900,2000,2000,3,,https://www.repark.jp/parking_user/time/result/detail/?park=REP0006216&st=4&pref=13
下井草３丁目,repark-rep0001888,東京都杉並区下井草３丁目２９,35.722278352903,139.62536150239,self_propelled,10,TRUE,,,hourly,100,20,,ハイルーフ,5000,1900,2000,2000,10,,https://www.repark.jp/parking_user/time/result/detail/?park=REP0001888&st=4&pref=13
浜田山２丁目,repark-rep0011038,東京都杉並区浜田山２丁目１ー２５,35.675919454004,139.62716626518,self_propelled,5,TRUE,,,hourly,220,12,,ハイルーフ,5000,1900,2000,2000,5,,https://www.repark.jp/parking_user/time/result/detail/?park=REP0011038&st=4&pref=13
下井草３丁目第２,repark-rep0011612,東京都杉並区下井草３丁目３６ー１,35.722056129589,139.62392552088,self_propelled,6,TRUE,,,hourly,110,15,,ハイルーフ,5000,1900,2000,2000,6,,https://www.repark.jp/parking_user/time/result/detail/?park=REP0011612&st=4&pref=13
永福町２丁目,repark-rep0004381,東京都杉並区永福２丁目５０,35.674650423837,139.6430872234,self_propelled,5,TRUE,,,hourly,220,20,,ハイルーフ,5000,1900,2000,2000,5,,https://www.repark.jp/parking_user/time/result/detail/?park=REP0004381&st=4&pref=13
杉並和田１丁目,repark-rep0008823,東京都杉並区和田１丁目２７ー５,35.69241004831,139.66673444175,self_propelled,4,TRUE,,,hourly,220,20,,ハイルーフ,5000,1900,2000,2000,4,,https://www.repark.jp/parking_user/time/result/detail/?park=REP0008823&st=4&pref=13
下井草２丁目第３,repark-rep0002597,東京都杉並区下井草２丁目４２,35.723411585145,139.62647524671,self_propelled,50,TRUE,,,hourly,100,20,,ハイルーフ,5000,1900,2000,2000,50,,https://www.repark.jp/parking_user/time/result/detail/?park=REP0002597&st=4&pref=13
西友下井草店駐車場,repark-rep0007885,東京都杉並区下井草２丁目４２西友下井草店,35.723453243099,139.62626970587,self_propelled,18,TRUE,,,hourly,200,30,,ハイルーフ,5000,1900,2000,2000,18,,https://www.repark.jp/parking_user/time/result/detail/?park=REP0007885&st=4&pref=13
杉並和泉４丁目第８,repark-rep0027816,東京都杉並区和泉４丁目２７ー１０,35.679527912575,139.65639422667,self_propelled,4,TRUE,,,hourly,220,20,,ハイルーフ,5000,1900,2000,2000,4,,https://www.repark.jp/parking_user/time/result/detail/?park=REP0027816&st=4&pref=13
久我山５丁目第２,repark-rep0013453,東京都杉並区久我山５丁目２６ー１８,35.688128928889,139.6082061666,self_propelled,5,TRUE,,,hourly,220,15,,ハイルーフ,5000,1900,2000,2000,5,,https://www.repark.jp/parking_user/time/result/detail/?park=REP0013453&st=4&pref=13
杉並和泉４丁目第５,repark-rep0019059,東京都杉並区和泉４丁目２７ー１３,35.679377933323,139.6566636562,self_propelled,3,TRUE,,,hourly,220,20,,ハイルーフ,5000,1900,2000,2000,3,,https://www.repark.jp/parking_user/time/result/detail/?park=REP0019059&st=4&pref=13
下井草５丁目第３,repark-rep0024246,東京都杉並区下井草５丁目１ー３,35.719245187481,139.61638183281,self_propelled,8,TRUE,,,hourly,220,15,,ハイルーフ,5000,1900,2000,2000,8,,https://www.repark.jp/parking_user/time/result/detail/?park=REP0024246&st=4&pref=13
上荻３丁目第３,repark-rep0023469,東京都杉並区上荻３丁目１８ー１５,35.710076573478,139.60775519343,self_propelled,8,TRUE,,,hourly,220,25,,ハイルーフ,5000,1900,2000,2000,8,,https://www.repark.jp/parking_user/time/result/detail/?park=REP0023469&st=4&pref=13
下高井戸３丁目第２,repark-rep0027351,東京都杉並区下高井戸３丁目２９ー１,35.673486493795,139.63361028604,self_propelled,7,TRUE,,,hourly,220,30,,ハイルーフ,5000,1900,2000,2000,7,,https://www.repark.jp/parking_user/time/result/detail/?park=REP0027351&st=4&pref=13
高井戸西２丁目第２,repark-rep0015326,東京都杉並区高井戸西２丁目１０ー１９,35.686712415924,139.60835066382,self_propelled,4,TRUE,,,hourly,220,15,,ハイルーフ,5000,1900,2000,2000,4,,https://www.repark.jp/parking_user/time/result/detail/?park=REP0015326&st=4&pref=13
下井草３丁目第３,repark-rep0014486,東京都杉並区下井草３丁目３８ー１５,35.72363651684,139.62394211373,self_propelled,5,TRUE,,,hourly,220,15,,ハイルーフ,5000,1900,2000,2000,5,,https://www.repark.jp/parking_user/time/result/detail/?park=REP0014486&st=4&pref=13
西荻南４丁目,repark-rep0004935,東京都杉並区西荻南４丁目１６,35.702418998189,139.60430027697,self_propelled,10,TRUE,,,hourly,200,15,,ハイルーフ,5000,1900,2000,2000,10,,https://www.repark.jp/parking_user/time/result/detail/?park=REP0004935&st=4&pref=13
下井草駅前第２,repark-rep0004530,東京都杉並区井草１丁目８,35.724211463105,139.62438649435,self_propelled,6,TRUE,,,hourly,220,15,,ハイルーフ,5000,1900,2000,2000,6,,https://www.repark.jp/parking_user/time/result/detail/?park=REP0004530&st=4&pref=13
下井草４丁目第２,repark-rep0027720,東京都杉並区下井草４丁目３２ー２５,35.723261512898,139.62142011745,self_propelled,8,TRUE,,,hourly,220,25,,ハイルーフ,5000,1900,2000,2000,8,,https://www.repark.jp/parking_user/time/result/detail/?park=REP0027720&st=4&pref=13
杉並今川１丁目第２,repark-rep0022747,東京都杉並区今川１丁目１５ー２３,35.717850824459,139.61247944311,self_propelled,6,TRUE,,,hourly,220,20,,ハイルーフ,5000,1900,2000,2000,6,,https://www.repark.jp/parking_user/time/result/detail/?park=REP0022747&st=4&pref=13
方南１丁目第６,repark-rep0028248,東京都杉並区方南１丁目５２ー１０,35.678580818368,139.65791081133,self_propelled,4,TRUE,,,hourly,220,20,,ハイルーフ,5000,1900,2000,2000,4,,https://www.repark.jp/parking_user/time/result/detail/?park=REP0028248&st=4&pref=13
永福１丁目第２,repark-rep0019707,東京都杉並区永福１丁目３２ー９,35.673467273764,139.64631478783,self_propelled,2,TRUE,,,hourly,220,20,,ハイルーフ,5000,1900,2000,2000,2,,https://www.repark.jp/parking_user/time/result/detail/?park=REP0019707&st=4&pref=13
永福２丁目第２,repark-rep0020908,東京都杉並区永福２丁目７,35.672242251628,139.63754612747,self_propelled,4,TRUE,,,hourly,220,20,,ハイルーフ,5000,1900,2000,2000,4,,https://www.repark.jp/parking_user/time/result/detail/?park=REP0020908&st=4&pref=13
高井戸西２丁目第５,repark-rep0027479,東京都杉並区高井戸西２丁目８ー１,35.684720963582,139.60844519267,self_propelled,3,TRUE,,,hourly,220,15,,ハイルーフ,5000,1900,2000,2000,3,,https://www.repark.jp/parking_user/time/result/detail/?park=REP0027479&st=4&pref=13
杉並宮前４丁目,repark-rep0004614,東京都杉並区宮前４丁目３２,35.693322742151,139.603900729,self_propelled,17,TRUE,,,hourly,220,15,,ハイルーフ,5000,1900,2000,2000,17,,https://www.repark.jp/parking_user/time/result/detail/?park=REP0004614&st=4&pref=13
上荻４丁目第３,repark-rep0027148,東京都杉並区上荻４丁目２１ー１９,35.710920894904,139.60590808595,self_propelled,3,TRUE,,,hourly,220,25,,ハイルーフ,5000,1900,2000,2000,3,,https://www.repark.jp/parking_user/time/result/detail/?park=REP0027148&st=4&pref=13
杉並宮前４丁目第２,repark-rep0019075,東京都杉並区宮前４丁目１８ー９,35.693217191861,139.60358131639,self_propelled,8,TRUE,,,hourly,220,15,,ハイルーフ,5000,1900,2000,2000,8,,https://www.repark.jp/parking_user/time/result/detail/?park=REP0019075&st=4&pref=13
西荻南３丁目第３,repark-rep0024023,東京都杉並区西荻南３丁目１９ー６,35.70274949458,139.60291148809,self_propelled,7,TRUE,,,hourly,200,15,,ハイルーフ,5000,1900,2000,2000,7,,https://www.repark.jp/parking_user/time/result/detail/?park=REP0024023&st=4&pref=13
井草１丁目,repark-rep0017292,東京都杉並区井草１丁目１３ー１５,35.725533563583,139.6255252279,self_propelled,6,TRUE,,,hourly,220,30,,ハイルーフ,5000,1900,2000,2000,6,,https://www.repark.jp/parking_user/time/result/detail/?park=REP0017292&st=4&pref=13
下高井戸３丁目,repark-rep0017747,東京都杉並区下高井戸３丁目１３ー５,35.671000671921,139.63494084601,self_propelled,4,TRUE,,,hourly,220,20,,ハイルーフ,5000,1900,2000,2000,4,,https://www.repark.jp/parking_user/time/result/detail/?park=REP0017747&st=4&pref=13
下井草４丁目,repark-rep0025626,東京都杉並区下井草４丁目３０,35.723936389721,139.61850088481,self_propelled,9,TRUE,,,hourly,220,20,,ハイルーフ,5000,1900,2000,2000,9,,https://www.repark.jp/parking_user/time/result/detail/?park=REP0025626&st=4&pref=13
西荻北２丁目第３,repark-rep0025207,東京都杉並区西荻北２丁目５ー１３,35.704560388499,139.60157262689,self_propelled,4,TRUE,,,hourly,330,15,,ハイルーフ,5000,1900,2000,2000,4,,https://www.repark.jp/parking_user/time/result/detail/?park=REP0025207&st=4&pref=13
下高井戸５丁目,repark-rep0008112,東京都杉並区下高井戸５丁目４ー２６,35.671558778814,139.62541383352,self_propelled,6,TRUE,,,hourly,330,20,,ハイルーフ,5000,1900,2000,2000,6,,https://www.repark.jp/parking_user/time/result/detail/?park=REP0008112&st=4&pref=13
上高井戸３丁目,repark-rep0027007,東京都杉並区上高井戸３丁目４ー４,35.67421113397,139.61744770596,self_propelled,6,TRUE,,,hourly,220,20,,ハイルーフ,5000,1900,2000,2000,6,,https://www.repark.jp/parking_user/time/result/detail/?park=REP0027007&st=4&pref=13
杉並今川２丁目第４,repark-rep0025176,東京都杉並区今川２丁目２３ー１１,35.719033971136,139.60905745082,self_propelled,10,TRUE,,,hourly,220,20,,ハイルーフ,5000,1900,2000,2000,10,,https://www.repark.jp/parking_user/time/result/detail/?park=REP0025176&st=4&pref=13
下井草５丁目,repark-rep0011528,東京都杉並区下井草５丁目２２ー１０,35.724011337264,139.61595664866,self_propelled,3,TRUE,,,hourly,220,15,,ハイルーフ,5000,1900,2000,2000,3,,https://www.repark.jp/parking_user/time/result/detail/?park=REP0011528&st=4&pref=13
杉並今川３丁目第３,repark-rep0010934,東京都杉並区今川３丁目１３ー６,35.715706494661,139.60594397361,self_propelled,8,TRUE,,,hourly,220,20,,ハイルーフ,5000,1900,2000,2000,8,,https://www.repark.jp/parking_user/time/result/detail/?park=REP0010934&st=4&pref=13
上井草１丁目第４,repark-rep0017115,東京都杉並区上井草１丁目２３,35.722794759443,139.61361245436,self_propelled,11,TRUE,,,hourly,200,20,,ハイルーフ,5000,1900,2000,2000,11,,https://www.repark.jp/parking_user/time/result/detail/?park=REP0017115&st=4&pref=13
方南１丁目第５,repark-rep0026207,東京都杉並区方南１丁目４６ー２１,35.67891144178,139.6638519697,self_propelled,3,TRUE,,,hourly,220,15,,ハイルーフ,5000,1900,2000,2000,3,,https://www.repark.jp/parking_user/time/result/detail/?park=REP0026207&st=4&pref=13
下井草５丁目第２,repark-rep0019157,東京都杉並区下井草５丁目１９ー８,35.723878002922,139.61512061223,self_propelled,4,TRUE,,,hourly,220,20,,ハイルーフ,5000,1900,2000,2000,4,,https://www.repark.jp/parking_user/time/result/detail/?park=REP0019157&st=4&pref=13
西荻北３丁目第５,repark-rep0016692,東京都杉並区西荻北３丁目４０ー１０,35.706968448065,139.60066425845,self_propelled,4,TRUE,,,hourly,220,20,,ハイルーフ,5000,1900,2000,2000,4,,https://www.repark.jp/parking_user/time/result/detail/?park=REP0016692&st=4&pref=13
井草２丁目,repark-rep0008343,東京都杉並区井草２丁目１０ー１２,35.726408369244,139.61975622273,self_propelled,3,TRUE,,,hourly,220,25,,ハイルーフ,5000,1900,2000,2000,3,,https://www.repark.jp/parking_user/time/result/detail/?park=REP0008343&st=4&pref=13
久我山２丁目,repark-rep0014133,東京都杉並区久我山２丁目１,35.681704584268,139.60638716848,self_propelled,5,TRUE,,,hourly,220,40,,ハイルーフ,5000,1900,2000,2000,5,,https://www.repark.jp/parking_user/time/result/detail/?park=REP0014133&st=4&pref=13
桜上水メディカルモール駐車場,repark-rep0028136,東京都杉並区下高井戸３丁目１ー１８,35.669170290257,139.63371325424,self_propelled,9,TRUE,,,hourly,200,20,,ハイルーフ,5000,1900,2000,2000,9,,https://www.repark.jp/parking_user/time/result/detail/?park=REP0028136&st=4&pref=13
桃井４丁目第３,repark-rep0010639,東京都杉並区桃井４丁目１３ー８,35.714281612815,139.60398309107,self_propelled,2,TRUE,,,hourly,220,30,,ハイルーフ,5000,1900,2000,2000,2,,https://www.repark.jp/parking_user/time/result/detail/?park=REP0010639&st=4&pref=13
桃井４丁目第２,repark-rep0003786,東京都杉並区桃井４丁目１３－８,35.714420488611,139.60407752084,self_propelled,4,TRUE,,,hourly,100,20,,ハイルーフ,5000,1900,2000,2000,4,,https://www.repark.jp/parking_user/time/result/detail/?park=REP0003786&st=4&pref=13
西荻北３丁目第４,repark-rep0013312,東京都杉並区西荻北３丁目３０ー１,35.705524146227,139.59995882854,self_propelled,9,TRUE,,,hourly,330,20,,ハイルーフ,5000,1900,2000,2000,9,,https://www.repark.jp/parking_user/time/result/detail/?park=REP0013312&st=4&pref=13
高井戸西１丁目,repark-rep0020668,東京都杉並区高井戸西１丁目１７－９,35.681293518565,139.60652051034,self_propelled,6,TRUE,,,hourly,220,40,,ハイルーフ,5000,1900,2000,2000,6,,https://www.repark.jp/parking_user/time/result/detail/?park=REP0020668&st=4&pref=13
西荻北５丁目第２,repark-rep0013577,東京都杉並区西荻北５丁目９ー７,35.710209782971,139.60150015077,self_propelled,10,TRUE,,,hourly,110,15,,ハイルーフ,5000,1900,2000,2000,10,,https://www.repark.jp/parking_user/time/result/detail/?park=REP0013577&st=4&pref=13
方南１丁目第３,repark-rep0019378,東京都杉並区方南１丁目１２ー１０,35.676431112636,139.66159393744,self_propelled,6,TRUE,,,hourly,330,15,,ハイルーフ,5000,1900,2000,2000,6,,https://www.repark.jp/parking_user/time/result/detail/?park=REP0019378&st=4&pref=13
西荻南２丁目第３,repark-rep0028855,東京都杉並区西荻南２丁目３‐２,35.697597200676,139.59907593287,self_propelled,13,TRUE,,,hourly,220,20,,ハイルーフ,5000,1900,2000,2000,13,,https://www.repark.jp/parking_user/time/result/detail/?park=REP0028855&st=4&pref=13
上荻４丁目,repark-rep0016003,東京都杉並区上荻４丁目２９ー９,35.711470766711,139.6019361675,self_propelled,3,TRUE,,,hourly,220,25,,ハイルーフ,5000,1900,2000,2000,3,,https://www.repark.jp/parking_user/time/result/detail/?park=REP0016003&st=4&pref=13
杉並今川３丁目第４,repark-rep0011112,東京都杉並区今川３丁目５ー７,35.714975984418,139.60403305495,self_propelled,3,TRUE,,,hourly,220,30,,ハイルーフ,5000,1900,2000,2000,3,,https://www.repark.jp/parking_user/time/result/detail/?park=REP0011112&st=4&pref=13
マクドナルド新青梅井草店第２,repark-rep0024012,東京都杉並区井草２丁目１９ー１６,35.727408283688,139.62098107497,self_propelled,4,TRUE,,,hourly,300,60,,ハイルーフ,5000,1900,2000,2000,4,,https://www.repark.jp/parking_user/time/result/detail/?park=REP0024012&st=4&pref=13
久我山５丁目,repark-rep0010521,東京都杉並区久我山５丁目７ー７,35.687862171702,139.60140952134,self_propelled,6,TRUE,,,hourly,220,20,,ハイルーフ,5000,1900,2000,2000,6,,https://www.repark.jp/parking_user/time/result/detail/?park=REP0010521&st=4&pref=13
マクドナルド新青梅井草店第１,repark-rep0024010,東京都杉並区井草２丁目１９ー１４,35.727424943132,139.62065054565,self_propelled,10,TRUE,,,hourly,300,60,,ハイルーフ,5000,1900,2000,2000,10,,https://www.repark.jp/parking_user/time/result/detail/?park=REP0024010&st=4&pref=13
杉並和泉１丁目第４,repark-rep0013020,東京都杉並区和泉１丁目１１ー１３,35.673184157077,139.65702224462,self_propelled,3,TRUE,,,hourly,220,20,,ハイルーフ,5000,1900,2000,2000,3,,https://www.repark.jp/parking_user/time/result/detail/?park=REP0013020&st=4&pref=13
杉並宮前５丁目第７,repark-rep0010152,東京都杉並区宮前５丁目９ー１８,35.69512245713,139.59860386403,self_propelled,4,TRUE,,,hourly,200,25,,ハイルーフ,5000,1900,2000,2000,4,,https://www.repark.jp/parking_user/time/result/detail/?park=REP0010152&st=4&pref=13
杉並宮前５丁目第６,repark-rep0009670,東京都杉並区宮前５丁目９ー１３,35.695147452516,139.59849276111,self_propelled,4,TRUE,,,hourly,200,25,,ハイルーフ,5000,1900,2000,2000,4,,https://www.repark.jp/parking_user/time/result/detail/?park=REP0009670&st=4&pref=13
西荻窪駅前,repark-rep0016774,東京都杉並区西荻北３丁目１６ー２,35.704477012068,139.59857565763,self_propelled,3,TRUE,,,hourly,330,10,,ハイルーフ,5000,1900,2000,2000,3,,https://www.repark.jp/parking_user/time/result/detail/?park=REP0016774&st=4&pref=13
杉並今川３丁目,repark-rep0002940,東京都杉並区今川３丁目３０－１２,35.719036693487,139.60588826889,self_propelled,5,TRUE,,,hourly,220,20,,ハイルーフ,5000,1900,2000,2000,5,,https://www.repark.jp/parking_user/time/result/detail/?park=REP0002940&st=4&pref=13
久我山駅前,repark-rep0020150,東京都杉並区久我山２丁目１６,35.687087232564,139.60014854974,self_propelled,12,TRUE,,,hourly,220,20,,ハイルーフ,5000,1900,2000,2000,12,,https://www.repark.jp/parking_user/time/result/detail/?park=REP0020150&st=4&pref=13
久我山駅前第３,repark-rep0023868,東京都杉並区久我山２丁目１６,35.687187218474,139.59995411729,self_propelled,7,TRUE,,,hourly,220,20,,ハイルーフ,5000,1900,2000,2000,7,,https://www.repark.jp/parking_user/time/result/detail/?park=REP0023868&st=4&pref=13
下高井戸１丁目第４,repark-rep0022243,東京都杉並区下高井戸１丁目１６ー２,35.666990013389,139.63628536302,self_propelled,3,TRUE,,,hourly,220,15,,ハイルーフ,5000,1900,2000,2000,3,,https://www.repark.jp/parking_user/time/result/detail/?park=REP0022243&st=4&pref=13
久我山４丁目,repark-rep0009495,東京都杉並区久我山４丁目２ー６,35.688950899082,139.59882357396,self_propelled,9,TRUE,,,hourly,200,25,,ハイルーフ,5000,1900,2000,2000,9,,https://www.repark.jp/parking_user/time/result/detail/?park=REP0009495&st=4&pref=13
松庵３丁目,repark-rep0027101,東京都杉並区松庵３丁目２４ー８,35.703063241199,139.59668143604,self_propelled,10,TRUE,,,hourly,220,30,,ハイルーフ,5000,1900,2000,2000,10,,https://www.repark.jp/parking_user/time/result/detail/?park=REP0027101&st=4&pref=13
八幡山駅前,repark-rep0012196,東京都杉並区上高井戸１丁目８ー２３,35.67097535122,139.61642571784,self_propelled,2,TRUE,,,hourly,220,12,,ハイルーフ,5000,1900,2000,2000,2,,https://www.repark.jp/parking_user/time/result/detail/?park=REP0012196&st=4&pref=13
杉並宮前５丁目第５,repark-rep0008178,東京都杉並区宮前５丁目７ー１４,35.693794788973,139.5967624111,self_propelled,7,TRUE,,,hourly,220,30,,ハイルーフ,5000,1900,2000,2000,7,,https://www.repark.jp/parking_user/time/result/detail/?park=REP0008178&st=4&pref=13
上高井戸１丁目第４,repark-rep0021680,東京都杉並区上高井戸１丁目３０ー３９,35.674149908907,139.61054272724,self_propelled,8,TRUE,,,hourly,220,20,,ハイルーフ,5000,1900,2000,2000,8,,https://www.repark.jp/parking_user/time/result/detail/?park=REP0021680&st=4&pref=13
上高井戸１丁目第２,repark-rep0015047,東京都杉並区上高井戸１丁目２４ー２,35.672391812957,139.6133481302,self_propelled,25,TRUE,,,hourly,200,25,,ハイルーフ,5000,1900,2000,2000,25,,https://www.repark.jp/parking_user/time/result/detail/?park=REP0015047&st=4&pref=13
久我山駅前第４,repark-rep0028381,東京都杉並区久我山３丁目２４ー１１,35.687351070735,139.59885420109,self_propelled,4,TRUE,,,hourly,220,20,,ハイルーフ,5000,1900,2000,2000,4,,https://www.repark.jp/parking_user/time/result/detail/?park=REP0028381&st=4&pref=13
上井草２丁目,repark-rep0018300,東京都杉並区上井草２丁目２４ー１９,35.721933622026,139.60682694654,self_propelled,4,TRUE,,,hourly,220,25,,ハイルーフ,5000,1900,2000,2000,4,,https://www.repark.jp/parking_user/time/result/detail/?park=REP0018300&st=4&pref=13
上高井戸１丁目,repark-rep0011554,東京都杉並区上高井戸１丁目４ー１７,35.671653019136,139.61427308741,self_propelled,7,TRUE,,,hourly,220,12,,ハイルーフ,5000,1900,2000,2000,7,,https://www.repark.jp/parking_user/time/result/detail/?park=REP0011554&st=4&pref=13
下高井戸１丁目第６,repark-rep0024514,東京都杉並区下高井戸１丁目８ー３,35.666087379919,139.63903239945,self_propelled,4,TRUE,,,hourly,220,15,,ハイルーフ,5000,1900,2000,2000,4,,https://www.repark.jp/parking_user/time/result/detail/?park=REP0024514&st=4&pref=13
久我山２丁目第２,repark-rep0015789,東京都杉並区久我山２丁目９,35.68460693633,139.59983202424,self_propelled,4,TRUE,,,hourly,220,12,,ハイルーフ,5000,1900,2000,2000,4,,https://www.repark.jp/parking_user/time/result/detail/?park=REP0015789&st=4&pref=13
井草２丁目第２,repark-rep0020671,東京都杉並区井草２丁目３２ー１０,35.729616342959,139.61883115184,self_propelled,2,TRUE,,,hourly,330,25,,ハイルーフ,5000,1900,2000,2000,2,,https://www.repark.jp/parking_user/time/result/detail/?park=REP0020671&st=4&pref=13
上高井戸１丁目第３,repark-rep0020976,東京都杉並区上高井戸１丁目３０ー４８,35.672794501619,139.61075666088,self_propelled,5,TRUE,,,hourly,220,20,,ハイルーフ,5000,1900,2000,2000,5,,https://www.repark.jp/parking_user/time/result/detail/?park=REP0020976&st=4&pref=13
西荻北４丁目第７,repark-rep0022746,東京都杉並区西荻北４丁目１９,35.708437647472,139.59560072232,self_propelled,3,TRUE,,,hourly,220,25,,ハイルーフ,5000,1900,2000,2000,3,,https://www.repark.jp/parking_user/time/result/detail/?park=REP0022746&st=4&pref=13
西荻北４丁目第４,repark-rep0012123,東京都杉並区西荻北４丁目７ー１,35.707396086009,139.59526468719,self_propelled,10,TRUE,,,hourly,200,20,,ハイルーフ,5000,1900,2000,2000,10,,https://www.repark.jp/parking_user/time/result/detail/?park=REP0012123&st=4&pref=13
西荻北４丁目第８,repark-rep0022749,東京都杉並区西荻北４丁目１９,35.708590407551,139.59556738505,self_propelled,12,TRUE,,,hourly,220,25,,ハイルーフ,5000,1900,2000,2000,12,,https://www.repark.jp/parking_user/time/result/detail/?park=REP0022749&st=4&pref=13
井草３丁目第３,repark-rep0024931,東京都杉並区井草３丁目３０ー１５,35.729688506055,139.61590083588,self_propelled,5,TRUE,,,hourly,220,20,,ハイルーフ,5000,1900,2000,2000,5,,https://www.repark.jp/parking_user/time/result/detail/?park=REP0024931&st=4&pref=13
上井草２丁目第２,repark-rep0021904,東京都杉並区上井草２丁目２５ー１４,35.722583517823,139.60484097055,self_propelled,2,TRUE,,,hourly,220,25,,ハイルーフ,5000,1900,2000,2000,2,,https://www.repark.jp/parking_user/time/result/detail/?park=REP0021904&st=4&pref=13
上高井戸１丁目第５,repark-rep0025893,東京都杉並区上高井戸１丁目１７ー９,35.671800162714,139.61068449066,self_propelled,16,TRUE,,,hourly,330,20,,ハイルーフ,5000,1900,2000,2000,16,,https://www.repark.jp/parking_user/time/result/detail/?park=REP0025893&st=4&pref=13
西荻北４丁目第６,repark-rep0017329,東京都杉並区西荻北４丁目３４ー１３,35.709062579561,139.59553958762,self_propelled,6,TRUE,,,hourly,220,25,,ハイルーフ,5000,1900,2000,2000,6,,https://www.repark.jp/parking_user/time/result/detail/?park=REP0017329&st=4&pref=13
松庵２丁目第２,repark-rep0008736,東京都杉並区松庵２丁目１７ー１,35.697077718022,139.59368196076,self_propelled,11,TRUE,,,hourly,220,15,,ハイルーフ,5000,1900,2000,2000,11,,https://www.repark.jp/parking_user/time/result/detail/?park=REP0008736&st=4&pref=13
久我山３丁目第２,repark-rep0024808,東京都杉並区久我山３丁目１ー５,35.68445413589,139.59755444243,self_propelled,3,TRUE,,,hourly,220,20,,ハイルーフ,5000,1900,2000,2000,3,,https://www.repark.jp/parking_user/time/result/detail/?park=REP0024808&st=4&pref=13
久我山３丁目,repark-rep0017142,東京都杉並区久我山３丁目２８,35.687420453946,139.59579889563,self_propelled,4,TRUE,,,hourly,220,20,,ハイルーフ,5000,1900,2000,2000,4,,https://www.repark.jp/parking_user/time/result/detail/?park=REP0017142&st=4&pref=13
杉並松庵１丁目第２,repark-rep0017331,東京都杉並区松庵１丁目１０ー２７,35.694933476659,139.59220995974,self_propelled,4,TRUE,,,hourly,220,15,,ハイルーフ,5000,1900,2000,2000,4,,https://www.repark.jp/parking_user/time/result/detail/?park=REP0017331&st=4&pref=13
善福寺１丁目,repark-rep0008157,東京都杉並区善福寺１丁目２１ー１３,35.712664959359,139.59485892327,self_propelled,6,TRUE,,,hourly,110,20,,ハイルーフ,5000,1900,2000,2000,6,,https://www.repark.jp/parking_user/time/result/detail/?park=REP0008157&st=4&pref=13
善福寺１丁目第２,repark-rep0015608,東京都杉並区善福寺１丁目２２ー９,35.71280661179,139.59489224698,self_propelled,6,TRUE,,,hourly,110,20,,ハイルーフ,5000,1900,2000,2000,6,,https://www.repark.jp/parking_user/time/result/detail/?park=REP0015608&st=4&pref=13
井草５丁目,repark-rep0014332,東京都杉並区井草５丁目２,35.725380445317,139.60510748663,self_propelled,7,TRUE,,,hourly,220,25,,ハイルーフ,5000,1900,2000,2000,7,,https://www.repark.jp/parking_user/time/result/detail/?park=REP0014332&st=4&pref=13
善福寺１丁目第３,repark-rep0016171,東京都杉並区善福寺１丁目２９ー５,35.714570324997,139.59562821564,self_propelled,8,TRUE,,,hourly,220,25,,ハイルーフ,5000,1900,2000,2000,8,,https://www.repark.jp/parking_user/time/result/detail/?park=REP0016171&st=4&pref=13
井草５丁目第２,repark-rep0026144,東京都杉並区井草５丁目１８ー１,35.726435889638,139.60517687627,self_propelled,7,TRUE,,,hourly,220,25,,ハイルーフ,5000,1900,2000,2000,7,,https://www.repark.jp/parking_user/time/result/detail/?park=REP0026144&st=4&pref=13
西荻北４丁目第５,repark-rep0012757,東京都杉並区西荻北４丁目２６ー３,35.708218163896,139.59204824945,self_propelled,5,TRUE,,,hourly,220,20,,ハイルーフ,5000,1900,2000,2000,5,,https://www.repark.jp/parking_user/time/result/detail/?park=REP0012757&st=4&pref=13
西荻北４丁目第３,repark-rep0004637,東京都杉並区西荻北４丁目２６－６,35.708443133429,139.59168160354,self_propelled,11,TRUE,,,hourly,220,20,,ハイルーフ,5000,1900,2000,2000,11,,https://www.repark.jp/parking_user/time/result/detail/?park=REP0004637&st=4&pref=13
南池袋２丁目第９,repark-rep0025666,東京都豊島区南池袋２丁目３５ー８,35.725771224002,139.71568439632,self_propelled,13,TRUE,,,hourly,330,20,,ハイルーフ,5000,1900,2000,2000,13,,https://www.repark.jp/parking_user/time/result/detail/?park=REP0025666&st=4&pref=13
南池袋４丁目,repark-rep0009988,東京都豊島区南池袋４丁目１２ー４,35.724310322581,139.71873698708,self_propelled,5,TRUE,,,hourly,110,10,,ハイルーフ,5000,1900,2000,2000,5,,https://www.repark.jp/parking_user/time/result/detail/?park=REP0009988&st=4&pref=13
南池袋３丁目第２,repark-rep0013358,東京都豊島区南池袋３丁目１６ー１３,35.725607313381,139.71344292302,self_propelled,18,TRUE,,,hourly,440,20,,ハイルーフ,5000,1900,2000,2000,18,,https://www.repark.jp/parking_user/time/result/detail/?park=REP0013358&st=4&pref=13
東池袋１丁目第１３,repark-rep0028984,東京都豊島区東池袋１丁目２８‐１,35.729523617524,139.71665080928,self_propelled,3,TRUE,,,hourly,440,12,,ハイルーフ,5000,1900,2000,2000,3,,https://www.repark.jp/parking_user/time/result/detail/?park=REP0028984&st=4&pref=13
東池袋４丁目第６,repark-rep0028047,東京都豊島区東池袋４丁目３０ー９,35.727040629548,139.72125609715,self_propelled,11,TRUE,,,hourly,330,15,,ハイルーフ,5000,1900,2000,2000,11,,https://www.repark.jp/parking_user/time/result/detail/?park=REP0028047&st=4&pref=13
雑司が谷３丁目,repark-rep0011611,東京都豊島区雑司が谷３丁目２３ー９,35.722827059933,139.7136819202,self_propelled,4,TRUE,,,hourly,220,15,,ハイルーフ,5000,1900,2000,2000,4,,https://www.repark.jp/parking_user/time/result/detail/?park=REP0011611&st=4&pref=13
東池袋１丁目第９,repark-rep0009225,東京都豊島区東池袋１丁目３ー９,35.730267928398,139.71358714044,self_propelled,5,TRUE,,,hourly,330,15,,ハイルーフ,5000,1900,2000,2000,5,,https://www.repark.jp/parking_user/time/result/detail/?park=REP0009225&st=4&pref=13
南池袋１丁目,repark-rep0025776,東京都豊島区南池袋１丁目７ー１４,35.724132412288,139.71007382674,self_propelled,3,TRUE,,,hourly,330,20,,ハイルーフ,5000,1900,2000,2000,3,,https://www.repark.jp/parking_user/time/result/detail/?park=REP0025776&st=4&pref=13
雑司が谷１丁目第２,repark-rep0027082,東京都豊島区雑司が谷１丁目４１ー１２,35.721616211983,139.72138411429,self_propelled,3,TRUE,,,hourly,220,30,,ハイルーフ,5000,1900,2000,2000,3,,https://www.repark.jp/parking_user/time/result/detail/?park=REP0027082&st=4&pref=13
東池袋１丁目第２,repark-rep0003850,東京都豊島区東池袋１丁目３１－８,35.732345530556,139.71624238026,self_propelled,6,TRUE,,,hourly,660,15,,ハイルーフ,5000,1900,2000,2000,6,,https://www.repark.jp/parking_user/time/result/detail/?park=REP0003850&st=4&pref=13
西池袋２丁目,repark-rep0004595,東京都豊島区西池袋２丁目２５,35.726076612267,139.70795169045,self_propelled,11,TRUE,,,hourly,220,25,,ハイルーフ,5000,1900,2000,2000,11,,https://www.repark.jp/parking_user/time/result/detail/?park=REP0004595&st=4&pref=13
東池袋１丁目第１０,repark-rep0009332,東京都豊島区東池袋１丁目４３ー１４,35.732809331425,139.71403698606,self_propelled,1,TRUE,,,hourly,220,12,,ハイルーフ,5000,1900,2000,2000,1,,https://www.repark.jp/parking_user/time/result/detail/?park=REP0009332&st=4&pref=13
東池袋１丁目第３,repark-rep0005098,東京都豊島区東池袋１丁目４２－１５,35.732681551907,139.71316762014,self_propelled,7,TRUE,,,hourly,330,10,,ハイルーフ,5000,1900,2000,2000,7,,https://www.repark.jp/parking_user/time/result/detail/?park=REP0005098&st=4&pref=13
東池袋４丁目第５,repark-rep0019612,東京都豊島区東池袋４丁目３８ー１０,35.728940478298,139.72423076262,self_propelled,4,TRUE,,,hourly,330,15,,ハイルーフ,5000,1900,2000,2000,4,,https://www.repark.jp/parking_user/time/result/detail/?park=REP0019612&st=4&pref=13
西池袋２丁目第５,repark-rep0015052,東京都豊島区西池袋２丁目３０ー２１,35.727237589142,139.70738224029,self_propelled,4,TRUE,,,hourly,220,10,,ハイルーフ,5000,1900,2000,2000,4,,https://www.repark.jp/parking_user/time/result/detail/?park=REP0015052&st=4&pref=13
東池袋２丁目第４,repark-rep0027676,東京都豊島区東池袋２丁目２５ー２,35.73122631674,139.72256690655,self_propelled,6,TRUE,,,hourly,330,20,,ハイルーフ,5000,1900,2000,2000,6,,https://www.repark.jp/parking_user/time/result/detail/?park=REP0027676&st=4&pref=13
雑司が谷３丁目第２,repark-rep0027080,東京都豊島区雑司が谷３丁目１ー７,35.719482970342,139.71355152901,self_propelled,21,TRUE,,,hourly,220,20,,ハイルーフ,5000,1900,2000,2000,21,,https://www.repark.jp/parking_user/time/result/detail/?park=REP0027080&st=4&pref=13
東池袋１丁目第１２,repark-rep0025704,東京都豊島区東池袋１丁目４４ー３,35.733598146823,139.71465356553,self_propelled,8,TRUE,,,hourly,350,12,,ハイルーフ,5000,1900,2000,2000,8,,https://www.repark.jp/parking_user/time/result/detail/?park=REP0025704&st=4&pref=13
西池袋２丁目第４,repark-rep0010463,東京都豊島区西池袋２丁目１９ー１１,35.726134916956,139.70668790373,self_propelled,15,TRUE,,,hourly,220,20,,ハイルーフ,5000,1900,2000,2000,15,,https://www.repark.jp/parking_user/time/result/detail/?park=REP0010463&st=4&pref=13
東池袋２丁目第２,repark-rep0006770,東京都豊島区東池袋２丁目６３,35.734120345765,139.71653116355,self_propelled,12,TRUE,,,hourly,300,12,,ハイルーフ,5000,1900,2000,2000,12,,https://www.repark.jp/parking_user/time/result/detail/?park=REP0006770&st=4&pref=13
西池袋３丁目,repark-rep0005822,東京都豊島区西池袋３丁目１－１,35.728540214342,139.70666835059,self_propelled,8,TRUE,,,hourly,330,15,,ハイルーフ,5000,1900,2000,2000,8,,https://www.repark.jp/parking_user/time/result/detail/?park=REP0005822&st=4&pref=13
東池袋２丁目第３,repark-rep0015360,東京都豊島区東池袋２丁目５ー１０,35.730195908554,139.72471955322,self_propelled,4,TRUE,,,hourly,250,15,,ハイルーフ,5000,1900,2000,2000,4,,https://www.repark.jp/parking_user/time/result/detail/?park=REP0015360&st=4&pref=13
高田２丁目第４,repark-rep0021383,東京都豊島区高田２丁目１７ー２２,35.718088685034,139.71409877076,self_propelled,25,TRUE,,,hourly,220,25,,ハイルーフ,5000,1900,2000,2000,25,,https://www.repark.jp/parking_user/time/result/detail/?park=REP0021383&st=4&pref=13
高田２丁目第３,repark-rep0021382,東京都豊島区高田２丁目１７ー２２,35.717944254852,139.71406266841,self_propelled,5,TRUE,,,hourly,440,25,,ハイルーフ,5000,1900,2000,2000,5,,https://www.repark.jp/parking_user/time/result/detail/?park=REP0021382&st=4&pref=13
池袋２丁目第３,repark-rep0002260,東京都豊島区池袋２丁目４１－１０,35.733378641271,139.70984286416,self_propelled,6,TRUE,,,hourly,330,15,,ハイルーフ,5000,1900,2000,2000,6,,https://www.repark.jp/parking_user/time/result/detail/?park=REP0002260&st=4&pref=13
西池袋３丁目第４,repark-rep0013425,東京都豊島区西池袋３丁目１９ー１３,35.729392886342,139.70582115969,self_propelled,3,TRUE,,,hourly,330,20,,ハイルーフ,5000,1900,2000,2000,3,,https://www.repark.jp/parking_user/time/result/detail/?park=REP0013425&st=4&pref=13
西池袋２丁目第７,repark-rep0018970,東京都豊島区西池袋２丁目３４ー５,35.727334760431,139.7050740945,self_propelled,16,TRUE,,,hourly,330,15,,ハイルーフ,5000,1900,2000,2000,16,,https://www.repark.jp/parking_user/time/result/detail/?park=REP0018970&st=4&pref=13
池袋２丁目第６,repark-rep0003294,東京都豊島区池袋２丁目６３－３,35.734645187646,139.71069273526,self_propelled,6,TRUE,,,hourly,330,12,,ハイルーフ,5000,1900,2000,2000,6,,https://www.repark.jp/parking_user/time/result/detail/?park=REP0003294&st=4&pref=13
南大塚３丁目第３,repark-rep0008816,東京都豊島区南大塚３丁目３９ー７,35.729876543252,139.72726935617,self_propelled,4,TRUE,,,hourly,350,20,,ハイルーフ,5000,1900,2000,2000,4,,https://www.repark.jp/parking_user/time/result/detail/?park=REP0008816&st=4&pref=13
西池袋５丁目第３,repark-rep0015019,東京都豊島区西池袋５丁目２ー８,35.731695422086,139.70605158953,self_propelled,1,TRUE,,,hourly,330,15,,ハイルーフ,5000,1900,2000,2000,1,,https://www.repark.jp/parking_user/time/result/detail/?park=REP0015019&st=4&pref=13
西池袋５丁目第２,repark-rep0003882,東京都豊島区西池袋５丁目２,35.7316370945,139.70600437414,self_propelled,3,TRUE,,,hourly,220,10,,ハイルーフ,5000,1900,2000,2000,3,,https://www.repark.jp/parking_user/time/result/detail/?park=REP0003882&st=4&pref=13
南大塚３丁目第６,repark-rep0028807,東京都豊島区南大塚３丁目３６‐８,35.730595904971,139.72696379242,self_propelled,4,TRUE,,,hourly,250,12,,ハイルーフ,5000,1900,2000,2000,4,,https://www.repark.jp/parking_user/time/result/detail/?park=REP0028807&st=4&pref=13
西池袋３丁目第３,repark-rep0008159,東京都豊島区西池袋３丁目１５ー２２,35.728479068353,139.70429077287,self_propelled,8,TRUE,,,hourly,330,30,,ハイルーフ,5000,1900,2000,2000,8,,https://www.repark.jp/parking_user/time/result/detail/?park=REP0008159&st=4&pref=13
池袋２丁目第９,repark-rep0004844,東京都豊島区池袋２丁目１６－１８,35.73277865368,139.70687924891,self_propelled,5,TRUE,,,hourly,330,25,,ハイルーフ,5000,1900,2000,2000,5,,https://www.repark.jp/parking_user/time/result/detail/?park=REP0004844&st=4&pref=13
西池袋３丁目第７,repark-rep0023834,東京都豊島区西池袋３丁目１５ー２１,35.728715154149,139.70429353976,self_propelled,1,TRUE,,,hourly,330,20,,ハイルーフ,5000,1900,2000,2000,1,,https://www.repark.jp/parking_user/time/result/detail/?park=REP0023834&st=4&pref=13
南大塚３丁目第５,repark-rep0024582,東京都豊島区南大塚３丁目３２ー１,35.731037524007,139.72692210954,self_propelled,2,TRUE,,,hourly,250,12,,ハイルーフ,5000,1900,2000,2000,2,,https://www.repark.jp/parking_user/time/result/detail/?park=REP0024582&st=4&pref=13
西池袋２丁目第２,repark-rep0005999,東京都豊島区西池袋２丁目１０－７,35.726954215588,139.7033825855,self_propelled,4,TRUE,,,hourly,220,10,,ハイルーフ,5000,1900,2000,2000,4,,https://www.repark.jp/parking_user/time/result/detail/?park=REP0005999&st=4&pref=13
池袋２丁目第５,repark-rep0002807,東京都豊島区池袋２丁目６１,35.735403424504,139.70983166086,self_propelled,11,TRUE,,,hourly,330,10,,ハイルーフ,5000,1900,2000,2000,11,,https://www.repark.jp/parking_user/time/result/detail/?park=REP0002807&st=4&pref=13
南大塚３丁目第２,repark-rep0007623,東京都豊島区南大塚３丁目３ー１４,35.726751912496,139.72927488849,self_propelled,2,TRUE,,,hourly,440,20,,ハイルーフ,5000,1900,1900,2000,2,,https://www.repark.jp/parking_user/time/result/detail/?park=REP0007623&st=4&pref=13
高田２丁目第６,repark-rep0026696,東京都豊島区高田２丁目１１ー９,35.71561118678,139.71494325871,self_propelled,4,TRUE,,,hourly,330,30,,一般,3400,1480,2100,2000,4,,https://www.repark.jp/parking_user/time/result/detail/?park=REP0026696&st=4&pref=13
池袋２丁目第１６,repark-rep0014159,東京都豊島区池袋２丁目７２ー１,35.73583114967,139.70942611884,self_propelled,2,TRUE,,,hourly,220,25,,ハイルーフ,5000,1900,2000,2000,2,,https://www.repark.jp/parking_user/time/result/detail/?park=REP0014159&st=4&pref=13
池袋２丁目第２,repark-rep0001936,東京都豊島区池袋２丁目７０－３,35.735453393348,139.70835400327,self_propelled,4,TRUE,,,hourly,330,20,,ハイルーフ,5000,1900,2000,2000,4,,https://www.repark.jp/parking_user/time/result/detail/?park=REP0001936&st=4&pref=13
南大塚２丁目第７,repark-rep0027787,東京都豊島区南大塚２丁目２６ー１５,35.728146211435,139.72950813891,self_propelled,3,TRUE,,,hourly,330,15,,ハイルーフ,5000,1900,2000,2000,3,,https://www.repark.jp/parking_user/time/result/detail/?park=REP0027787&st=4&pref=13
南大塚２丁目第３,repark-rep0013742,東京都豊島区南大塚２丁目２６ー１２,35.727715703327,139.72961370497,self_propelled,3,TRUE,,,hourly,330,20,,ハイルーフ,5000,1900,2000,2000,3,,https://www.repark.jp/parking_user/time/result/detail/?park=REP0013742&st=4&pref=13
高田２丁目第２,repark-rep0007087,東京都豊島区高田２丁目４,35.715225084329,139.71306843219,self_propelled,5,TRUE,,,hourly,330,30,,ハイルーフ,5000,1900,2000,2000,5,,https://www.repark.jp/parking_user/time/result/detail/?park=REP0007087&st=4&pref=13
高田２丁目第５,repark-rep0025932,東京都豊島区高田２丁目４ー８,35.715063996382,139.71340174493,self_propelled,20,TRUE,,,hourly,330,30,,ハイルーフ,5000,1900,2000,2000,20,,https://www.repark.jp/parking_user/time/result/detail/?park=REP0025932&st=4&pref=13
南大塚２丁目第６,repark-rep0025473,東京都豊島区南大塚２丁目１５ー２,35.72584647338,139.73042205791,self_propelled,5,TRUE,,,hourly,220,10,,ハイルーフ,5000,1900,2000,2000,5,,https://www.repark.jp/parking_user/time/result/detail/?park=REP0025473&st=4&pref=13
池袋２丁目第１４,repark-rep0011240,東京都豊島区池袋２丁目２４ー２７,35.733061902414,139.70373227522,self_propelled,5,TRUE,,,hourly,220,10,,ハイルーフ,5000,1900,2000,2000,5,,https://www.repark.jp/parking_user/time/result/detail/?park=REP0011240&st=4&pref=13
池袋３丁目第１３,repark-rep0026957,東京都豊島区池袋３丁目５７ー７,35.736056086604,139.70719296094,self_propelled,3,TRUE,,,hourly,220,20,,ハイルーフ,5000,1900,2000,2000,3,,https://www.repark.jp/parking_user/time/result/detail/?park=REP0026957&st=4&pref=13
北大塚３丁目,repark-rep0011210,東京都豊島区北大塚３丁目３０ー６,35.735667566451,139.72593031171,self_propelled,8,TRUE,,,hourly,440,20,,ハイルーフ,5000,1900,2000,2000,8,,https://www.repark.jp/parking_user/time/result/detail/?park=REP0011210&st=4&pref=13
池袋３丁目第６,repark-rep0010562,東京都豊島区池袋３丁目２９ー１,35.735475562744,139.70542091284,self_propelled,4,TRUE,,,hourly,110,10,,ハイルーフ,5000,1900,2000,2000,4,,https://www.repark.jp/parking_user/time/result/detail/?park=REP0010562&st=4&pref=13
大塚駅前第２,repark-rep0027130,東京都豊島区北大塚２丁目２８ー１,35.733112347299,139.72951068703,self_propelled,10,TRUE,,,hourly,350,15,,ハイルーフ,5000,1900,2000,2000,10,,https://www.repark.jp/parking_user/time/result/detail/?park=REP0027130&st=4&pref=13
高田３丁目第３,repark-rep0011869,東京都豊島区高田３丁目２１ー６,35.71459175893,139.70968263154,self_propelled,4,TRUE,,,hourly,220,15,,ハイルーフ,5000,1900,2000,2000,4,,https://www.repark.jp/parking_user/time/result/detail/?park=REP0011869&st=4&pref=13
池袋３丁目第１２,repark-rep0017793,東京都豊島区池袋３丁目１ー３４,35.733714595677,139.70293508937,self_propelled,4,TRUE,,,hourly,220,15,,ハイルーフ,5000,1900,2000,2000,4,,https://www.repark.jp/parking_user/time/result/detail/?park=REP0017793&st=4&pref=13
大塚駅前第３,repark-rep0027131,東京都豊島区北大塚２丁目３１ー３,35.733820602311,139.72938288803,self_propelled,15,TRUE,,,hourly,330,15,,ハイルーフ,5000,1900,2000,2000,15,,https://www.repark.jp/parking_user/time/result/detail/?park=REP0027131&st=4&pref=13
高田３丁目第４,repark-rep0019822,東京都豊島区高田３丁目１９ー１６,35.714827824866,139.70849105263,self_propelled,10,TRUE,,,hourly,220,10,,ハイルーフ,5000,1900,2000,2000,10,,https://www.repark.jp/parking_user/time/result/detail/?park=REP0019822&st=4&pref=13
池袋３丁目第８,repark-rep0011101,東京都豊島区池袋３丁目４４ー２０,35.737244833899,139.70635964241,self_propelled,1,TRUE,,,hourly,220,15,,ハイルーフ,5000,1900,2000,2000,1,,https://www.repark.jp/parking_user/time/result/detail/?park=REP0011101&st=4&pref=13
西池袋５丁目第４,repark-rep0026806,東京都豊島区西池袋５丁目２１ー１６,35.73126204098,139.7006437256,self_propelled,3,TRUE,,,hourly,250,20,,ハイルーフ,5000,1900,2000,2000,3,,https://www.repark.jp/parking_user/time/result/detail/?park=REP0026806&st=4&pref=13
目白４丁目第２,repark-rep0027705,東京都豊島区目白４丁目１４ー１０,35.724796039055,139.69912470549,self_propelled,5,TRUE,,,hourly,220,20,,ハイルーフ,5000,1900,2000,2000,5,,https://www.repark.jp/parking_user/time/result/detail/?park=REP0027705&st=4&pref=13
南大塚１丁目第４,repark-rep0025797,東京都豊島区南大塚１丁目６０ー１,35.730657118246,139.7331938282,self_propelled,7,TRUE,,,hourly,220,25,,ハイルーフ,5000,1900,2000,2000,7,,https://www.repark.jp/parking_user/time/result/detail/?park=REP0025797&st=4&pref=13
北大塚１丁目,repark-rep0024486,東京都豊島区北大塚１丁目２２ー１０,35.732879083806,139.73211881516,self_propelled,2,TRUE,,,hourly,220,20,,ハイルーフ,5000,1900,2000,2000,2,,https://www.repark.jp/parking_user/time/result/detail/?park=REP0024486&st=4&pref=13
高田３丁目第６,repark-rep0028503,東京都豊島区高田３丁目１０ー１８,35.713922329526,139.7064190444,self_propelled,7,TRUE,,,hourly,300,15,,ハイルーフ,5000,1900,2000,2000,7,,https://www.repark.jp/parking_user/time/result/detail/?park=REP0028503&st=4&pref=13
西巣鴨１丁目,repark-rep0022090,東京都豊島区西巣鴨１丁目１,35.736195359705,139.73003550148,self_propelled,3,TRUE,,,hourly,330,15,,ハイルーフ,5000,1900,2000,2000,3,,https://www.repark.jp/parking_user/time/result/detail/?park=REP0022090&st=4&pref=13
池袋３丁目第９,repark-rep0011704,東京都豊島区池袋３丁目１２ー６,35.734956091121,139.70071577152,self_propelled,2,TRUE,,,hourly,230,15,,ハイルーフ,5000,1900,2000,2000,2,,https://www.repark.jp/parking_user/time/result/detail/?park=REP0011704&st=4&pref=13
南大塚１丁目第３,repark-rep0013982,東京都豊島区南大塚１丁目３３ー４,35.730882110676,139.73413818341,self_propelled,5,TRUE,,,hourly,220,30,,ハイルーフ,5000,1900,2000,2000,5,,https://www.repark.jp/parking_user/time/result/detail/?park=REP0013982&st=4&pref=13
目白５丁目,repark-rep0026326,東京都豊島区目白５丁目２９ー３,35.725732017047,139.69724148479,self_propelled,5,TRUE,,,hourly,250,20,,ハイルーフ,5000,1900,2000,2000,5,,https://www.repark.jp/parking_user/time/result/detail/?park=REP0026326&st=4&pref=13
巣鴨４丁目第４,repark-rep0007437,東京都豊島区巣鴨４丁目４ー１０,35.736478676568,139.73084653308,self_propelled,4,TRUE,,,hourly,330,20,,ハイルーフ,5000,1900,2000,2000,4,,https://www.repark.jp/parking_user/time/result/detail/?park=REP0007437&st=4&pref=13
上池袋４丁目第２,repark-rep0025826,東京都豊島区上池袋４丁目３３ー８,35.742094534995,139.71894448494,self_propelled,13,TRUE,,,hourly,220,20,,ハイルーフ,5000,1900,2000,2000,13,,https://www.repark.jp/parking_user/time/result/detail/?park=REP0025826&st=4&pref=13
高松１丁目,repark-rep0008254,東京都豊島区高松１丁目１２ー１０,35.736258730177,139.7007379317,self_propelled,6,TRUE,,,hourly,330,20,,ハイルーフ,5000,1900,2000,2000,6,,https://www.repark.jp/parking_user/time/result/detail/?park=REP0008254&st=4&pref=13
巣鴨４丁目第６,repark-rep0015317,東京都豊島区巣鴨４丁目１ー１３,35.735701003902,139.73205757931,self_propelled,2,TRUE,,,hourly,220,20,,ハイルーフ,5000,1900,2000,2000,2,,https://www.repark.jp/parking_user/time/result/detail/?park=REP0015317&st=4&pref=13
池袋本町２丁目,repark-rep0014013,東京都豊島区池袋本町２丁目２１ー６,35.741974922144,139.70854535409,self_propelled,12,TRUE,,,hourly,220,20,,ハイルーフ,5000,1900,2000,2000,12,,https://www.repark.jp/parking_user/time/result/detail/?park=REP0014013&st=4&pref=13
西巣鴨２丁目第２,repark-rep0026316,東京都豊島区西巣鴨２丁目６ー１３,35.73901172847,139.7302075805,self_propelled,3,TRUE,,,hourly,330,15,,ハイルーフ,5000,1900,2000,2000,3,,https://www.repark.jp/parking_user/time/result/detail/?park=REP0026316&st=4&pref=13
高松２丁目第４,repark-rep0026034,東京都豊島区高松２丁目４１ー７,35.738150197143,139.70086838977,self_propelled,3,TRUE,,,hourly,220,20,,ハイルーフ,5000,1900,2000,2000,3,,https://www.repark.jp/parking_user/time/result/detail/?park=REP0026034&st=4&pref=13
池袋本町４丁目第５,repark-rep0025991,東京都豊島区池袋本町４丁目３０ー１７,35.743497113632,139.71611965496,self_propelled,3,TRUE,,,hourly,220,15,,ハイルーフ,5000,1900,2000,2000,3,,https://www.repark.jp/parking_user/time/result/detail/?park=REP0025991&st=4&pref=13
高松２丁目,repark-rep0013830,東京都豊島区高松２丁目４３ー１１,35.738083534459,139.70070729522,self_propelled,4,TRUE,,,hourly,220,20,,ハイルーフ,5000,1900,2000,2000,4,,https://www.repark.jp/parking_user/time/result/detail/?park=REP0013830&st=4&pref=13
池袋本町３丁目第３,repark-rep0022454,東京都豊島区池袋本町３丁目１３ー４,35.743041519179,139.71112842345,self_propelled,9,TRUE,,,hourly,220,12,,ハイルーフ,5000,1900,2000,2000,9,,https://www.repark.jp/parking_user/time/result/detail/?park=REP0022454&st=4&pref=13
池袋本町４丁目第３,repark-rep0004491,東京都豊島区池袋本町４丁目２９－４,35.743616550097,139.71641962454,self_propelled,3,TRUE,,,hourly,230,15,,ハイルーフ,5000,1900,2000,2000,3,,https://www.repark.jp/parking_user/time/result/detail/?park=REP0004491&st=4&pref=13
池袋本町３丁目第４,repark-rep0024268,東京都豊島区池袋本町３丁目１３－７,35.743194277347,139.71092843303,self_propelled,4,TRUE,,,hourly,220,15,,ハイルーフ,5000,1900,2000,2000,4,,https://www.repark.jp/parking_user/time/result/detail/?park=REP0024268&st=4&pref=13
要町１丁目第３,repark-rep0008533,東京都豊島区要町１丁目２８ー２３,35.734969922653,139.69751048208,self_propelled,2,TRUE,,,hourly,250,25,,ハイルーフ,5000,1900,2000,2000,2,,https://www.repark.jp/parking_user/time/result/detail/?park=REP0008533&st=4&pref=13
高松２丁目第３,repark-rep0014993,東京都豊島区高松２丁目２１ー１２,35.737008621197,139.69909081196,self_propelled,3,TRUE,,,hourly,110,15,,ハイルーフ,5000,1900,2000,2000,3,,https://www.repark.jp/parking_user/time/result/detail/?park=REP0014993&st=4&pref=13
池袋本町４丁目第２,repark-rep0001255,東京都豊島区池袋本町４丁目１７－６,35.743835927045,139.71386704843,self_propelled,4,TRUE,,,hourly,220,30,,ハイルーフ,5000,1900,2000,2000,4,,https://www.repark.jp/parking_user/time/result/detail/?park=REP0001255&st=4&pref=13
巣鴨３丁目第９,repark-rep0020537,東京都豊島区巣鴨３丁目３ー７,35.733240223712,139.73598514344,self_propelled,5,TRUE,,,hourly,330,30,,ハイルーフ,5000,1900,2000,2000,5,,https://www.repark.jp/parking_user/time/result/detail/?park=REP0020537&st=4&pref=13
ポスパーク巣鴨４丁目,repark-rep0023075,東京都豊島区巣鴨４丁目２６ー１巣鴨郵便局,35.737184199459,139.73327129922,self_propelled,5,TRUE,,,hourly,300,20,,ハイルーフ,5000,1900,2000,2000,5,,https://www.repark.jp/parking_user/time/result/detail/?park=REP0023075&st=4&pref=13
池袋本町４丁目第４,repark-rep0018781,東京都豊島区池袋本町４丁目３６ー７８号,35.744060902787,139.71385592799,self_propelled,8,TRUE,,,hourly,220,20,,ハイルーフ,5000,1900,2000,2000,8,,https://www.repark.jp/parking_user/time/result/detail/?park=REP0018781&st=4&pref=13
巣鴨４丁目第３,repark-rep0003653,東京都豊島区巣鴨４丁目３２－１２,35.738711789953,139.73189078753,self_propelled,5,TRUE,,,hourly,220,25,,ハイルーフ,5000,1900,2000,2000,5,,https://www.repark.jp/parking_user/time/result/detail/?park=REP0003653&st=4&pref=13
巣鴨３丁目第６,repark-rep0006410,東京都豊島区巣鴨３丁目２４－５ディアプラザ巣鴨第１,35.733087477168,139.73679341735,self_propelled,4,TRUE,,,hourly,330,30,,ハイルーフ,5000,1900,2000,2000,4,,https://www.repark.jp/parking_user/time/result/detail/?park=REP0006410&st=4&pref=13
千早１丁目第３,repark-rep0008932,東京都豊島区千早１丁目６ー１１,35.731003626575,139.69445814021,self_propelled,5,TRUE,,,hourly,220,30,,ハイルーフ,5000,1900,2000,2000,5,,https://www.repark.jp/parking_user/time/result/detail/?park=REP0008932&st=4&pref=13
巣鴨４丁目第７,repark-rep0021791,東京都豊島区巣鴨４丁目２７ー５,35.738547935411,139.73286015856,self_propelled,3,TRUE,,,hourly,220,30,,ハイルーフ,5000,1900,2000,2000,3,,https://www.repark.jp/parking_user/time/result/detail/?park=REP0021791&st=4&pref=13
巣鴨３丁目第７,repark-rep0008346,東京都豊島区巣鴨３丁目２４ー５,35.733181914027,139.73696284293,self_propelled,4,TRUE,,,hourly,330,30,,ハイルーフ,5000,1900,2000,2000,4,,https://www.repark.jp/parking_user/time/result/detail/?park=REP0008346&st=4&pref=13
巣鴨３丁目第１１,repark-rep0025673,東京都豊島区巣鴨３丁目２４ー１１,35.733126373603,139.73745724943,self_propelled,5,TRUE,,,hourly,350,20,,ハイルーフ,5000,1900,2000,2000,5,,https://www.repark.jp/parking_user/time/result/detail/?park=REP0025673&st=4&pref=13
池袋本町３丁目第５,repark-rep0028502,東京都豊島区池袋本町３丁目２３ー６,35.744971914307,139.71373922874,self_propelled,6,TRUE,,,hourly,200,30,,ハイルーフ,5000,1900,2000,2000,6,,https://www.repark.jp/parking_user/time/result/detail/?park=REP0028502&st=4&pref=13
巣鴨２丁目第３,repark-rep0024222,東京都豊島区巣鴨２丁目１６ー６,35.736628742315,139.73552947025,self_propelled,7,TRUE,,,hourly,220,15,,ハイルーフ,5000,1900,2000,2000,7,,https://www.repark.jp/parking_user/time/result/detail/?park=REP0024222&st=4&pref=13
南長崎１丁目,repark-rep0027306,東京都豊島区南長崎１丁目１ー２０,35.723162773481,139.69298362371,self_propelled,2,TRUE,,,hourly,220,20,,ハイルーフ,5000,1900,2000,2000,2,,https://www.repark.jp/parking_user/time/result/detail/?park=REP0027306&st=4&pref=13
要町１丁目第５,repark-rep0027952,東京都豊島区要町１丁目２９ー１１,35.735425387581,139.69508566249,self_propelled,5,TRUE,,,hourly,220,20,,ハイルーフ,5000,1900,2000,2000,5,,https://www.repark.jp/parking_user/time/result/detail/?park=REP0027952&st=4&pref=13
アパホテル巣鴨駅前駐車場,repark-rep0015433,東京都豊島区巣鴨２丁目９ー７,35.73481230602,139.7375571635,self_propelled,17,FALSE,,,hourly,200,15,,ハイルーフ,5000,1900,2000,2000,17,,https://www.repark.jp/parking_user/time/result/detail/?park=REP0015433&st=4&pref=13
池袋本町３丁目第２,repark-rep0021052,東京都豊島区池袋本町３丁目３０ー９,35.745563483846,139.71183935928,self_propelled,4,TRUE,,,hourly,230,20,,ハイルーフ,5000,1900,2000,2000,4,,https://www.repark.jp/parking_user/time/result/detail/?park=REP0021052&st=4&pref=13
高松２丁目第５,repark-rep0027539,東京都豊島区高松２丁目２５ー１２,35.73891950219,139.69762417977,self_propelled,5,TRUE,,,hourly,220,30,,ハイルーフ,5000,1900,2000,2000,5,,https://www.repark.jp/parking_user/time/result/detail/?park=REP0027539&st=4&pref=13
巣鴨駅前第２,repark-rep0011548,東京都豊島区巣鴨２丁目４ー７,35.734759562869,139.73922924906,self_propelled,3,TRUE,,,hourly,220,12,,ハイルーフ,5000,1900,2000,2000,3,,https://www.repark.jp/parking_user/time/result/detail/?park=REP0011548&st=4&pref=13
南長崎２丁目,repark-rep0014715,東京都豊島区南長崎２丁目５ー１１,35.723873769037,139.69072822228,self_propelled,5,TRUE,,,hourly,220,20,,ハイルーフ,5000,1900,2000,2000,5,,https://www.repark.jp/parking_user/time/result/detail/?park=REP0014715&st=4&pref=13
巣鴨駅前,repark-rep0002246,東京都豊島区巣鴨２丁目４－１３,35.734595697897,139.73960144769,self_propelled,14,TRUE,,,hourly,250,15,,ハイルーフ,5000,1900,2000,2000,14,,https://www.repark.jp/parking_user/time/result/detail/?park=REP0002246&st=4&pref=13
南長崎２丁目第２,repark-rep0022828,東京都豊島区南長崎２丁目１ー７,35.723221052362,139.6902421817,self_propelled,6,TRUE,,,hourly,220,30,,ハイルーフ,5000,1900,2000,2000,6,,https://www.repark.jp/parking_user/time/result/detail/?park=REP0022828&st=4&pref=13
西巣鴨４丁目,repark-rep0020654,東京都豊島区西巣鴨４丁目２０ー１プリムローズ,35.744450032967,139.73004623249,self_propelled,4,TRUE,,,hourly,220,30,,ハイルーフ,5000,1900,2000,2000,4,,https://www.repark.jp/parking_user/time/result/detail/?park=REP0020654&st=4&pref=13
駒込４丁目,repark-rep0009061,東京都豊島区駒込４丁目１３ー４,35.735848344144,139.73972915741,self_propelled,3,TRUE,,,hourly,220,30,,ハイルーフ,5000,1900,2000,2000,3,,https://www.repark.jp/parking_user/time/result/detail/?park=REP0009061&st=4&pref=13
長崎３丁目第３,repark-rep0002646,東京都豊島区長崎３丁目１２－２,35.729262061224,139.68955584953,self_propelled,5,TRUE,,,hourly,220,20,,ハイルーフ,5000,1900,2000,2000,5,,https://www.repark.jp/parking_user/time/result/detail/?park=REP0002646&st=4&pref=13
長崎３丁目第４,repark-rep0011340,東京都豊島区長崎３丁目２３ー９,35.731184070851,139.68916690433,self_propelled,5,TRUE,,,hourly,220,20,,ハイルーフ,5000,1900,2000,2000,5,,https://www.repark.jp/parking_user/time/result/detail/?park=REP0011340&st=4&pref=13
長崎３丁目第５,repark-rep0026003,東京都豊島区長崎３丁目１９,35.730434145872,139.68886974154,self_propelled,3,TRUE,,,hourly,220,20,,ハイルーフ,5000,1900,2000,2000,3,,https://www.repark.jp/parking_user/time/result/detail/?park=REP0026003&st=4&pref=13
千川１丁目,repark-rep0012711,東京都豊島区千川１丁目３０ー１０,35.740041534846,139.69365501274,self_propelled,3,TRUE,,,hourly,330,20,,ハイルーフ,5000,1900,2000,2000,3,,https://www.repark.jp/parking_user/time/result/detail/?park=REP0012711&st=4&pref=13
南長崎３丁目第２,repark-rep0004513,東京都豊島区南長崎３丁目３８－１４,35.726928948734,139.68795053528,self_propelled,5,TRUE,,,hourly,220,30,,ハイルーフ,5000,1900,2000,2000,5,,https://www.repark.jp/parking_user/time/result/detail/?park=REP0004513&st=4&pref=13
駒込６丁目第２,repark-rep0008697,東京都豊島区駒込６丁目６ー２,35.738417520279,139.74012622813,self_propelled,8,TRUE,,,hourly,110,15,,ハイルーフ,5000,1900,2000,2000,8,,https://www.repark.jp/parking_user/time/result/detail/?park=REP0008697&st=4&pref=13
要町３丁目第３,repark-rep0011428,東京都豊島区要町３丁目４１ー４,35.738058358321,139.69046925763,self_propelled,1,TRUE,,,hourly,250,20,,ハイルーフ,5000,1900,2000,2000,1,,https://www.repark.jp/parking_user/time/result/detail/?park=REP0011428&st=4&pref=13
千早２丁目第２,repark-rep0004382,東京都豊島区千早２丁目４３,35.735466940606,139.68887228759,self_propelled,8,TRUE,,,hourly,220,30,,ハイルーフ,5000,1900,2000,2000,8,,https://www.repark.jp/parking_user/time/result/detail/?park=REP0004382&st=4&pref=13
要町３丁目第２,repark-rep0009451,東京都豊島区要町３丁目８ー３,35.736975116491,139.68905553592,self_propelled,9,TRUE,,,hourly,330,20,,ハイルーフ,5000,1900,2000,2000,9,,https://www.repark.jp/parking_user/time/result/detail/?park=REP0009451&st=4&pref=13
南長崎４丁目第３,repark-rep0009666,東京都豊島区南長崎４丁目３５ー１０,35.72724554364,139.68576181348,self_propelled,2,TRUE,,,hourly,220,25,,ハイルーフ,5000,1900,2000,2000,2,,https://www.repark.jp/parking_user/time/result/detail/?park=REP0009666&st=4&pref=13
駒込４丁目第３,repark-rep0013603,東京都豊島区駒込４丁目１ー７,35.736003972398,139.74487594481,self_propelled,3,TRUE,,,hourly,230,20,,ハイルーフ,5000,1900,2000,2000,3,,https://www.repark.jp/parking_user/time/result/detail/?park=REP0013603&st=4&pref=13
千早３丁目,repark-rep0027523,東京都豊島区千早３丁目３８ー１５,35.735489126757,139.68695577873,self_propelled,7,TRUE,,,hourly,220,30,,ハイルーフ,5000,1900,2000,2000,7,,https://www.repark.jp/parking_user/time/result/detail/?park=REP0027523&st=4&pref=13
駒込６丁目第３,repark-rep0020508,東京都豊島区駒込６丁目３１ー３,35.741714407881,139.7411704346,self_propelled,4,TRUE,,,hourly,220,30,,ハイルーフ,5000,1900,2000,2000,4,,https://www.repark.jp/parking_user/time/result/detail/?park=REP0020508&st=4&pref=13
長崎４丁目第６,repark-rep0021182,東京都豊島区長崎４丁目７ー１６,35.729834133055,139.68446180225,self_propelled,2,TRUE,,,hourly,330,15,,ハイルーフ,5000,1900,2000,2000,2,,https://www.repark.jp/parking_user/time/result/detail/?park=REP0021182&st=4&pref=13
長崎４丁目第４,repark-rep0019309,東京都豊島区長崎４丁目１２－７,35.730625717084,139.68455897973,self_propelled,3,TRUE,,,hourly,220,20,,ハイルーフ,5000,1900,2000,2000,3,,https://www.repark.jp/parking_user/time/result/detail/?park=REP0019309&st=4&pref=13
長崎４丁目第３,repark-rep0011953,東京都豊島区長崎４丁目１０ー１０,35.730542388359,139.68435066786,self_propelled,5,TRUE,,,hourly,220,20,,ハイルーフ,5000,1900,2000,2000,5,,https://www.repark.jp/parking_user/time/result/detail/?park=REP0011953&st=4&pref=13
東長崎駅南口,repark-rep0027259,東京都豊島区南長崎５丁目２９ー１３,35.728817566104,139.68396466734,self_propelled,5,TRUE,,,hourly,220,20,,ハイルーフ,5000,1900,2000,2000,5,,https://www.repark.jp/parking_user/time/result/detail/?park=REP0027259&st=4&pref=13
駒込１丁目第３,repark-rep0012233,東京都豊島区駒込１丁目４３ー１５,35.735492943616,139.74645361531,self_propelled,4,TRUE,,,hourly,220,10,,ハイルーフ,5000,1900,2000,2000,4,,https://www.repark.jp/parking_user/time/result/detail/?park=REP0012233&st=4&pref=13
長崎４丁目第２,repark-rep0009835,東京都豊島区長崎４丁目２９ー８,35.731650600281,139.68414785568,self_propelled,9,TRUE,,,hourly,220,20,,ハイルーフ,5000,1900,2000,2000,9,,https://www.repark.jp/parking_user/time/result/detail/?park=REP0009835&st=4&pref=13
長崎４丁目第７,repark-rep0023748,東京都豊島区長崎４丁目３０ー６,35.731608926774,139.68352013173,self_propelled,3,TRUE,,,hourly,220,20,,ハイルーフ,5000,1900,2000,2000,3,,https://www.repark.jp/parking_user/time/result/detail/?park=REP0023748&st=4&pref=13
南長崎５丁目第５,repark-rep0028688,東京都豊島区南長崎５丁目１６ー９,35.728531462855,139.68265645616,self_propelled,11,TRUE,,,hourly,330,12,,ハイルーフ,5000,1900,2000,2000,11,,https://www.repark.jp/parking_user/time/result/detail/?park=REP0028688&st=4&pref=13
南長崎５丁目第４,repark-rep0028026,東京都豊島区南長崎５丁目９ー９,35.727587117535,139.68252317772,self_propelled,3,TRUE,,,hourly,220,15,,ハイルーフ,5000,1900,2000,2000,3,,https://www.repark.jp/parking_user/time/result/detail/?park=REP0028026&st=4&pref=13
南長崎５丁目第２,repark-rep0005938,東京都豊島区南長崎５丁目１６,35.728395364908,139.68257035858,self_propelled,3,TRUE,,,hourly,220,12,,ハイルーフ,5000,1900,2000,2000,3,,https://www.repark.jp/parking_user/time/result/detail/?park=REP0005938&st=4&pref=13
駒込駅南口,repark-rep0009401,東京都豊島区駒込１丁目３８ー８,35.735779048029,139.74782848796,self_propelled,4,TRUE,,,hourly,330,12,,ハイルーフ,5000,1900,2000,2000,4,,https://www.repark.jp/parking_user/time/result/detail/?park=REP0009401&st=4&pref=13
西落合４丁目第３,repark-rep0014357,東京都豊島区南長崎５丁目１－１２,35.726370567511,139.68177051824,self_propelled,3,TRUE,,,hourly,330,30,,ハイルーフ,5000,1900,2000,2000,3,,https://www.repark.jp/parking_user/time/result/detail/?park=REP0014357&st=4&pref=13
南長崎５丁目第３,repark-rep0007344,東京都豊島区南長崎５丁目７ー１０,35.728200926763,139.68171488258,self_propelled,3,TRUE,,,hourly,220,15,,ハイルーフ,5000,1900,2000,2000,3,,https://www.repark.jp/parking_user/time/result/detail/?park=REP0007344&st=4&pref=13
駒込１丁目第２,repark-rep0007745,東京都豊島区駒込１丁目１２ー１２ＥＳＴＥＭＣＯＵＲＴＫＯＭＡＧＯＭＥ六義園,35.734818059952,139.74898121447,self_propelled,2,TRUE,,,hourly,330,20,,ハイルーフ,5000,1900,2000,2000,2,,https://www.repark.jp/parking_user/time/result/detail/?park=REP0007745&st=4&pref=13
南長崎６丁目,repark-rep0026788,東京都豊島区南長崎６丁目２２ー２,35.730675661479,139.6816814384,self_propelled,7,TRUE,,,hourly,220,20,,ハイルーフ,5000,1900,2000,2000,7,,https://www.repark.jp/parking_user/time/result/detail/?park=REP0026788&st=4&pref=13
南長崎６丁目第３,repark-rep0028480,東京都豊島区南長崎６丁目１９ー１２,35.729645197312,139.68062879527,self_propelled,9,TRUE,,,hourly,220,20,,ハイルーフ,5000,1900,2000,2000,9,,https://www.repark.jp/parking_user/time/result/detail/?park=REP0028480&st=4&pref=13
南長崎６丁目第２,repark-rep0027666,東京都豊島区南長崎６丁目１９ー１１,35.72979517962,139.68053435221,self_propelled,4,TRUE,,,hourly,220,20,,ハイルーフ,5000,1900,2000,2000,4,,https://www.repark.jp/parking_user/time/result/detail/?park=REP0027666&st=4&pref=13
長崎６丁目第３,repark-rep0023827,東京都豊島区長崎６丁目２１ー８,35.734386374848,139.68163960401,self_propelled,5,TRUE,,,hourly,220,30,,ハイルーフ,5000,1900,2000,2000,5,,https://www.repark.jp/parking_user/time/result/detail/?park=REP0023827&st=4&pref=13
駒込１丁目第４,repark-rep0014161,東京都豊島区駒込１丁目１０ー１７,35.734856982971,139.75116714214,self_propelled,3,TRUE,,,hourly,220,20,,ハイルーフ,5000,1900,2000,2000,3,,https://www.repark.jp/parking_user/time/result/detail/?park=REP0014161&st=4&pref=13
王子本町１丁目第２,repark-rep0009003,東京都北区王子本町１丁目１２－６,35.753360226482,139.73208176415,self_propelled,5,TRUE,,,hourly,440,30,,ハイルーフ,5000,1900,2000,2000,5,,https://www.repark.jp/parking_user/time/result/detail/?park=REP0009003&st=4&pref=13
王子本町１丁目第３,repark-rep0017146,東京都北区王子本町１丁目９ー１２,35.75311025094,139.7319512305,self_propelled,5,TRUE,,,hourly,220,20,,ハイルーフ,5000,1900,2000,2000,5,,https://www.repark.jp/parking_user/time/result/detail/?park=REP0017146&st=4&pref=13
王子本町２丁目第２,repark-rep0026561,東京都北区王子本町２丁目２６ー７,35.753437975323,139.73094574392,self_propelled,7,TRUE,,,hourly,220,30,,ハイルーフ,5000,1900,2000,2000,7,,https://www.repark.jp/parking_user/time/result/detail/?park=REP0026561&st=4&pref=13
王子本町２丁目,repark-rep0012137,東京都北区王子本町２丁目１６ー１５,35.755140584988,139.73173448801,self_propelled,6,TRUE,,,hourly,220,20,,ハイルーフ,5000,1900,2000,2000,6,,https://www.repark.jp/parking_user/time/result/detail/?park=REP0012137&st=4&pref=13
滝野川１丁目第３,repark-rep0016127,東京都北区滝野川１丁目５８ー４,35.750210645601,139.73678985118,self_propelled,6,TRUE,,,hourly,220,25,,ハイルーフ,5000,1900,2000,2000,6,,https://www.repark.jp/parking_user/time/result/detail/?park=REP0016127&st=4&pref=13
滝野川１丁目,repark-rep0009462,東京都北区滝野川１丁目５８ー１０,35.749877352151,139.73707039923,self_propelled,4,TRUE,,,hourly,220,20,,ハイルーフ,5000,1900,2000,2000,4,,https://www.repark.jp/parking_user/time/result/detail/?park=REP0009462&st=4&pref=13
王子２丁目第３,repark-rep0019379,東京都北区王子２丁目３０ー１,35.756393330392,139.73753950423,self_propelled,4,TRUE,,,hourly,220,25,,ハイルーフ,5000,1900,2000,2000,4,,https://www.repark.jp/parking_user/time/result/detail/?park=REP0019379&st=4&pref=13
王子２丁目第２,repark-rep0011379,東京都北区王子２丁目３２ー８,35.756268357586,139.73833111124,self_propelled,21,TRUE,,,hourly,220,15,,ハイルーフ,5000,1900,2000,2000,21,,https://www.repark.jp/parking_user/time/result/detail/?park=REP0011379&st=4&pref=13
王子２丁目第４,repark-rep0023927,東京都北区王子２丁目３２ー６,35.756321134793,139.73860886274,self_propelled,5,TRUE,,,hourly,220,15,,ハイルーフ,5000,1900,2000,2000,5,,https://www.repark.jp/parking_user/time/result/detail/?park=REP0023927&st=4&pref=13
王子１丁目,repark-rep0011600,東京都北区王子１丁目２５ー１０,35.756054515038,139.73968100898,self_propelled,6,TRUE,,,hourly,220,20,,ハイルーフ,5000,1900,2000,2000,6,,https://www.repark.jp/parking_user/time/result/detail/?park=REP0011600&st=4&pref=13
豊島１丁目第３,repark-rep0025421,東京都北区豊島１丁目７ー１,35.756685005686,139.73980041403,self_propelled,3,TRUE,,,hourly,220,20,,ハイルーフ,5000,1900,2000,2000,3,,https://www.repark.jp/parking_user/time/result/detail/?park=REP0025421&st=4&pref=13
滝野川３丁目第４,repark-rep0028550,東京都北区滝野川３丁目４２ー１５,35.748341243605,139.72780457248,self_propelled,8,TRUE,,,hourly,330,20,,ハイルーフ,5000,1900,2000,2000,8,,https://www.repark.jp/parking_user/time/result/detail/?park=REP0028550&st=4&pref=13
豊島１丁目,repark-rep0016988,東京都北区豊島１丁目１３ー５,35.758176503857,139.7393253848,self_propelled,2,TRUE,,,hourly,220,20,,ハイルーフ,5000,1900,2000,2000,2,,https://www.repark.jp/parking_user/time/result/detail/?park=REP0016988&st=4&pref=13
王子３丁目第５,repark-rep0011646,東京都北区王子３丁目５ー５,35.760023440764,139.73425627674,self_propelled,2,TRUE,,,hourly,220,30,,ハイルーフ,5000,1900,2000,2000,2,,https://www.repark.jp/parking_user/time/result/detail/?park=REP0011646&st=4&pref=13
豊島２丁目第２,repark-rep0022393,東京都北区豊島２丁目１ー７,35.756587824131,139.74157804887,self_propelled,3,TRUE,,,hourly,220,25,,ハイルーフ,5000,1900,2000,2000,3,,https://www.repark.jp/parking_user/time/result/detail/?park=REP0022393&st=4&pref=13
王子３丁目第４,repark-rep0010690,東京都北区王子３丁目４ー１４,35.760201213158,139.73508120005,self_propelled,3,TRUE,,,hourly,220,25,,ハイルーフ,5000,1900,2000,2000,3,,https://www.repark.jp/parking_user/time/result/detail/?park=REP0010690&st=4&pref=13
滝野川５丁目第２,repark-rep0017731,東京都北区滝野川５丁目５４ー１２,35.749321651074,139.72530473494,self_propelled,8,TRUE,,,hourly,220,20,,ハイルーフ,5000,1900,2000,2000,8,,https://www.repark.jp/parking_user/time/result/detail/?park=REP0017731&st=4&pref=13
滝野川１丁目第２,repark-rep0011202,東京都北区滝野川１丁目８７ー１,35.745183316983,139.73173216971,self_propelled,5,TRUE,,,hourly,220,25,,ハイルーフ,5000,1900,2000,2000,5,,https://www.repark.jp/parking_user/time/result/detail/?park=REP0011202&st=4&pref=13
王子３丁目第６,repark-rep0025947,東京都北区王子３丁目８ー７,35.760770608753,139.73573945216,self_propelled,2,TRUE,,,hourly,220,20,,ハイルーフ,5000,1900,2000,2000,2,,https://www.repark.jp/parking_user/time/result/detail/?park=REP0025947&st=4&pref=13
滝野川５丁目,repark-rep0015273,東京都北区滝野川５丁目５８ー９,35.750268754451,139.72431310668,self_propelled,3,TRUE,,,hourly,220,20,,ハイルーフ,5000,1900,2000,2000,3,,https://www.repark.jp/parking_user/time/result/detail/?park=REP0015273&st=4&pref=13
豊島１丁目第４,repark-rep0026344,東京都北区豊島１丁目３７ー７,35.758423737333,139.74143908688,self_propelled,4,TRUE,,,hourly,220,25,,ハイルーフ,5000,1900,2000,2000,4,,https://www.repark.jp/parking_user/time/result/detail/?park=REP0026344&st=4&pref=13
中十条１丁目第２,repark-rep0025836,東京都北区中十条１丁目２２ー１８,35.759826133151,139.72820401046,self_propelled,5,TRUE,,,hourly,330,30,,ハイルーフ,5000,1900,2000,2000,5,,https://www.repark.jp/parking_user/time/result/detail/?park=REP0025836&st=4&pref=13
西ケ原４丁目第２,repark-rep0013260,東京都北区西ケ原４丁目４１ー１４,35.744308470379,139.73515692557,self_propelled,8,TRUE,,,hourly,220,30,,ハイルーフ,5000,1900,2000,2000,8,,https://www.repark.jp/parking_user/time/result/detail/?park=REP0013260&st=4&pref=13
上十条１丁目第６,repark-rep0028024,東京都北区上十条１丁目２ー１７,35.758401240876,139.72564595552,self_propelled,11,TRUE,,,hourly,220,25,,ハイルーフ,5000,1900,2000,2000,11,,https://www.repark.jp/parking_user/time/result/detail/?park=REP0028024&st=4&pref=13
王子４丁目第２,repark-rep0009850,東京都北区王子４丁目２１ー１３,35.761259463125,139.73675045669,self_propelled,3,TRUE,,,hourly,220,20,,ハイルーフ,5000,1900,2000,2000,3,,https://www.repark.jp/parking_user/time/result/detail/?park=REP0009850&st=4&pref=13
西ケ原４丁目第４,repark-rep0024401,東京都北区西ケ原４丁目４８,35.74397793251,139.73417091167,self_propelled,8,TRUE,,,hourly,220,25,,ハイルーフ,5000,1900,2000,2000,8,,https://www.repark.jp/parking_user/time/result/detail/?park=REP0024401&st=4&pref=13
滝野川５丁目第３,repark-rep0018289,東京都北区滝野川５丁目１６ー６,35.747246871055,139.7251937287,self_propelled,2,TRUE,,,hourly,220,20,,ハイルーフ,5000,1900,2000,2000,2,,https://www.repark.jp/parking_user/time/result/detail/?park=REP0018289&st=4&pref=13
西ケ原４丁目第５,repark-rep0026166,東京都北区西ケ原４丁目６０ー１５,35.743444648788,139.73372652814,self_propelled,4,TRUE,,,hourly,220,15,,ハイルーフ,5000,1900,2000,2000,4,,https://www.repark.jp/parking_user/time/result/detail/?park=REP0026166&st=4&pref=13
上十条１丁目第７,repark-rep0028476,東京都北区上十条１丁目９‐２８,35.75834566145,139.72390721348,self_propelled,7,TRUE,,,hourly,220,15,,ハイルーフ,5000,1900,2000,2000,7,,https://www.repark.jp/parking_user/time/result/detail/?park=REP0028476&st=4&pref=13
上十条１丁目第２,repark-rep0013646,東京都北区上十条１丁目９ー１,35.758223448301,139.72366557217,self_propelled,2,TRUE,,,hourly,220,15,,ハイルーフ,5000,1900,2000,2000,2,,https://www.repark.jp/parking_user/time/result/detail/?park=REP0013646&st=4&pref=13
中十条１丁目,repark-rep0025654,東京都北区中十条１丁目２６ー７,35.761448172224,139.72760676337,self_propelled,4,TRUE,,,hourly,220,20,,ハイルーフ,5000,1900,2000,2000,4,,https://www.repark.jp/parking_user/time/result/detail/?park=REP0025654&st=4&pref=13
王子郵便局駐車場,repark-rep0021254,東京都北区王子６丁目２ー２８王子郵便局,35.761348415239,139.74090844027,self_propelled,7,TRUE,,,hourly,300,30,,ハイルーフ,5000,1900,2000,2000,7,,https://www.repark.jp/parking_user/time/result/detail/?park=REP0021254&st=4&pref=13
豊島３丁目,repark-rep0013560,東京都北区豊島３丁目２ー８,35.759618091087,139.74358607558,self_propelled,2,TRUE,,,hourly,220,25,,ハイルーフ,5000,1900,2000,2000,2,,https://www.repark.jp/parking_user/time/result/detail/?park=REP0013560&st=4&pref=13
上十条１丁目第４,repark-rep0020925,東京都北区上十条１丁目９ー１５,35.759189999904,139.72303502403,self_propelled,6,TRUE,,,hourly,330,20,,ハイルーフ,5000,1900,2000,2000,6,,https://www.repark.jp/parking_user/time/result/detail/?park=REP0020925&st=4&pref=13
滝野川６丁目第８,repark-rep0028171,東京都北区滝野川６丁目６４ー１２,35.746274694336,139.72183294157,self_propelled,8,TRUE,,,hourly,300,30,,ハイルーフ,5000,1900,2000,2000,8,,https://www.repark.jp/parking_user/time/result/detail/?park=REP0028171&st=4&pref=13
上十条１丁目第５,repark-rep0025392,東京都北区上十条１丁目１５ー１７,35.76101759033,139.72348768029,self_propelled,6,TRUE,,,hourly,330,20,,ハイルーフ,5000,1900,2000,2000,6,,https://www.repark.jp/parking_user/time/result/detail/?park=REP0025392&st=4&pref=13
滝野川６丁目第１０,repark-rep0028549,東京都北区滝野川６丁目５６‐１３,35.745069286529,139.7229356825,self_propelled,1,TRUE,,,hourly,330,20,,ハイルーフ,5000,1900,2000,2000,1,,https://www.repark.jp/parking_user/time/result/detail/?park=REP0028549&st=4&pref=13
滝野川６丁目第９,repark-rep0028291,東京都北区滝野川６丁目５７ー１４,35.745249819483,139.72272180395,self_propelled,6,TRUE,,,hourly,330,20,,ハイルーフ,5000,1900,2000,2000,6,,https://www.repark.jp/parking_user/time/result/detail/?park=REP0028291&st=4&pref=13
西ケ原３丁目,repark-rep0009520,東京都北区西ケ原３丁目６４ー１３,35.742408776185,139.74103152516,self_propelled,5,TRUE,,,hourly,220,25,,ハイルーフ,5000,1900,2000,2000,5,,https://www.repark.jp/parking_user/time/result/detail/?park=REP0009520&st=4&pref=13
滝野川６丁目,repark-rep0001240,東京都北区滝野川６丁目６２－９,35.745894178309,139.72179129555,self_propelled,2,TRUE,,,hourly,330,20,,ハイルーフ,5000,1900,2000,2000,2,,https://www.repark.jp/parking_user/time/result/detail/?park=REP0001240&st=4&pref=13
堀船３丁目第３,repark-rep0020667,東京都北区堀船３丁目４０ー１,35.752868908809,139.74907204175,self_propelled,3,TRUE,,,hourly,220,25,,ハイルーフ,5000,1900,2000,2000,3,,https://www.repark.jp/parking_user/time/result/detail/?park=REP0020667&st=4&pref=13
堀船３丁目第２,repark-rep0017539,東京都北区堀船３丁目４０ー２,35.752952233042,139.74908037122,self_propelled,5,TRUE,,,hourly,220,25,,ハイルーフ,5000,1900,2000,2000,5,,https://www.repark.jp/parking_user/time/result/detail/?park=REP0017539&st=4&pref=13
滝野川６丁目第７,repark-rep0024395,東京都北区滝野川６丁目８６－１３,35.746382999741,139.72091634571,self_propelled,4,TRUE,,,hourly,330,20,,ハイルーフ,5000,1900,2000,2000,4,,https://www.repark.jp/parking_user/time/result/detail/?park=REP0024395&st=4&pref=13
上中里駅前,repark-rep0013328,東京都北区上中里２丁目３２ー２,35.747086166442,139.74747521864,self_propelled,5,TRUE,,,hourly,220,20,,ハイルーフ,5000,1900,2000,2000,5,,https://www.repark.jp/parking_user/time/result/detail/?park=REP0013328&st=4&pref=13
滝野川６丁目第６,repark-rep0016362,東京都北区滝野川６丁目３１ー７,35.743633337417,139.72341070917,self_propelled,3,TRUE,,,hourly,330,25,,ハイルーフ,5000,1900,2000,2000,3,,https://www.repark.jp/parking_user/time/result/detail/?park=REP0016362&st=4&pref=13
上十条２丁目,repark-rep0025870,東京都北区上十条２丁目１０ー２,35.758517795466,139.71992420234,self_propelled,3,TRUE,,,hourly,220,20,,ハイルーフ,5000,1900,2000,2000,3,,https://www.repark.jp/parking_user/time/result/detail/?park=REP0025870&st=4&pref=13
豊島７丁目,repark-rep0005935,東京都北区豊島７丁目４番１３,35.762190060012,139.74484696343,self_propelled,3,TRUE,,,hourly,200,25,,ハイルーフ,5000,1900,2000,2000,3,,https://www.repark.jp/parking_user/time/result/detail/?park=REP0005935&st=4&pref=13
滝野川７丁目第４,repark-rep0026014,東京都北区滝野川７丁目１３ー６,35.743944384921,139.72168028355,self_propelled,2,TRUE,,,hourly,220,20,,ハイルーフ,5000,1900,2000,2000,2,,https://www.repark.jp/parking_user/time/result/detail/?park=REP0026014&st=4&pref=13
中十条３丁目第２,repark-rep0007447,東京都北区中十条３丁目１５ー８,35.76434503178,139.72459576904,self_propelled,5,TRUE,,,hourly,440,60,,ハイルーフ,5000,1900,2000,2000,5,,https://www.repark.jp/parking_user/time/result/detail/?park=REP0007447&st=4&pref=13
上中里１丁目,repark-rep0010477,東京都北区上中里１丁目４３ー１６,35.744042040351,139.74709205763,self_propelled,8,TRUE,,,hourly,220,25,,ハイルーフ,5000,1900,2000,2000,8,,https://www.repark.jp/parking_user/time/result/detail/?park=REP0010477&st=4&pref=13
十条台２丁目,repark-rep0028200,東京都北区十条台２丁目６ー３０,35.759142705919,139.71862428152,self_propelled,6,TRUE,,,hourly,220,20,,ハイルーフ,5000,1900,2000,2000,6,,https://www.repark.jp/parking_user/time/result/detail/?park=REP0028200&st=4&pref=13
滝野川７丁目第２,repark-rep0005440,東京都北区滝野川７丁目１５－４,35.74375827835,139.72079425471,self_propelled,2,TRUE,,,hourly,220,15,,ハイルーフ,5000,1900,2000,2000,2,,https://www.repark.jp/parking_user/time/result/detail/?park=REP0005440&st=4&pref=13
豊島７丁目第６,repark-rep0021201,東京都北区豊島７丁目１３ー１３,35.76405374637,139.7446580043,self_propelled,3,TRUE,,,hourly,440,60,,ハイルーフ,5000,1900,2000,2000,3,,https://www.repark.jp/parking_user/time/result/detail/?park=REP0021201&st=4&pref=13
神谷１丁目第４,repark-rep0025393,東京都北区神谷１丁目１ー１,35.76711437567,139.73582248615,self_propelled,10,TRUE,,,hourly,220,20,,ハイルーフ,5000,1900,2000,2000,10,,https://www.repark.jp/parking_user/time/result/detail/?park=REP0025393&st=4&pref=13
豊島７丁目第２,repark-rep0013450,東京都北区豊島７丁目１４ー１２,35.76411208065,139.74508852186,self_propelled,2,TRUE,,,hourly,440,60,,ハイルーフ,5000,1900,2000,2000,2,,https://www.repark.jp/parking_user/time/result/detail/?park=REP0013450&st=4&pref=13
豊島８丁目,repark-rep0005401,東京都北区豊島８丁目１７－３,35.76607292358,139.74169149169,self_propelled,3,TRUE,,,hourly,200,20,,ハイルーフ,5000,1900,2000,2000,3,,https://www.repark.jp/parking_user/time/result/detail/?park=REP0005401&st=4&pref=13
東十条４丁目第４,repark-rep0022626,東京都北区東十条４丁目７ー５,35.767097589011,139.72881195815,self_propelled,2,TRUE,,,hourly,220,20,,ハイルーフ,5000,1900,2000,2000,2,,https://www.repark.jp/parking_user/time/result/detail/?park=REP0022626&st=4&pref=13
東十条４丁目第８,repark-rep0028723,東京都北区東十条４丁目４‐１４,35.766767039208,139.727142668,self_propelled,7,TRUE,,,hourly,200,20,,ハイルーフ,5000,1900,2000,2000,7,,https://www.repark.jp/parking_user/time/result/detail/?park=REP0028723&st=4&pref=13
東十条４丁目,repark-rep0001645,東京都北区東十条４丁目６－５,35.767158684161,139.72827866662,self_propelled,8,TRUE,,,hourly,220,20,,ハイルーフ,5000,1900,2000,2000,8,,https://www.repark.jp/parking_user/time/result/detail/?park=REP0001645&st=4&pref=13
東十条４丁目第５,repark-rep0022627,東京都北区東十条４丁目７ー７,35.767333675389,139.72884805528,self_propelled,3,TRUE,,,hourly,220,15,,ハイルーフ,5000,1900,2000,2000,3,,https://www.repark.jp/parking_user/time/result/detail/?park=REP0022627&st=4&pref=13
上十条３丁目,repark-rep0007902,東京都北区上十条３丁目５ー１０,35.760925839847,139.71814646209,self_propelled,6,TRUE,,,hourly,330,20,,ハイルーフ,5000,1900,2000,2000,6,,https://www.repark.jp/parking_user/time/result/detail/?park=REP0007902&st=4&pref=13
東十条４丁目第７,repark-rep0025995,東京都北区東十条４丁目１４ー１,35.766747585306,139.72645661487,self_propelled,4,TRUE,,,hourly,220,20,,ハイルーフ,5000,1900,2000,2000,4,,https://www.repark.jp/parking_user/time/result/detail/?park=REP0025995&st=4&pref=13
東十条４丁目第６,repark-rep0025994,東京都北区東十条４丁目１４ー９,35.767036452014,139.7270065559,self_propelled,2,TRUE,,,hourly,220,30,,ハイルーフ,5000,1900,2000,2000,2,,https://www.repark.jp/parking_user/time/result/detail/?park=REP0025994&st=4&pref=13
神谷１丁目第５,repark-rep0028192,東京都北区神谷１丁目１ー１７,35.76804483336,139.73589188255,self_propelled,17,TRUE,,,hourly,220,20,,ハイルーフ,5000,1900,2000,2000,17,,https://www.repark.jp/parking_user/time/result/detail/?park=REP0028192&st=4&pref=13
十条仲原１丁目第２,repark-rep0026507,東京都北区十条仲原１丁目１９ー１,35.763345053157,139.71969622199,self_propelled,8,TRUE,,,hourly,220,20,,ハイルーフ,5000,1900,2000,2000,8,,https://www.repark.jp/parking_user/time/result/detail/?park=REP0026507&st=4&pref=13
王子５丁目第５,repark-rep0025304,東京都北区王子５丁目２５ー４,35.768003218018,139.73859443802,self_propelled,3,TRUE,,,hourly,220,20,,ハイルーフ,5000,1900,2000,2000,3,,https://www.repark.jp/parking_user/time/result/detail/?park=REP0025304&st=4&pref=13
西ケ原１丁目,repark-rep0017906,東京都北区西ケ原１丁目５９ー５,35.739942445616,139.7451896264,self_propelled,8,TRUE,,,hourly,350,30,,ハイルーフ,5000,1900,2000,2000,8,,https://www.repark.jp/parking_user/time/result/detail/?park=REP0017906&st=4&pref=13
十条仲原１丁目,repark-rep0025993,東京都北区十条仲原１丁目２０ー７,35.763878329214,139.71970175198,self_propelled,5,TRUE,,,hourly,440,40,,ハイルーフ,5000,1900,2000,2000,5,,https://www.repark.jp/parking_user/time/result/detail/?park=REP0025993&st=4&pref=13
西ケ原１丁目第４,repark-rep0026463,東京都北区西ケ原１丁目５３ー５,35.740175775278,139.74637007362,self_propelled,9,TRUE,,,hourly,220,15,,ハイルーフ,5000,1900,2000,2000,9,,https://www.repark.jp/parking_user/time/result/detail/?park=REP0026463&st=4&pref=13
豊島７丁目第７,repark-rep0026908,東京都北区豊島７丁目２９ー１４,35.766247969869,139.74541339653,self_propelled,6,TRUE,,,hourly,220,25,,ハイルーフ,5000,1900,2000,2000,6,,https://www.repark.jp/parking_user/time/result/detail/?park=REP0026908&st=4&pref=13
十条仲原２丁目第２,repark-rep0027665,東京都北区十条仲原２丁目１４ー７,35.763997750136,139.71905457822,self_propelled,4,TRUE,,,hourly,220,20,,ハイルーフ,5000,1900,2000,2000,4,,https://www.repark.jp/parking_user/time/result/detail/?park=REP0027665&st=4&pref=13
西ケ原１丁目第３,repark-rep0022871,東京都北区西ケ原１丁目１０ー８,35.740950721207,139.74801990092,self_propelled,3,TRUE,,,hourly,220,20,,ハイルーフ,5000,1900,2000,2000,3,,https://www.repark.jp/parking_user/time/result/detail/?park=REP0022871&st=4&pref=13
十条仲原２丁目,repark-rep0023249,東京都北区十条仲原２丁目７ー６,35.765764261294,139.72100711273,self_propelled,5,TRUE,,,hourly,200,25,,ハイルーフ,5000,1900,2000,2000,5,,https://www.repark.jp/parking_user/time/result/detail/?park=REP0023249&st=4&pref=13
東十条５丁目第２,repark-rep0014020,東京都北区東十条５丁目８ー１６,35.768541846801,139.72699537651,self_propelled,11,TRUE,,,hourly,200,30,,ハイルーフ,5000,1900,2000,2000,11,,https://www.repark.jp/parking_user/time/result/detail/?park=REP0014020&st=4&pref=13
豊島６丁目,repark-rep0004128,東京都北区豊島６丁目２,35.76405105167,139.74941038775,self_propelled,9,TRUE,,,hourly,220,20,,ハイルーフ,5000,1900,2000,2000,9,,https://www.repark.jp/parking_user/time/result/detail/?park=REP0004128&st=4&pref=13
上十条４丁目第３,repark-rep0027377,東京都北区上十条４丁目７ー１４,35.763347780893,139.71683534746,self_propelled,6,TRUE,,,hourly,220,30,,ハイルーフ,5000,1900,2000,2000,6,,https://www.repark.jp/parking_user/time/result/detail/?park=REP0027377&st=4&pref=13
上十条４丁目第２,repark-rep0027117,東京都北区上十条４丁目７ー２１,35.763058917454,139.71652983113,self_propelled,8,TRUE,,,hourly,220,30,,ハイルーフ,5000,1900,2000,2000,8,,https://www.repark.jp/parking_user/time/result/detail/?park=REP0027117&st=4&pref=13
中里２丁目第６,repark-rep0028384,東京都北区中里２丁目１８ー８,35.739861955844,139.74843102791,self_propelled,7,TRUE,,,hourly,220,20,,ハイルーフ,5000,1900,2000,2000,7,,https://www.repark.jp/parking_user/time/result/detail/?park=REP0028384&st=4&pref=13
東十条５丁目第３,repark-rep0014442,東京都北区東十条５丁目１６ー５,35.769538938814,139.72565932955,self_propelled,3,TRUE,,,hourly,220,30,,ハイルーフ,5000,1900,2000,2000,3,,https://www.repark.jp/parking_user/time/result/detail/?park=REP0014442&st=4&pref=13
中里２丁目第５,repark-rep0021274,東京都北区中里２丁目１６ー７,35.739275913398,139.74876713798,self_propelled,2,TRUE,,,hourly,220,20,,ハイルーフ,5000,1900,2000,2000,2,,https://www.repark.jp/parking_user/time/result/detail/?park=REP0021274&st=4&pref=13
神谷３丁目,repark-rep0015886,東京都北区神谷３丁目３１ー８,35.7710305662,139.73252535765,self_propelled,6,TRUE,,,hourly,100,20,,ハイルーフ,5000,1900,2000,2000,6,,https://www.repark.jp/parking_user/time/result/detail/?park=REP0015886&st=4&pref=13
十条仲原３丁目,repark-rep0010576,東京都北区十条仲原３丁目１０ー７,35.767461283439,139.71995712178,self_propelled,7,TRUE,,,hourly,440,60,,ハイルーフ,5000,1900,2000,2000,7,,https://www.repark.jp/parking_user/time/result/detail/?park=REP0010576&st=4&pref=13
昭和町１丁目,repark-rep0016866,東京都北区昭和町１丁目３ー５,35.746769674865,139.75558011611,self_propelled,4,TRUE,,,hourly,220,15,,ハイルーフ,5000,1900,2000,2000,4,,https://www.repark.jp/parking_user/time/result/detail/?park=REP0016866&st=4&pref=13
上十条４丁目,repark-rep0026841,東京都北区上十条４丁目１１ー２,35.763300523165,139.71455776179,self_propelled,6,TRUE,,,hourly,220,30,,ハイルーフ,5000,1900,2000,2000,6,,https://www.repark.jp/parking_user/time/result/detail/?park=REP0026841&st=4&pref=13
上十条５丁目,repark-rep0026474,東京都北区上十条５丁目１６ー３,35.764805923482,139.7148632221,self_propelled,4,TRUE,,,hourly,220,30,,ハイルーフ,5000,1900,2000,2000,4,,https://www.repark.jp/parking_user/time/result/detail/?park=REP0026474&st=4&pref=13
東十条６丁目第２,repark-rep0024833,東京都北区東十条６丁目１１,35.770622116785,139.72335947068,self_propelled,14,TRUE,,,hourly,220,40,,ハイルーフ,5000,1900,2000,2000,14,,https://www.repark.jp/parking_user/time/result/detail/?park=REP0024833&st=4&pref=13
神谷２丁目,repark-rep0015476,東京都北区神谷２丁目３４ー１４,35.772352565969,139.72789790308,self_propelled,5,TRUE,,,hourly,220,30,,ハイルーフ,5000,1900,2000,2000,5,,https://www.repark.jp/parking_user/time/result/detail/?park=REP0015476&st=4&pref=13
西が丘２丁目第２,repark-rep0013806,東京都北区西が丘２丁目１２ー３,35.765280838674,139.71291613993,self_propelled,5,TRUE,,,hourly,220,15,,ハイルーフ,5000,1900,2000,2000,5,,https://www.repark.jp/parking_user/time/result/detail/?park=REP0013806&st=4&pref=13
西が丘２丁目,repark-rep0007057,東京都北区西が丘２丁目１１,35.765283614582,139.71281337034,self_propelled,2,TRUE,,,hourly,220,15,,ハイルーフ,5000,1900,2000,2000,2,,https://www.repark.jp/parking_user/time/result/detail/?park=REP0007057&st=4&pref=13
西が丘１丁目第６,repark-rep0023112,東京都北区西が丘１丁目３９ー５,35.76878878171,139.71207160454,self_propelled,3,TRUE,,,hourly,220,30,,ハイルーフ,5000,1900,2000,2000,3,,https://www.repark.jp/parking_user/time/result/detail/?park=REP0023112&st=4&pref=13
田端３丁目,repark-rep0006467,東京都北区田端３丁目２４－１３,35.73699573175,139.75623606669,self_propelled,4,TRUE,,,hourly,220,20,,ハイルーフ,5000,1900,2000,2000,4,,https://www.repark.jp/parking_user/time/result/detail/?park=REP0006467&st=4&pref=13
赤羽西２丁目,repark-rep0025128,東京都北区赤羽西２丁目６ー５,35.774691085439,139.7210622521,self_propelled,5,TRUE,,,hourly,220,20,,ハイルーフ,5000,1900,2000,2000,5,,https://www.repark.jp/parking_user/time/result/detail/?park=REP0025128&st=4&pref=13
赤羽西４丁目第３,repark-rep0022891,東京都北区赤羽西４丁目２ー１６,35.773793922286,139.71893746987,self_propelled,2,TRUE,,,hourly,220,20,,ハイルーフ,5000,1900,2000,2000,2,,https://www.repark.jp/parking_user/time/result/detail/?park=REP0022891&st=4&pref=13
志茂３丁目,repark-rep0017391,東京都北区志茂３丁目７ー１１,35.77734938828,139.73561369921,self_propelled,6,TRUE,,,hourly,220,15,,ハイルーフ,5000,1900,2000,2000,6,,https://www.repark.jp/parking_user/time/result/detail/?park=REP0017391&st=4&pref=13
志茂２丁目第３,repark-rep0021722,東京都北区志茂２丁目１８ー１１,35.778432478445,139.72828647985,self_propelled,3,TRUE,,,hourly,220,25,,ハイルーフ,5000,1900,2000,2000,3,,https://www.repark.jp/parking_user/time/result/detail/?park=REP0021722&st=4&pref=13
赤羽駅西口第３,repark-rep0026654,東京都北区赤羽西１丁目４ー２０,35.776788083286,139.72107048885,self_propelled,3,TRUE,,,hourly,220,15,,ハイルーフ,5000,1900,2000,2000,3,,https://www.repark.jp/parking_user/time/result/detail/?park=REP0026654&st=4&pref=13
赤羽西４丁目第２,repark-rep0018632,東京都北区赤羽西４丁目２５ー７,35.774896542128,139.71663483233,self_propelled,3,TRUE,,,hourly,220,40,,ハイルーフ,5000,1900,2000,2000,3,,https://www.repark.jp/parking_user/time/result/detail/?park=REP0018632&st=4&pref=13
田端新町３丁目第３,repark-rep0010210,東京都北区田端新町３丁目７ー４,35.742178635066,139.76337412423,self_propelled,2,TRUE,,,hourly,220,60,,ハイルーフ,5000,1900,2000,2000,2,,https://www.repark.jp/parking_user/time/result/detail/?park=REP0010210&st=4&pref=13
東田端２丁目第３,repark-rep0028240,東京都北区東田端２丁目６ー２,35.740412139577,139.76231873822,self_propelled,6,TRUE,,,hourly,220,30,,ハイルーフ,5000,1900,2000,2000,6,,https://www.repark.jp/parking_user/time/result/detail/?park=REP0028240&st=4&pref=13
田端１丁目第２,repark-rep0020773,東京都北区田端１丁目２０ー１０,35.736523620214,139.75966913732,self_propelled,2,TRUE,,,hourly,220,25,,ハイルーフ,5000,1900,2000,2000,2,,https://www.repark.jp/parking_user/time/result/detail/?park=REP0020773&st=4&pref=13
田端新町３丁目第５,repark-rep0025939,東京都北区田端新町３丁目６ー２,35.741278745971,139.764212985,self_propelled,4,TRUE,,,hourly,220,20,,ハイルーフ,5000,1900,2000,2000,4,,https://www.repark.jp/parking_user/time/result/detail/?park=REP0025939&st=4&pref=13
東田端１丁目,repark-rep0019572,東京都北区東田端１丁目７ー８,35.738670673062,139.76313263881,self_propelled,3,TRUE,,,hourly,220,15,,ハイルーフ,5000,1900,2000,2000,3,,https://www.repark.jp/parking_user/time/result/detail/?park=REP0019572&st=4&pref=13
志茂４丁目第３,repark-rep0015539,東京都北区志茂４丁目５ー１０,35.780390653229,139.7312194801,self_propelled,3,TRUE,,,hourly,220,40,,ハイルーフ,5000,1900,2000,2000,3,,https://www.repark.jp/parking_user/time/result/detail/?park=REP0015539&st=4&pref=13
田端新町２丁目第２,repark-rep0009773,東京都北区田端新町２丁目１４ー８アレックス日乃本,35.74073436932,139.76473518869,self_propelled,6,TRUE,,,hourly,200,15,,ハイルーフ,5000,1900,2000,2000,6,,https://www.repark.jp/parking_user/time/result/detail/?park=REP0009773&st=4&pref=13
赤羽西６丁目第２,repark-rep0019907,東京都北区赤羽西６丁目２,35.77146619944,139.70784127658,self_propelled,15,TRUE,,,hourly,220,15,,ハイルーフ,5000,1900,2000,2000,15,,https://www.repark.jp/parking_user/time/result/detail/?park=REP0019907&st=4&pref=13
赤羽２丁目第７,repark-rep0025305,東京都北区赤羽２丁目２８ー９,35.780351681408,139.72623933949,self_propelled,2,TRUE,,,hourly,330,20,,ハイルーフ,5000,1900,2000,2000,2,,https://www.repark.jp/parking_user/time/result/detail/?park=REP0025305&st=4&pref=13
田端新町２丁目第３,repark-rep0018103,東京都北区田端新町２丁目１７ー８,35.740837149668,139.76549900953,self_propelled,3,TRUE,,,hourly,200,20,,ハイルーフ,5000,1900,2000,2000,3,,https://www.repark.jp/parking_user/time/result/detail/?park=REP0018103&st=4&pref=13
赤羽西６丁目,repark-rep0012945,東京都北区赤羽西６丁目５ー４,35.772016141005,139.70786347142,self_propelled,8,TRUE,,,hourly,220,15,,ハイルーフ,5000,1900,2000,2000,8,,https://www.repark.jp/parking_user/time/result/detail/?park=REP0012945&st=4&pref=13
赤羽２丁目第４,repark-rep0018644,東京都北区赤羽２丁目２２ー２,35.780309985876,139.72435060927,self_propelled,6,TRUE,,,hourly,330,20,,ハイルーフ,5000,1900,2000,2000,6,,https://www.repark.jp/parking_user/time/result/detail/?park=REP0018644&st=4&pref=13
志茂４丁目,repark-rep0011766,東京都北区志茂４丁目２９ー２,35.781857181367,139.732249882,self_propelled,3,TRUE,,,hourly,220,25,,ハイルーフ,5000,1900,2000,2000,3,,https://www.repark.jp/parking_user/time/result/detail/?park=REP0011766&st=4&pref=13
メガロス田端駐車場,repark-rep0028117,東京都北区東田端１丁目１７ー３２メガロス田端,35.73697364757,139.76399097967,self_propelled,47,FALSE,,,hourly,300,30,,普通車,5300,1950,1550,2300,47,,https://www.repark.jp/parking_user/time/result/detail/?park=REP0028117&st=4&pref=13
田端新町２丁目,repark-rep0002266,東京都北区田端新町２丁目１１－１２,35.74019557424,139.76681281896,self_propelled,7,TRUE,,,hourly,200,20,,ハイルーフ,5000,1900,2000,2000,7,,https://www.repark.jp/parking_user/time/result/detail/?park=REP0002266&st=4&pref=13
志茂２丁目第２,repark-rep0021195,東京都北区志茂２丁目６４ー７,35.782215381543,139.72683920386,self_propelled,4,TRUE,,,hourly,200,15,,ハイルーフ,5000,1900,2000,2000,4,,https://www.repark.jp/parking_user/time/result/detail/?park=REP0021195&st=4&pref=13
赤羽１丁目第６,repark-rep0024164,東京都北区赤羽１丁目３７ー２,35.781004299459,139.72107862703,self_propelled,5,TRUE,,,hourly,220,15,,ハイルーフ,5000,1900,2000,2000,5,,https://www.repark.jp/parking_user/time/result/detail/?park=REP0024164&st=4&pref=13
赤羽鳳,repark-rep0001357,東京都北区赤羽１丁目３７－１１,35.781515350945,139.72080084857,self_propelled,11,TRUE,,,hourly,330,20,,ハイルーフ,5000,1900,2000,2000,11,,https://www.repark.jp/parking_user/time/result/detail/?park=REP0001357&st=4&pref=13
赤羽台３丁目,repark-rep0025744,東京都北区赤羽台３丁目３ー２５,35.780373745407,139.71732896747,self_propelled,4,TRUE,,,hourly,220,20,,ハイルーフ,5000,1900,2000,2000,4,,https://www.repark.jp/parking_user/time/result/detail/?park=REP0025744&st=4&pref=13
田端新町２丁目第４,repark-rep0028785,東京都北区田端新町２丁目２６‐３藤平ビル,35.739684540946,139.76813217692,self_propelled,5,TRUE,,,hourly,200,30,,ハイルーフ,5000,1900,2000,2000,5,,https://www.repark.jp/parking_user/time/result/detail/?park=REP0028785&st=4&pref=13
赤羽２丁目第５,repark-rep0019824,東京都北区赤羽２丁目６５ー６,35.782459748366,139.72391721327,self_propelled,12,TRUE,,,hourly,220,20,,ハイルーフ,5000,1900,2000,2000,12,,https://www.repark.jp/parking_user/time/result/detail/?park=REP0019824&st=4&pref=13
赤羽２丁目第６,repark-rep0023930,東京都北区赤羽２丁目６６ー７,35.783034672753,139.72310891993,self_propelled,2,TRUE,,,hourly,330,20,,ハイルーフ,5000,1900,2000,2000,2,,https://www.repark.jp/parking_user/time/result/detail/?park=REP0023930&st=4&pref=13
赤羽１丁目第３,repark-rep0007131,東京都北区赤羽１丁目６２ー１,35.782123600789,139.71976479561,self_propelled,10,TRUE,,,hourly,330,20,,ハイルーフ,5000,1900,2000,2000,10,,https://www.repark.jp/parking_user/time/result/detail/?park=REP0007131&st=4&pref=13
田端新町１丁目第３,repark-rep0007588,東京都北区田端新町１丁目２３ー９,35.737762541847,139.76912385006,self_propelled,3,TRUE,,,hourly,220,20,,ハイルーフ,5000,1900,2000,2000,3,,https://www.repark.jp/parking_user/time/result/detail/?park=REP0007588&st=4&pref=13
志茂５丁目第４,repark-rep0022619,東京都北区志茂５丁目３５ー２,35.784806784317,139.72758068995,self_propelled,2,TRUE,,,hourly,330,25,,ハイルーフ,5000,1900,2000,2000,2,,https://www.repark.jp/parking_user/time/result/detail/?park=REP0022619&st=4&pref=13
志茂５丁目,repark-rep0009580,東京都北区志茂５丁目３８ー２,35.784953967674,139.72626968105,self_propelled,4,TRUE,,,hourly,330,25,,ハイルーフ,5000,1900,2000,2000,4,,https://www.repark.jp/parking_user/time/result/detail/?park=REP0009580&st=4&pref=13
岩淵町第５,repark-rep0021838,,35.784817797591,139.72205337048,self_propelled,2,TRUE,,,hourly,220,20,,ハイルーフ,5000,1900,2000,2000,2,,https://www.repark.jp/parking_user/time/result/detail/?park=REP0021838&st=4&pref=13
岩淵町第２,repark-rep0012773,,35.785367765305,139.72357266298,self_propelled,4,TRUE,,,hourly,220,30,,ハイルーフ,5000,1900,2000,2000,4,,https://www.repark.jp/parking_user/time/result/detail/?park=REP0012773&st=4&pref=13
志茂５丁目第２,repark-rep0011044,東京都北区志茂５丁目４０ー７,35.785937194003,139.72618353093,self_propelled,7,TRUE,,,hourly,330,25,,ハイルーフ,5000,1900,2000,2000,7,,https://www.repark.jp/parking_user/time/result/detail/?park=REP0011044&st=4&pref=13
岩淵町第６,repark-rep0028222,,35.785292759258,139.72276717833,self_propelled,5,TRUE,,,hourly,220,30,,ハイルーフ,5000,1900,2000,2000,5,,https://www.repark.jp/parking_user/time/result/detail/?park=REP0028222&st=4&pref=13
岩淵町,repark-rep0010022,,35.78566770615,139.72202277789,self_propelled,4,TRUE,,,hourly,440,30,,ハイルーフ,5000,1900,2000,2000,4,,https://www.repark.jp/parking_user/time/result/detail/?park=REP0010022&st=4&pref=13
岩淵町第３,repark-rep0013852,,35.786006553327,139.72170334481,self_propelled,6,TRUE,,,hourly,440,30,,ハイルーフ,5000,1900,2000,2000,6,,https://www.repark.jp/parking_user/time/result/detail/?park=REP0013852&st=4&pref=13
赤羽北３丁目第２,repark-rep0006462,東京都北区赤羽北３丁目８,35.782345574543,139.70685474655,self_propelled,4,TRUE,,,hourly,220,30,,ハイルーフ,5000,1900,2000,2000,4,,https://www.repark.jp/parking_user/time/result/detail/?park=REP0006462&st=4&pref=13
赤羽北２丁目,repark-rep0019621,東京都北区赤羽北２丁目２９ー２１,35.787764474201,139.70887377335,self_propelled,4,TRUE,,,hourly,220,30,,ハイルーフ,5000,1900,2000,2000,4,,https://www.repark.jp/parking_user/time/result/detail/?park=REP0019621&st=4&pref=13
北赤羽駅前,repark-rep0008045,東京都北区浮間１丁目１ー９,35.788269896719,139.70432690569,self_propelled,4,TRUE,,,hourly,300,30,,ハイルーフ,5000,1900,2000,2000,4,,https://www.repark.jp/parking_user/time/result/detail/?park=REP0008045&st=4&pref=13
浮間２丁目第２,repark-rep0013606,東京都北区浮間２丁目９ー８,35.790730661889,139.69959663023,self_propelled,4,TRUE,,,hourly,220,30,,ハイルーフ,5000,1900,2000,2000,4,,https://www.repark.jp/parking_user/time/result/detail/?park=REP0013606&st=4&pref=13
荒川１丁目第３,repark-rep0019658,東京都荒川区荒川１丁目１７ー１６,35.735435328076,139.78717523607,self_propelled,6,TRUE,,,hourly,220,30,,ハイルーフ,5000,1900,2000,2000,6,,https://www.repark.jp/parking_user/time/result/detail/?park=REP0019658&st=4&pref=13
荒川１丁目第２,repark-rep0014438,東京都荒川区荒川１丁目５４ー６,35.733271640815,139.78547547687,self_propelled,16,TRUE,,,hourly,220,30,,ハイルーフ,5000,1900,2000,2000,16,,https://www.repark.jp/parking_user/time/result/detail/?park=REP0014438&st=4&pref=13
荒川１丁目,repark-rep0012672,東京都荒川区荒川１丁目１４ー１３,35.737382356859,139.78803618592,self_propelled,6,TRUE,,,hourly,220,20,,ハイルーフ,5000,1900,2000,2000,6,,https://www.repark.jp/parking_user/time/result/detail/?park=REP0012672&st=4&pref=13
荒川３丁目,repark-rep0022022,東京都荒川区荒川３丁目４２ー１,35.733110447744,139.77978984548,self_propelled,3,TRUE,,,hourly,220,30,,ハイルーフ,5000,1900,2000,2000,3,,https://www.repark.jp/parking_user/time/result/detail/?park=REP0022022&st=4&pref=13
荒川２丁目,repark-rep0018312,東京都荒川区荒川２丁目５１ー１１,35.740034785655,139.7842863752,self_propelled,4,TRUE,,,hourly,220,30,,ハイルーフ,5000,1900,2000,2000,4,,https://www.repark.jp/parking_user/time/result/detail/?park=REP0018312&st=4&pref=13
荒川４丁目第４,repark-rep0014467,東京都荒川区荒川４丁目５６ー５,35.740154170892,139.78165325538,self_propelled,3,TRUE,,,hourly,220,30,,ハイルーフ,5000,1900,2000,2000,3,,https://www.repark.jp/parking_user/time/result/detail/?park=REP0014467&st=4&pref=13
南千住６丁目第２,repark-rep0024402,東京都荒川区南千住６丁目３ー５,35.736949088347,139.78907500859,self_propelled,8,TRUE,,,hourly,220,20,,ハイルーフ,5000,1900,2000,2000,8,,https://www.repark.jp/parking_user/time/result/detail/?park=REP0024402&st=4&pref=13
東日暮里３丁目第２,repark-rep0010585,東京都荒川区東日暮里３丁目１９ー１１,35.731618959537,139.78089260057,self_propelled,4,TRUE,,,hourly,250,30,,ハイルーフ,5000,1900,2000,2000,4,,https://www.repark.jp/parking_user/time/result/detail/?park=REP0010585&st=4&pref=13
荒川７丁目,repark-rep0022024,東京都荒川区荒川７丁目３２ー１３,35.740176371722,139.78052001447,self_propelled,3,TRUE,,,hourly,220,30,,ハイルーフ,5000,1900,2000,2000,3,,https://www.repark.jp/parking_user/time/result/detail/?park=REP0022024&st=4&pref=13
荒川４丁目第３,repark-rep0008363,東京都荒川区荒川４丁目４０,35.739987473575,139.77883960773,self_propelled,2,TRUE,,,hourly,250,20,,ハイルーフ,5000,1900,2000,2000,2,,https://www.repark.jp/parking_user/time/result/detail/?park=REP0008363&st=4&pref=13
東日暮里２丁目第２,repark-rep0026484,東京都荒川区東日暮里２丁目２ー５,35.730666389287,139.7869532521,self_propelled,8,TRUE,,,hourly,220,30,,ハイルーフ,5000,1900,2000,2000,8,,https://www.repark.jp/parking_user/time/result/detail/?park=REP0026484&st=4&pref=13
町屋駅前,repark-rep0010688,東京都荒川区荒川６丁目４ー１２,35.741456773128,139.77956725764,self_propelled,3,TRUE,,,hourly,330,15,,ハイルーフ,5000,1900,2000,2000,3,,https://www.repark.jp/parking_user/time/result/detail/?park=REP0010688&st=4&pref=13
東日暮里３丁目第３,repark-rep0018836,東京都荒川区東日暮里３丁目２５ー７,35.72958027739,139.78025108072,self_propelled,2,TRUE,,,hourly,250,12,,ハイルーフ,5000,1900,2000,2000,2,,https://www.repark.jp/parking_user/time/result/detail/?park=REP0018836&st=4&pref=13
町屋１丁目第３,repark-rep0025858,東京都荒川区町屋１丁目２１ー１６,35.743567723931,139.78332240358,self_propelled,15,TRUE,,,hourly,220,20,,ハイルーフ,5000,1900,2000,2000,15,,https://www.repark.jp/parking_user/time/result/detail/?park=REP0025858&st=4&pref=13
南千住６丁目,repark-rep0019071,東京都荒川区南千住６丁目５１ー１,35.735677071394,139.79302473915,self_propelled,6,TRUE,,,hourly,220,25,,ハイルーフ,5000,1900,2000,2000,6,,https://www.repark.jp/parking_user/time/result/detail/?park=REP0019071&st=4&pref=13
東日暮里４丁目第２,repark-rep0005921,東京都荒川区東日暮里４丁目３３番２号,35.72831650799,139.77935954596,self_propelled,3,TRUE,,,hourly,220,20,,ハイルーフ,5000,1900,2000,2000,3,,https://www.repark.jp/parking_user/time/result/detail/?park=REP0005921&st=4&pref=13
東日暮里５丁目第５,repark-rep0016796,東京都荒川区東日暮里５丁目１ー３,35.728099853278,139.77867905745,self_propelled,3,TRUE,,,hourly,250,12,,ハイルーフ,5000,1900,2000,2000,3,,https://www.repark.jp/parking_user/time/result/detail/?park=REP0016796&st=4&pref=13
南千住５丁目第３,repark-rep0002468,東京都荒川区南千住５丁目９－８,35.733821730825,139.79399696583,self_propelled,11,TRUE,,,hourly,220,30,,ハイルーフ,5000,1900,2000,2000,11,,https://www.repark.jp/parking_user/time/result/detail/?park=REP0002468&st=4&pref=13
町屋１丁目第２,repark-rep0024809,東京都荒川区町屋１丁目５ー１１,35.744939781999,139.78233908906,self_propelled,9,TRUE,,,hourly,440,30,,ハイルーフ,5000,1900,2000,2000,9,,https://www.repark.jp/parking_user/time/result/detail/?park=REP0024809&st=4&pref=13
南千住５丁目第１０,repark-rep0023656,東京都荒川区南千住５丁目２７ー１４,35.73139697873,139.79334157692,self_propelled,2,TRUE,,,hourly,220,30,,ハイルーフ,5000,1900,2000,2000,2,,https://www.repark.jp/parking_user/time/result/detail/?park=REP0023656&st=4&pref=13
西日暮里１丁目第３,repark-rep0010135,東京都荒川区西日暮里１丁目６０ー４,35.734782359338,139.77225706008,self_propelled,3,TRUE,,,hourly,250,15,,ハイルーフ,5000,1900,2000,2000,3,,https://www.repark.jp/parking_user/time/result/detail/?park=REP0010135&st=4&pref=13
東日暮里５丁目第６,repark-rep0021153,東京都荒川区東日暮里５丁目４ー５,35.72774432274,139.77795968856,self_propelled,4,TRUE,,,hourly,330,20,,ハイルーフ,5000,1900,2000,2000,4,,https://www.repark.jp/parking_user/time/result/detail/?park=REP0021153&st=4&pref=13
東日暮里５丁目第９,repark-rep0028604,東京都荒川区東日暮里５丁目２１‐１３,35.727888743075,139.77743194774,self_propelled,8,TRUE,,,hourly,330,20,,ハイルーフ,5000,1900,2000,2000,8,,https://www.repark.jp/parking_user/time/result/detail/?park=REP0028604&st=4&pref=13
西日暮里１丁目第５,repark-rep0019594,東京都荒川区西日暮里１丁目６０ー１５,35.734882341123,139.77182653623,self_propelled,5,TRUE,,,hourly,220,15,,ハイルーフ,5000,1900,2000,2000,5,,https://www.repark.jp/parking_user/time/result/detail/?park=REP0019594&st=4&pref=13
東日暮里６丁目第２,repark-rep0012797,東京都荒川区東日暮里６丁目４６ー１３,35.729352428601,139.77474599241,self_propelled,4,TRUE,,,hourly,220,20,,ハイルーフ,5000,1900,2000,2000,4,,https://www.repark.jp/parking_user/time/result/detail/?park=REP0012797&st=4&pref=13
南千住５丁目第１１,repark-rep0026212,東京都荒川区南千住５丁目２５ー４,35.732196919754,139.79486363568,self_propelled,4,TRUE,,,hourly,400,60,,ハイルーフ,5000,1900,2000,2000,4,,https://www.repark.jp/parking_user/time/result/detail/?park=REP0026212&st=4&pref=13
東尾久２丁目第３,repark-rep0016638,東京都荒川区東尾久２丁目６ー４,35.742873198384,139.77440095448,self_propelled,3,TRUE,,,hourly,220,20,,ハイルーフ,5000,1900,2000,2000,3,,https://www.repark.jp/parking_user/time/result/detail/?park=REP0016638&st=4&pref=13
東日暮里４丁目第１０,repark-rep0025372,東京都荒川区東日暮里４丁目２１ー２,35.72572237882,139.78149837678,self_propelled,2,TRUE,,,hourly,220,30,,ハイルーフ,5000,1900,2000,2000,2,,https://www.repark.jp/parking_user/time/result/detail/?park=REP0025372&st=4&pref=13
東日暮里５丁目第４,repark-rep0015118,東京都荒川区東日暮里５丁目２７ー２,35.727233241178,139.77651538804,self_propelled,4,TRUE,,,hourly,220,15,,ハイルーフ,5000,1900,2000,2000,4,,https://www.repark.jp/parking_user/time/result/detail/?park=REP0015118&st=4&pref=13
東日暮里５丁目,repark-rep0005727,東京都荒川区東日暮里５丁目２９‐１,35.727658181413,139.77569599153,self_propelled,5,TRUE,,,hourly,220,15,,ハイルーフ,5000,1900,2000,2000,5,,https://www.repark.jp/parking_user/time/result/detail/?park=REP0005727&st=4&pref=13
東日暮里４丁目第４,repark-rep0009246,東京都荒川区東日暮里４丁目２５ー１１,35.725755684193,139.78012071166,self_propelled,13,TRUE,,,hourly,220,30,,ハイルーフ,5000,1900,2000,2000,13,,https://www.repark.jp/parking_user/time/result/detail/?park=REP0009246&st=4&pref=13
西日暮里２丁目第２,repark-rep0011401,東京都荒川区西日暮里２丁目４３ー３,35.732532574992,139.77082672746,self_propelled,5,TRUE,,,hourly,220,10,,ハイルーフ,5000,1900,2000,2000,5,,https://www.repark.jp/parking_user/time/result/detail/?park=REP0011401&st=4&pref=13
東尾久２丁目第４,repark-rep0025647,東京都荒川区東尾久２丁目２４ー２０,35.742656528797,139.77292608694,self_propelled,4,TRUE,,,hourly,220,30,,ハイルーフ,5000,1900,2000,2000,4,,https://www.repark.jp/parking_user/time/result/detail/?park=REP0025647&st=4&pref=13
町屋２丁目,repark-rep0026901,東京都荒川区町屋２丁目２２ー５,35.745095212892,139.77612848669,self_propelled,3,TRUE,,,hourly,220,30,,ハイルーフ,5000,1900,2000,2000,3,,https://www.repark.jp/parking_user/time/result/detail/?park=REP0026901&st=4&pref=13
南千住２丁目第３,repark-rep0013229,東京都荒川区南千住２丁目１１ー１,35.730236025966,139.79529146844,self_propelled,6,TRUE,,,hourly,330,20,,ハイルーフ,5000,1900,2000,2000,6,,https://www.repark.jp/parking_user/time/result/detail/?park=REP0013229&st=4&pref=13
東尾久２丁目第２,repark-rep0009352,東京都荒川区東尾久２丁目２２ー１２,35.743586996384,139.77356210227,self_propelled,4,TRUE,,,hourly,200,25,,ハイルーフ,5000,1900,2000,2000,4,,https://www.repark.jp/parking_user/time/result/detail/?park=REP0009352&st=4&pref=13
南千住５丁目第１２,repark-rep0027663,東京都荒川区南千住５丁目３１ー９,35.731883093286,139.79652184541,self_propelled,3,TRUE,,,hourly,220,30,,ハイルーフ,5000,1900,2000,2000,3,,https://www.repark.jp/parking_user/time/result/detail/?park=REP0027663&st=4&pref=13
南千住５丁目第９,repark-rep0017001,東京都荒川区南千住５丁目３１ー９,35.731949754708,139.79661072396,self_propelled,3,TRUE,,,hourly,220,30,,ハイルーフ,5000,1900,2000,2000,3,,https://www.repark.jp/parking_user/time/result/detail/?park=REP0017001&st=4&pref=13
東日暮里５丁目第８,repark-rep0022313,東京都荒川区東日暮里５丁目１３ー６,35.725347342182,139.77710431497,self_propelled,4,TRUE,,,hourly,220,12,,ハイルーフ,5000,1900,2000,2000,4,,https://www.repark.jp/parking_user/time/result/detail/?park=REP0022313&st=4&pref=13
西日暮里２丁目第４,repark-rep0017733,東京都荒川区西日暮里２丁目５１,35.730338357635,139.77036575578,self_propelled,3,TRUE,,,hourly,330,15,,ハイルーフ,5000,1900,2000,2000,3,,https://www.repark.jp/parking_user/time/result/detail/?park=REP0017733&st=4&pref=13
日暮里駅前,repark-rep0014628,東京都荒川区西日暮里２丁目５２ー１,35.730174487667,139.77045186718,self_propelled,5,TRUE,,,hourly,330,20,,ハイルーフ,5000,1900,2000,2000,5,,https://www.repark.jp/parking_user/time/result/detail/?park=REP0014628&st=4&pref=13
西日暮里２丁目第６,repark-rep0021935,東京都荒川区西日暮里２丁目５２ー９,35.730327241759,139.77001856313,self_propelled,4,TRUE,,,hourly,330,20,,ハイルーフ,5000,1900,2000,2000,4,,https://www.repark.jp/parking_user/time/result/detail/?park=REP0021935&st=4&pref=13
町屋４丁目第２,repark-rep0009328,東京都荒川区町屋４丁目７ー３,35.746778370613,139.77640060859,self_propelled,4,TRUE,,,hourly,220,20,,ハイルーフ,5000,1900,2000,2000,4,,https://www.repark.jp/parking_user/time/result/detail/?park=REP0009328&st=4&pref=13
西日暮里５丁目第３,repark-rep0006751,東京都荒川区西日暮里５丁目１２,35.732940827113,139.76869632959,self_propelled,2,TRUE,,,hourly,440,30,,ハイルーフ,5000,1900,2000,2000,2,,https://www.repark.jp/parking_user/time/result/detail/?park=REP0006751&st=4&pref=13
南千住駅前,repark-rep0010127,東京都荒川区南千住７丁目３ー７,35.734052344587,139.7987160083,self_propelled,4,TRUE,,,hourly,220,10,,ハイルーフ,5000,1900,2000,2000,4,,https://www.repark.jp/parking_user/time/result/detail/?park=REP0010127&st=4&pref=13
南千住駅前第２,repark-rep0014723,東京都荒川区南千住７丁目２８ー５,35.734138447882,139.79880210819,self_propelled,2,TRUE,,,hourly,150,15,,ハイルーフ,5000,1900,2000,2000,2,,https://www.repark.jp/parking_user/time/result/detail/?park=REP0014723&st=4&pref=13
南千住７丁目,repark-rep0010815,東京都荒川区南千住７丁目２７ー４,35.735329989101,139.79895481764,self_propelled,2,TRUE,,,hourly,220,20,,ハイルーフ,5000,1900,2000,2000,2,,https://www.repark.jp/parking_user/time/result/detail/?park=REP0010815&st=4&pref=13
町屋４丁目第３,repark-rep0009305,東京都荒川区町屋４丁目２５ー１６,35.747747733519,139.7776365723,self_propelled,4,TRUE,,,hourly,220,20,,ハイルーフ,5000,1900,2000,2000,4,,https://www.repark.jp/parking_user/time/result/detail/?park=REP0009305&st=4&pref=13
東尾久３丁目第５,repark-rep0013105,東京都荒川区東尾久３丁目６ー９,35.745136814311,139.77262877542,self_propelled,5,TRUE,,,hourly,220,30,,ハイルーフ,5000,1900,2000,2000,5,,https://www.repark.jp/parking_user/time/result/detail/?park=REP0013105&st=4&pref=13
西日暮里５丁目,repark-rep0002336,東京都荒川区西日暮里５丁目１５－２,35.731963150611,139.76846306098,self_propelled,8,TRUE,,,hourly,220,10,,ハイルーフ,5000,1900,2000,2000,8,,https://www.repark.jp/parking_user/time/result/detail/?park=REP0002336&st=4&pref=13
西日暮里５丁目第４,repark-rep0017732,東京都荒川区西日暮里５丁目２３ー２,35.732115905013,139.76810475071,self_propelled,4,TRUE,,,hourly,330,12,,ハイルーフ,5000,1900,2000,2000,4,,https://www.repark.jp/parking_user/time/result/detail/?park=REP0017732&st=4&pref=13
町屋４丁目第５,repark-rep0024700,東京都荒川区町屋４丁目２５ー５,35.748114355453,139.77735880049,self_propelled,3,TRUE,,,hourly,110,15,,ハイルーフ,5000,1900,2000,2000,3,,https://www.repark.jp/parking_user/time/result/detail/?park=REP0024700&st=4&pref=13
西日暮里５丁目第２,repark-rep0006356,東京都荒川区西日暮里５丁目３７－５,35.733935143248,139.76740750184,self_propelled,31,TRUE,,,hourly,400,30,,ハイルーフ,5000,1900,2000,2000,31,,https://www.repark.jp/parking_user/time/result/detail/?park=REP0006356&st=4&pref=13
東尾久４丁目第４,repark-rep0017915,東京都荒川区東尾久４丁目３ー７,35.741364920577,139.76838207879,self_propelled,5,TRUE,,,hourly,220,30,,ハイルーフ,5000,1900,2000,2000,5,,https://www.repark.jp/parking_user/time/result/detail/?park=REP0017915&st=4&pref=13
町屋４丁目第４,repark-rep0010203,東京都荒川区町屋４丁目３５ー１１,35.749425347119,139.77849753455,self_propelled,4,TRUE,,,hourly,220,20,,ハイルーフ,5000,1900,2000,2000,4,,https://www.repark.jp/parking_user/time/result/detail/?park=REP0010203&st=4&pref=13
町屋７丁目第２,repark-rep0006848,東京都荒川区町屋７丁目１番１１号,35.75019206419,139.78611631152,self_propelled,6,TRUE,,,hourly,330,60,,ハイルーフ,5000,1900,2000,2000,6,,https://www.repark.jp/parking_user/time/result/detail/?park=REP0006848&st=4&pref=13
東尾久６丁目,repark-rep0024703,東京都荒川区東尾久６丁目１９ー１７,35.748914233315,139.77526449359,self_propelled,4,TRUE,,,hourly,220,30,,ハイルーフ,5000,1900,2000,2000,4,,https://www.repark.jp/parking_user/time/result/detail/?park=REP0024703&st=4&pref=13
東尾久３丁目第２,repark-rep0011991,東京都荒川区東尾久３丁目２１ー１５,35.746986587493,139.77097049396,self_propelled,7,TRUE,,,hourly,250,30,,ハイルーフ,5000,1900,2000,2000,7,,https://www.repark.jp/parking_user/time/result/detail/?park=REP0011991&st=4&pref=13
町屋７丁目,repark-rep0006412,東京都荒川区町屋７丁目３番,35.750928104467,139.78657457257,self_propelled,4,TRUE,,,hourly,110,20,,ハイルーフ,5000,1900,2000,2000,4,,https://www.repark.jp/parking_user/time/result/detail/?park=REP0006412&st=4&pref=13
東尾久５丁目,repark-rep0020089,東京都荒川区東尾久５丁目２５ー１,35.745233955766,139.7686124375,self_propelled,4,TRUE,,,hourly,220,30,,ハイルーフ,5000,1900,2000,2000,4,,https://www.repark.jp/parking_user/time/result/detail/?park=REP0020089&st=4&pref=13
東尾久４丁目,repark-rep0010233,東京都荒川区東尾久４丁目３０ー４,35.74367298165,139.76689043039,self_propelled,3,TRUE,,,hourly,220,15,,ハイルーフ,5000,1900,2000,2000,3,,https://www.repark.jp/parking_user/time/result/detail/?park=REP0010233&st=4&pref=13
ＬａＬａテラス南千住駐車場,repark-rep0027951,東京都荒川区南千住４丁目７ー２ＬａＬａテラス南千住,35.735760564786,139.80271837425,self_propelled,250,FALSE,,,hourly,200,30,,一般,5000,1900,2100,2000,250,,https://www.repark.jp/parking_user/time/result/detail/?park=REP0027951&st=4&pref=13
町屋６丁目第２,repark-rep0009986,東京都荒川区町屋６丁目３１ー７,35.751453032455,139.78566629083,self_propelled,5,TRUE,,,hourly,330,60,,ハイルーフ,5000,1900,2000,2000,5,,https://www.repark.jp/parking_user/time/result/detail/?park=REP0009986&st=4&pref=13
東尾久４丁目第２,repark-rep0011563,東京都荒川区東尾久４丁目３４ー６,35.745075599872,139.76633207817,self_propelled,4,TRUE,,,hourly,220,20,,ハイルーフ,5000,1900,2000,2000,4,,https://www.repark.jp/parking_user/time/result/detail/?park=REP0011563&st=4&pref=13
南千住３丁目第２,repark-rep0014662,東京都荒川区南千住３丁目１９ー１,35.730222310617,139.80514898341,self_propelled,25,TRUE,,,hourly,200,25,,ハイルーフ,5000,1900,2000,2000,25,,https://www.repark.jp/parking_user/time/result/detail/?park=REP0014662&st=4&pref=13
東尾久８丁目第３,repark-rep0016211,東京都荒川区東尾久８丁目１８ー１,35.750502850704,139.76944268193,self_propelled,4,TRUE,,,hourly,220,30,,ハイルーフ,5000,1900,2000,2000,4,,https://www.repark.jp/parking_user/time/result/detail/?park=REP0016211&st=4&pref=13
東尾久８丁目第６,repark-rep0021333,東京都荒川区東尾久８丁目１７ー６,35.750713931655,139.76901492974,self_propelled,2,TRUE,,,hourly,220,30,,ハイルーフ,5000,1900,2000,2000,2,,https://www.repark.jp/parking_user/time/result/detail/?park=REP0021333&st=4&pref=13
西尾久２丁目第２,repark-rep0017998,東京都荒川区西尾久２丁目１２ー１３,35.747358660922,139.764743217,self_propelled,7,TRUE,,,hourly,220,30,,ハイルーフ,5000,1900,2000,2000,7,,https://www.repark.jp/parking_user/time/result/detail/?park=REP0017998&st=4&pref=13
西尾久４丁目,repark-rep0012349,東京都荒川区西尾久４丁目２ー１,35.744514472303,139.7620046864,self_propelled,5,TRUE,,,hourly,220,30,,ハイルーフ,5000,1900,2000,2000,5,,https://www.repark.jp/parking_user/time/result/detail/?park=REP0012349&st=4&pref=13
東尾久８丁目第２,repark-rep0013865,東京都荒川区東尾久８丁目３６ー１,35.751488833148,139.76812052334,self_propelled,6,TRUE,,,hourly,220,25,,ハイルーフ,5000,1900,2000,2000,6,,https://www.repark.jp/parking_user/time/result/detail/?park=REP0013865&st=4&pref=13
南千住３丁目第３,repark-rep0019931,東京都荒川区南千住３丁目３３ー５,35.732536018898,139.80897078148,self_propelled,5,TRUE,,,hourly,220,30,,ハイルーフ,5000,1900,2000,2000,5,,https://www.repark.jp/parking_user/time/result/detail/?park=REP0019931&st=4&pref=13
西尾久５丁目第２,repark-rep0026570,東京都荒川区西尾久５丁目７ー２４,35.750161088956,139.76186832671,self_propelled,2,TRUE,,,hourly,220,20,,ハイルーフ,5000,1900,2000,2000,2,,https://www.repark.jp/parking_user/time/result/detail/?park=REP0026570&st=4&pref=13
西尾久５丁目,repark-rep0011390,東京都荒川区西尾久５丁目２５ー１４,35.749100047781,139.75936858317,self_propelled,5,TRUE,,,hourly,110,15,,ハイルーフ,5000,1900,2000,2000,5,,https://www.repark.jp/parking_user/time/result/detail/?park=REP0011390&st=4&pref=13
西尾久３丁目,repark-rep0002290,東京都荒川区西尾久３丁目１７－６,35.751869242403,139.76204878807,self_propelled,5,TRUE,,,hourly,220,25,,ハイルーフ,5000,1900,2000,2000,5,,https://www.repark.jp/parking_user/time/result/detail/?park=REP0002290&st=4&pref=13
西尾久３丁目第３,repark-rep0019418,東京都荒川区西尾久３丁目１６ー１０,35.752766372423,139.76227650585,self_propelled,12,TRUE,,,hourly,220,30,,ハイルーフ,5000,1900,2000,2000,12,,https://www.repark.jp/parking_user/time/result/detail/?park=REP0019418&st=4&pref=13
西尾久６丁目,repark-rep0013212,東京都荒川区西尾久６丁目１４ー１２,35.751466466585,139.75970733408,self_propelled,7,TRUE,,,hourly,220,30,,ハイルーフ,5000,1900,2000,2000,7,,https://www.repark.jp/parking_user/time/result/detail/?park=REP0013212&st=4&pref=13
西尾久７丁目第２,repark-rep0013499,東京都荒川区西尾久７丁目２１ー２,35.749436060498,139.75579941912,self_propelled,3,TRUE,,,hourly,220,15,,ハイルーフ,5000,1900,2000,2000,3,,https://www.repark.jp/parking_user/time/result/detail/?park=REP0013499&st=4&pref=13
西尾久７丁目,repark-rep0013445,東京都荒川区西尾久７丁目５２ー７,35.750455319597,139.75145528896,self_propelled,6,TRUE,,,hourly,220,20,,ハイルーフ,5000,1900,2000,2000,6,,https://www.repark.jp/parking_user/time/result/detail/?park=REP0013445&st=4&pref=13
西尾久７丁目第３,repark-rep0020298,東京都荒川区西尾久７丁目５５ー１,35.750555297501,139.75080256056,self_propelled,7,TRUE,,,hourly,220,20,,ハイルーフ,5000,1900,2000,2000,7,,https://www.repark.jp/parking_user/time/result/detail/?park=REP0020298&st=4&pref=13
西尾久８丁目,repark-rep0011097,東京都荒川区西尾久８丁目４９ー３,35.751182993565,139.74995538002,self_propelled,7,TRUE,,,hourly,220,10,,ハイルーフ,5000,1900,2000,2000,7,,https://www.repark.jp/parking_user/time/result/detail/?park=REP0011097&st=4&pref=13
板橋氷川町第５,repark-rep0026106,,35.752857085399,139.70821432449,self_propelled,4,TRUE,,,hourly,220,20,,ハイルーフ,5000,1900,2000,2000,4,,https://www.repark.jp/parking_user/time/result/detail/?park=REP0026106&st=4&pref=13
板橋仲宿第４,repark-rep0016336,,35.75338482073,139.70900312368,self_propelled,2,TRUE,,,hourly,220,15,,ハイルーフ,5000,1900,2000,2000,2,,https://www.repark.jp/parking_user/time/result/detail/?park=REP0016336&st=4&pref=13
板橋仲宿,repark-rep0003145,,35.753493148741,139.70938086532,self_propelled,3,TRUE,,,hourly,250,15,,ハイルーフ,5000,1900,2000,2000,3,,https://www.repark.jp/parking_user/time/result/detail/?park=REP0003145&st=4&pref=13
板橋３丁目,repark-rep0007493,東京都板橋区板橋３丁目３ー２,35.749985242525,139.71233355963,self_propelled,4,TRUE,,,hourly,220,15,,ハイルーフ,5000,1900,2000,2000,4,,https://www.repark.jp/parking_user/time/result/detail/?park=REP0007493&st=4&pref=13
板橋２丁目第６,repark-rep0026343,東京都板橋区板橋２丁目４８ー２,35.748904795541,139.71195864052,self_propelled,7,TRUE,,,hourly,250,25,,ハイルーフ,5000,1900,2000,2000,7,,https://www.repark.jp/parking_user/time/result/detail/?park=REP0026343&st=4&pref=13
板橋２丁目第７,repark-rep0029057,東京都板橋区板橋２丁目１６‐９,35.747607679097,139.71005885802,self_propelled,5,TRUE,,,hourly,220,30,,ハイルーフ,5000,1900,2000,2000,5,,https://www.repark.jp/parking_user/time/result/detail/?park=REP0029057&st=4&pref=13
大山東町第１０,repark-rep0026335,,35.747724293259,139.70774793357,self_propelled,9,TRUE,,,hourly,130,10,,ハイルーフ,5000,1900,2000,2000,9,,https://www.repark.jp/parking_user/time/result/detail/?park=REP0026335&st=4&pref=13
板橋２丁目第５,repark-rep0023479,東京都板橋区板橋２丁目３２,35.748163209124,139.71203089066,self_propelled,6,TRUE,,,hourly,220,25,,ハイルーフ,5000,1900,2000,2000,6,,https://www.repark.jp/parking_user/time/result/detail/?park=REP0023479&st=4&pref=13
板橋氷川町第４,repark-rep0016134,,35.753665287414,139.70566449903,self_propelled,3,TRUE,,,hourly,220,20,,ハイルーフ,5000,1900,2000,2000,3,,https://www.repark.jp/parking_user/time/result/detail/?park=REP0016134&st=4&pref=13
大山東町第９,repark-rep0020970,,35.748088099069,139.70527034458,self_propelled,10,TRUE,,,hourly,350,30,,ハイルーフ,5000,1900,2000,2000,10,,https://www.repark.jp/parking_user/time/result/detail/?park=REP0020970&st=4&pref=13
板橋栄町,repark-rep0023686,,35.753798574603,139.70380075868,self_propelled,6,TRUE,,,hourly,220,25,,ハイルーフ,5000,1900,2000,2000,6,,https://www.repark.jp/parking_user/time/result/detail/?park=REP0023686&st=4&pref=13
板橋２丁目第３,repark-rep0004094,東京都板橋区板橋２丁目３６,35.747552175901,139.71274197075,self_propelled,13,TRUE,,,hourly,250,25,,ハイルーフ,5000,1900,2000,2000,13,,https://www.repark.jp/parking_user/time/result/detail/?park=REP0004094&st=4&pref=13
大山東町,repark-rep0005419,,35.747960327973,139.70482594237,self_propelled,8,TRUE,,,hourly,350,30,,ハイルーフ,5000,1900,2000,2000,8,,https://www.repark.jp/parking_user/time/result/detail/?park=REP0005419&st=4&pref=13
板橋栄町第３,repark-rep0028788,,35.752437586053,139.70253426053,self_propelled,9,TRUE,,,hourly,220,20,,ハイルーフ,5000,1900,2000,2000,9,,https://www.repark.jp/parking_user/time/result/detail/?park=REP0028788&st=4&pref=13
大山金井町第１０,repark-rep0025936,,35.7461133802,139.7092728811,self_propelled,4,TRUE,,,hourly,250,30,,ハイルーフ,5000,1900,2000,2000,4,,https://www.repark.jp/parking_user/time/result/detail/?park=REP0025936&st=4&pref=13
板橋加賀２丁目第２,repark-rep0019909,東京都板橋区加賀２丁目４ー６,35.755867966434,139.71348597004,self_propelled,3,TRUE,,,hourly,220,25,,ハイルーフ,5000,1900,2000,2000,3,,https://www.repark.jp/parking_user/time/result/detail/?park=REP0019909&st=4&pref=13
大山東町第６,repark-rep0012112,,35.749796205296,139.70268992423,self_propelled,5,TRUE,,,hourly,250,20,,ハイルーフ,5000,1900,2000,2000,5,,https://www.repark.jp/parking_user/time/result/detail/?park=REP0012112&st=4&pref=13
大山金井町第１１,repark-rep0027850,,35.74602172769,139.70948397879,self_propelled,3,TRUE,,,hourly,250,30,,ハイルーフ,5000,1900,2000,2000,3,,https://www.repark.jp/parking_user/time/result/detail/?park=REP0027850&st=4&pref=13
大山駅北口,repark-rep0020981,,35.748057521141,139.70377047055,self_propelled,4,TRUE,,,hourly,350,30,,ハイルーフ,5000,1900,2000,2000,4,,https://www.repark.jp/parking_user/time/result/detail/?park=REP0020981&st=4&pref=13
板橋二丁目第２アパート駐車場,repark-rep0015362,東京都板橋区板橋２丁目３ー２,35.746630061895,139.71327807968,self_propelled,9,TRUE,,,hourly,220,25,,ハイルーフ,5000,1900,2000,2000,9,,https://www.repark.jp/parking_user/time/result/detail/?park=REP0015362&st=4&pref=13
大山金井町第４,repark-rep0006247,,35.746538261058,139.70505376693,self_propelled,2,TRUE,,,hourly,250,25,,ハイルーフ,5000,1900,2000,2000,2,,https://www.repark.jp/parking_user/time/result/detail/?park=REP0006247&st=4&pref=13
板橋仲宿第３,repark-rep0015363,,35.757120591094,139.71237767141,self_propelled,3,TRUE,,,hourly,220,25,,ハイルーフ,5000,1900,2000,2000,3,,https://www.repark.jp/parking_user/time/result/detail/?park=REP0015363&st=4&pref=13
大山金井町,repark-rep0003124,,35.746527147996,139.7048676719,self_propelled,4,TRUE,,,hourly,250,25,,ハイルーフ,5000,1900,2000,2000,4,,https://www.repark.jp/parking_user/time/result/detail/?park=REP0003124&st=4&pref=13
大山金井町第９,repark-rep0025493,,35.745774474548,139.70618704098,self_propelled,6,TRUE,,,hourly,220,25,,ハイルーフ,5000,1900,2000,2000,6,,https://www.repark.jp/parking_user/time/result/detail/?park=REP0025493&st=4&pref=13
板橋１丁目第５,repark-rep0020073,東京都板橋区板橋１丁目３７ー４,35.74719392047,139.71498902263,self_propelled,10,TRUE,,,hourly,220,25,,ハイルーフ,5000,1900,2000,2000,10,,https://www.repark.jp/parking_user/time/result/detail/?park=REP0020073&st=4&pref=13
大山金井町第１２,repark-rep0028519,,35.745296747695,139.70618984075,self_propelled,4,TRUE,,,hourly,200,30,,ハイルーフ,5000,1900,2000,2000,4,,https://www.repark.jp/parking_user/time/result/detail/?park=REP0028519&st=4&pref=13
板橋４丁目第５,repark-rep0022073,東京都板橋区板橋４丁目２０ー１４,35.750929676378,139.7175358611,self_propelled,5,TRUE,,,hourly,250,30,,ハイルーフ,5000,1900,2000,2000,5,,https://www.repark.jp/parking_user/time/result/detail/?park=REP0022073&st=4&pref=13
大山駅前第３,repark-rep0006819,,35.7474131211,139.70239839217,self_propelled,6,TRUE,,,hourly,350,20,,ハイルーフ,5000,1900,2000,2000,6,,https://www.repark.jp/parking_user/time/result/detail/?park=REP0006819&st=4&pref=13
大山駅前第５,repark-rep0019149,,35.747374236968,139.70238172835,self_propelled,2,TRUE,,,hourly,350,20,,ハイルーフ,5000,1900,2000,2000,2,,https://www.repark.jp/parking_user/time/result/detail/?park=REP0019149&st=4&pref=13
大山駅前,repark-rep0001937,,35.747926945437,139.70184285865,self_propelled,6,TRUE,,,hourly,350,20,,ハイルーフ,5000,1900,2000,2000,6,,https://www.repark.jp/parking_user/time/result/detail/?park=REP0001937&st=4&pref=13
大山駅前第６,repark-rep0023810,,35.748360226737,139.70147897992,self_propelled,2,TRUE,,,hourly,350,20,,ハイルーフ,5000,1900,2000,2000,2,,https://www.repark.jp/parking_user/time/result/detail/?park=REP0023810&st=4&pref=13
下板橋駅前,repark-rep0000356,東京都板橋区板橋１丁目４－６,35.74613570158,139.71504184497,self_propelled,4,TRUE,,,hourly,200,25,,ハイルーフ,5000,1900,2000,2000,4,,https://www.repark.jp/parking_user/time/result/detail/?park=REP0000356&st=4&pref=13
板橋大和町第２,repark-rep0008226,,35.757581507099,139.70403667589,self_propelled,5,TRUE,,,hourly,220,25,,ハイルーフ,5000,1900,2000,2000,5,,https://www.repark.jp/parking_user/time/result/detail/?park=REP0008226&st=4&pref=13
板橋仲宿第６,repark-rep0028696,,35.758662083723,139.7118915298,self_propelled,4,TRUE,,,hourly,220,20,,ハイルーフ,5000,1900,2000,2000,4,,https://www.repark.jp/parking_user/time/result/detail/?park=REP0028696&st=4&pref=13
板橋本町第２,repark-rep0005748,,35.758870318746,139.70750021791,self_propelled,3,TRUE,,,hourly,220,20,,ハイルーフ,5000,1900,2000,2000,3,,https://www.repark.jp/parking_user/time/result/detail/?park=REP0005748&st=4&pref=13
板橋熊野町第２,repark-rep0007373,,35.744280213828,139.70758699353,self_propelled,5,TRUE,,,hourly,250,20,,ハイルーフ,5000,1900,2000,2000,5,,https://www.repark.jp/parking_user/time/result/detail/?park=REP0007373&st=4&pref=13
大山駅前第４,repark-rep0016158,,35.748235230452,139.70092625358,self_propelled,2,TRUE,,,hourly,350,20,,ハイルーフ,5000,1900,2000,2000,2,,https://www.repark.jp/parking_user/time/result/detail/?park=REP0016158&st=4&pref=13
板橋４丁目第７,repark-rep0024642,東京都板橋区板橋４丁目２５ー８,35.75078248749,139.71853023029,self_propelled,7,TRUE,,,hourly,250,30,,ハイルーフ,5000,1900,2000,2000,7,,https://www.repark.jp/parking_user/time/result/detail/?park=REP0024642&st=4&pref=13
板橋熊野町第３,repark-rep0010781,,35.744663460861,139.70501218971,self_propelled,8,TRUE,,,hourly,250,20,,ハイルーフ,5000,1900,2000,2000,8,,https://www.repark.jp/parking_user/time/result/detail/?park=REP0010781&st=4&pref=13
大山金井町第７,repark-rep0018966,,35.745910509576,139.70267066075,self_propelled,4,TRUE,,,hourly,220,20,,ハイルーフ,5000,1900,2000,2000,4,,https://www.repark.jp/parking_user/time/result/detail/?park=REP0018966&st=4&pref=13
大山町第４,repark-rep0018955,,35.750282212593,139.69972903675,self_propelled,12,TRUE,,,hourly,220,25,,ハイルーフ,5000,1900,2000,2000,12,,https://www.repark.jp/parking_user/time/result/detail/?park=REP0018955&st=4&pref=13
大山金井町第２,repark-rep0003854,,35.746085481885,139.70215680637,self_propelled,14,TRUE,,,hourly,350,25,,ハイルーフ,5000,1900,2000,2000,14,,https://www.repark.jp/parking_user/time/result/detail/?park=REP0003854&st=4&pref=13
板橋熊野町第４,repark-rep0020290,,35.744080207664,139.70600935676,self_propelled,5,TRUE,,,hourly,250,20,,ハイルーフ,5000,1900,2000,2000,5,,https://www.repark.jp/parking_user/time/result/detail/?park=REP0020290&st=4&pref=13
板橋熊野町第６,repark-rep0026152,,35.743913569647,139.70664820037,self_propelled,2,TRUE,,,hourly,250,20,,ハイルーフ,5000,1900,2000,2000,2,,https://www.repark.jp/parking_user/time/result/detail/?park=REP0026152&st=4&pref=13
板橋仲町第２,repark-rep0008453,,35.752634734064,139.69944839673,self_propelled,9,TRUE,,,hourly,220,25,,ハイルーフ,5000,1900,2000,2000,9,,https://www.repark.jp/parking_user/time/result/detail/?park=REP0008453&st=4&pref=13
大山町第５,repark-rep0019238,,35.74954895259,139.69941798535,self_propelled,6,TRUE,,,hourly,220,15,,ハイルーフ,5000,1900,2000,2000,6,,https://www.repark.jp/parking_user/time/result/detail/?park=REP0019238&st=4&pref=13
板橋双葉町,repark-rep0018347,,35.757612009107,139.70118968893,self_propelled,3,TRUE,,,hourly,220,25,,ハイルーフ,5000,1900,2000,2000,3,,https://www.repark.jp/parking_user/time/result/detail/?park=REP0018347&st=4&pref=13
板橋本町第５,repark-rep0014504,,35.760584064758,139.70980828131,self_propelled,5,TRUE,,,hourly,220,30,,ハイルーフ,5000,1900,2000,2000,5,,https://www.repark.jp/parking_user/time/result/detail/?park=REP0014504&st=4&pref=13
板橋４丁目第４,repark-rep0016669,東京都板橋区板橋４丁目４９ー２５,35.751801853217,139.72029114811,self_propelled,2,TRUE,,,hourly,250,30,,ハイルーフ,5000,1900,2000,2000,2,,https://www.repark.jp/parking_user/time/result/detail/?park=REP0016669&st=4&pref=13
板橋熊野町第７,repark-rep0028406,,35.74286921518,139.70537890888,self_propelled,9,TRUE,,,hourly,220,20,,ハイルーフ,5000,1900,2000,2000,9,,https://www.repark.jp/parking_user/time/result/detail/?park=REP0028406&st=4&pref=13
板橋幸町第３,repark-rep0015619,,35.746052111428,139.69986533121,self_propelled,4,TRUE,,,hourly,220,30,,ハイルーフ,5000,1900,2000,2000,4,,https://www.repark.jp/parking_user/time/result/detail/?park=REP0015619&st=4&pref=13
大山町第６,repark-rep0026410,,35.748126861322,139.69825148071,self_propelled,3,TRUE,,,hourly,220,20,,ハイルーフ,5000,1900,2000,2000,3,,https://www.repark.jp/parking_user/time/result/detail/?park=REP0026410&st=4&pref=13
板橋中丸町第２,repark-rep0003349,,35.744902249556,139.70073197919,self_propelled,9,TRUE,,,hourly,350,25,,ハイルーフ,5000,1900,2000,2000,9,,https://www.repark.jp/parking_user/time/result/detail/?park=REP0003349&st=4&pref=13
板橋中丸町第５,repark-rep0012335,,35.74322468993,139.70290409804,self_propelled,3,TRUE,,,hourly,220,20,,ハイルーフ,5000,1900,2000,2000,3,,https://www.repark.jp/parking_user/time/result/detail/?park=REP0012335&st=4&pref=13
板橋大和町第３,repark-rep0025301,,35.760892284011,139.70518365119,self_propelled,11,TRUE,,,hourly,200,30,,ハイルーフ,5000,1900,2000,2000,11,,https://www.repark.jp/parking_user/time/result/detail/?park=REP0025301&st=4&pref=13
大山西町第２,repark-rep0007350,,35.747701901973,139.69797652311,self_propelled,6,TRUE,,,hourly,220,25,,ハイルーフ,5000,1900,2000,2000,6,,https://www.repark.jp/parking_user/time/result/detail/?park=REP0007350&st=4&pref=13
大山西町第５,repark-rep0026620,,35.747151965259,139.69823208321,self_propelled,6,TRUE,,,hourly,220,20,,ハイルーフ,5000,1900,2000,2000,6,,https://www.repark.jp/parking_user/time/result/detail/?park=REP0026620&st=4&pref=13
板橋稲荷台,repark-rep0009615,,35.76071468317,139.71423846237,self_propelled,10,TRUE,,,hourly,220,15,,ハイルーフ,5000,1900,2000,2000,10,,https://www.repark.jp/parking_user/time/result/detail/?park=REP0009615&st=4&pref=13
大山西町第６,repark-rep0029049,,35.747276946845,139.69794321244,self_propelled,3,TRUE,,,hourly,220,20,,ハイルーフ,5000,1900,2000,2000,3,,https://www.repark.jp/parking_user/time/result/detail/?park=REP0029049&st=4&pref=13
板橋４丁目第３,repark-rep0015967,東京都板橋区板橋４丁目１ー４,35.748841078797,139.72143007886,self_propelled,5,TRUE,,,hourly,250,20,,ハイルーフ,5000,1900,2000,2000,5,,https://www.repark.jp/parking_user/time/result/detail/?park=REP0015967&st=4&pref=13
板橋中丸町第９,repark-rep0026708,,35.741972064543,139.70397073414,self_propelled,14,TRUE,,,hourly,220,25,,ハイルーフ,5000,1900,2000,2000,14,,https://www.repark.jp/parking_user/time/result/detail/?park=REP0026708&st=4&pref=13
板橋中丸町第７,repark-rep0022641,,35.74240532311,139.70236251375,self_propelled,4,TRUE,,,hourly,220,30,,ハイルーフ,5000,1900,2000,2000,4,,https://www.repark.jp/parking_user/time/result/detail/?park=REP0022641&st=4&pref=13
板橋弥生町第２,repark-rep0023812,,35.752448571706,139.69536818816,self_propelled,4,TRUE,,,hourly,220,30,,ハイルーフ,5000,1900,2000,2000,4,,https://www.repark.jp/parking_user/time/result/detail/?park=REP0023812&st=4&pref=13
板橋中丸町,repark-rep0003050,,35.74161928818,139.701904255,self_propelled,5,TRUE,,,hourly,220,20,,ハイルーフ,5000,1900,2000,2000,5,,https://www.repark.jp/parking_user/time/result/detail/?park=REP0003050&st=4&pref=13
板橋宮本町第４,repark-rep0027585,,35.762455985766,139.70403922923,self_propelled,8,TRUE,,,hourly,220,30,,ハイルーフ,5000,1900,2000,2000,8,,https://www.repark.jp/parking_user/time/result/detail/?park=REP0027585&st=4&pref=13
板橋幸町第４,repark-rep0020605,,35.743582911403,139.69871276263,self_propelled,3,TRUE,,,hourly,110,10,,ハイルーフ,5000,1900,2000,2000,3,,https://www.repark.jp/parking_user/time/result/detail/?park=REP0020605&st=4&pref=13
板橋稲荷台第２,repark-rep0021981,,35.76284221682,139.71327733323,self_propelled,6,TRUE,,,hourly,220,25,,ハイルーフ,5000,1900,2000,2000,6,,https://www.repark.jp/parking_user/time/result/detail/?park=REP0021981&st=4&pref=13
板橋中丸町第６,repark-rep0017360,,35.740094526908,139.70623452158,self_propelled,2,TRUE,,,hourly,220,25,,ハイルーフ,5000,1900,2000,2000,2,,https://www.repark.jp/parking_user/time/result/detail/?park=REP0017360&st=4&pref=13
板橋中丸町第４,repark-rep0006665,,35.740200041639,139.70451799228,self_propelled,7,TRUE,,,hourly,220,25,,ハイルーフ,5000,1900,2000,2000,7,,https://www.repark.jp/parking_user/time/result/detail/?park=REP0006665&st=4&pref=13
板橋宮本町第３,repark-rep0027323,,35.762900378304,139.70381422745,self_propelled,3,TRUE,,,hourly,250,25,,ハイルーフ,5000,1900,2000,2000,3,,https://www.repark.jp/parking_user/time/result/detail/?park=REP0027323&st=4&pref=13
板橋幸町第５,repark-rep0020832,,35.743469013239,139.69749064737,self_propelled,3,TRUE,,,hourly,220,30,,ハイルーフ,5000,1900,2000,2000,3,,https://www.repark.jp/parking_user/time/result/detail/?park=REP0020832&st=4&pref=13
板橋宮本町第２,repark-rep0022840,,35.762461494087,139.70140055911,self_propelled,7,TRUE,,,hourly,250,25,,ハイルーフ,5000,1900,2000,2000,7,,https://www.repark.jp/parking_user/time/result/detail/?park=REP0022840&st=4&pref=13
板橋宮本町,repark-rep0018471,,35.7633169923,139.70333091541,self_propelled,6,TRUE,,,hourly,250,25,,ハイルーフ,5000,1900,2000,2000,6,,https://www.repark.jp/parking_user/time/result/detail/?park=REP0018471&st=4&pref=13
板橋南町第２,repark-rep0020085,,35.740066665578,139.70129326623,self_propelled,3,TRUE,,,hourly,220,30,,ハイルーフ,5000,1900,2000,2000,3,,https://www.repark.jp/parking_user/time/result/detail/?park=REP0020085&st=4&pref=13
板橋幸町第２,repark-rep0014864,,35.743316233387,139.69644907491,self_propelled,5,TRUE,,,hourly,200,30,,ハイルーフ,5000,1900,2000,2000,5,,https://www.repark.jp/parking_user/time/result/detail/?park=REP0014864&st=4&pref=13
板橋富士見町,repark-rep0019477,,35.762158701831,139.69867302258,self_propelled,9,TRUE,,,hourly,220,25,,ハイルーフ,5000,1900,2000,2000,9,,https://www.repark.jp/parking_user/time/result/detail/?park=REP0019477&st=4&pref=13
板橋清水町第３,repark-rep0016811,,35.764891857036,139.70523068512,self_propelled,9,TRUE,,,hourly,200,30,,ハイルーフ,5000,1900,2000,2000,9,,https://www.repark.jp/parking_user/time/result/detail/?park=REP0016811&st=4&pref=13
板橋清水町第６,repark-rep0027729,,35.765114046925,139.70475293656,self_propelled,8,TRUE,,,hourly,220,25,,ハイルーフ,5000,1900,2000,2000,8,,https://www.repark.jp/parking_user/time/result/detail/?park=REP0027729&st=4&pref=13
板橋南町,repark-rep0019475,,35.738305760878,139.70232103996,self_propelled,7,TRUE,,,hourly,220,30,,ハイルーフ,5000,1900,2000,2000,7,,https://www.repark.jp/parking_user/time/result/detail/?park=REP0019475&st=4&pref=13
大谷口１丁目,repark-rep0015899,東京都板橋区大谷口１丁目１ー１８,35.746579704477,139.69250758497,self_propelled,7,TRUE,,,hourly,250,25,,ハイルーフ,5000,1900,2000,2000,7,,https://www.repark.jp/parking_user/time/result/detail/?park=REP0015899&st=4&pref=13
板橋幸町第６,repark-rep0028567,,35.742919027237,139.69492421984,self_propelled,3,TRUE,,,hourly,220,20,,ハイルーフ,5000,1900,2000,2000,3,,https://www.repark.jp/parking_user/time/result/detail/?park=REP0028567&st=4&pref=13
板橋前野町１丁目第３,repark-rep0027953,東京都板橋区前野町１丁目３ー６,35.763516855405,139.69671756644,self_propelled,8,TRUE,,,hourly,220,25,,ハイルーフ,5000,1900,2000,2000,8,,https://www.repark.jp/parking_user/time/result/detail/?park=REP0027953&st=4&pref=13
南常盤台１丁目,repark-rep0012296,東京都板橋区南常盤台１丁目２５ー５,35.75728130895,139.69085445149,self_propelled,9,TRUE,,,hourly,200,25,,ハイルーフ,5000,1900,2000,2000,9,,https://www.repark.jp/parking_user/time/result/detail/?park=REP0012296&st=4&pref=13
ときわ台駅前,repark-rep0012084,東京都板橋区常盤台１丁目５ー５,35.759236647382,139.69042939675,self_propelled,8,TRUE,,,hourly,220,20,,ハイルーフ,5000,1900,2000,2000,8,,https://www.repark.jp/parking_user/time/result/detail/?park=REP0012084&st=4&pref=13
板橋大谷口北町第３,repark-rep0028362,,35.748834944538,139.68823005837,self_propelled,10,TRUE,,,hourly,220,30,,ハイルーフ,5000,1900,2000,2000,10,,https://www.repark.jp/parking_user/time/result/detail/?park=REP0028362&st=4&pref=13
板橋蓮沼町第３,repark-rep0028624,,35.769116423606,139.70628595795,self_propelled,10,TRUE,,,hourly,220,30,,ハイルーフ,5000,1900,2000,2000,10,,https://www.repark.jp/parking_user/time/result/detail/?park=REP0028624&st=4&pref=13
板橋大谷口２丁目第３,repark-rep0024650,東京都板橋区大谷口２丁目９ー３,35.746124119804,139.68801908972,self_propelled,5,TRUE,,,hourly,220,30,,ハイルーフ,5000,1900,2000,2000,5,,https://www.repark.jp/parking_user/time/result/detail/?park=REP0024650&st=4&pref=13
板橋大谷口２丁目第４,repark-rep0026341,東京都板橋区大谷口２丁目５３ー１９,35.745818591341,139.68772468424,self_propelled,4,TRUE,,,hourly,220,25,,ハイルーフ,5000,1900,2000,2000,4,,https://www.repark.jp/parking_user/time/result/detail/?park=REP0026341&st=4&pref=13
板橋大谷口２丁目第２,repark-rep0020545,東京都板橋区大谷口２丁目１５ー８,35.745263096989,139.6878524762,self_propelled,7,TRUE,,,hourly,220,25,,ハイルーフ,5000,1900,2000,2000,7,,https://www.repark.jp/parking_user/time/result/detail/?park=REP0020545&st=4&pref=13
常盤台２丁目,repark-rep0013469,東京都板橋区常盤台２丁目２３ー１８,35.761722487234,139.69007097905,self_propelled,3,TRUE,,,hourly,220,30,,ハイルーフ,5000,1900,2000,2000,3,,https://www.repark.jp/parking_user/time/result/detail/?park=REP0013469&st=4&pref=13
板橋大原町第３,repark-rep0019483,,35.766919262687,139.69632855307,self_propelled,2,TRUE,,,hourly,220,25,,ハイルーフ,5000,1900,2000,2000,2,,https://www.repark.jp/parking_user/time/result/detail/?park=REP0019483&st=4&pref=13
板橋大谷口北町第２,repark-rep0025297,,35.748887685671,139.68649964465,self_propelled,2,TRUE,,,hourly,220,15,,ハイルーフ,5000,1900,2000,2000,2,,https://www.repark.jp/parking_user/time/result/detail/?park=REP0025297&st=4&pref=13
ときわ台駅前第２,repark-rep0025291,東京都板橋区常盤台２丁目５ー６,35.759439366632,139.68830734165,self_propelled,12,TRUE,,,hourly,200,20,,ハイルーフ,5000,1900,2000,2000,12,,https://www.repark.jp/parking_user/time/result/detail/?park=REP0025291&st=4&pref=13
板橋蓮沼町第２,repark-rep0011755,,35.769630189196,139.70236681577,self_propelled,5,TRUE,,,hourly,220,25,,ハイルーフ,5000,1900,2000,2000,5,,https://www.repark.jp/parking_user/time/result/detail/?park=REP0011755&st=4&pref=13
板橋大谷口北町,repark-rep0007267,,35.750298630501,139.68556910096,self_propelled,3,TRUE,,,hourly,220,20,,ハイルーフ,5000,1900,2000,2000,3,,https://www.repark.jp/parking_user/time/result/detail/?park=REP0007267&st=4&pref=13
南常盤台２丁目第２,repark-rep0026068,東京都板橋区南常盤台２丁目６ー１３,35.758120036386,139.6867408655,self_propelled,4,TRUE,,,hourly,220,30,,ハイルーフ,5000,1900,2000,2000,4,,https://www.repark.jp/parking_user/time/result/detail/?park=REP0026068&st=4&pref=13
小茂根２丁目,repark-rep0006423,東京都板橋区小茂根２丁目２－１,35.749537595197,139.68529971438,self_propelled,5,TRUE,,,hourly,220,25,,ハイルーフ,5000,1900,2000,2000,5,,https://www.repark.jp/parking_user/time/result/detail/?park=REP0006423&st=4&pref=13
板橋前野町１丁目第２,repark-rep0012913,東京都板橋区前野町１丁目３２ー６,35.767444176024,139.694581452,self_propelled,4,TRUE,,,hourly,220,25,,ハイルーフ,5000,1900,2000,2000,4,,https://www.repark.jp/parking_user/time/result/detail/?park=REP0012913&st=4&pref=13
常盤台２丁目第３,repark-rep0017910,東京都板橋区常盤台２丁目３０ー２,35.762680697123,139.68889047697,self_propelled,3,TRUE,,,hourly,220,25,,ハイルーフ,5000,1900,2000,2000,3,,https://www.repark.jp/parking_user/time/result/detail/?park=REP0017910&st=4&pref=13
板橋大原町,repark-rep0009119,,35.769810646832,139.69789773462,self_propelled,6,TRUE,,,hourly,220,25,,ハイルーフ,5000,1900,2000,2000,6,,https://www.repark.jp/parking_user/time/result/detail/?park=REP0009119&st=4&pref=13
常盤台２丁目第２,repark-rep0013743,東京都板橋区常盤台２丁目２９ー６,35.763055639989,139.68791554067,self_propelled,3,TRUE,,,hourly,220,30,,ハイルーフ,5000,1900,2000,2000,3,,https://www.repark.jp/parking_user/time/result/detail/?park=REP0013743&st=4&pref=13
小茂根２丁目第２,repark-rep0021194,東京都板橋区小茂根２丁目１７ー１,35.750262485592,139.68346372148,self_propelled,4,TRUE,,,hourly,220,20,,ハイルーフ,5000,1900,2000,2000,4,,https://www.repark.jp/parking_user/time/result/detail/?park=REP0021194&st=4&pref=13
志村１丁目第７,repark-rep0014698,東京都板橋区志村１丁目４ー１２,35.770791082632,139.69701998437,self_propelled,11,TRUE,,,hourly,250,25,,ハイルーフ,5000,1900,2000,2000,11,,https://www.repark.jp/parking_user/time/result/detail/?park=REP0014698&st=4&pref=13
南常盤台２丁目,repark-rep0024353,東京都板橋区南常盤台２丁目２６ー８,35.759811482508,139.68451041785,self_propelled,3,TRUE,,,hourly,220,30,,ハイルーフ,5000,1900,2000,2000,3,,https://www.repark.jp/parking_user/time/result/detail/?park=REP0024353&st=4&pref=13
小茂根１丁目第４,repark-rep0026224,東京都板橋区小茂根１丁目１ー７,35.74558521019,139.6835389306,self_propelled,8,TRUE,,,hourly,220,25,,ハイルーフ,5000,1900,2000,2000,8,,https://www.repark.jp/parking_user/time/result/detail/?park=REP0026224&st=4&pref=13
常盤台３丁目第３,repark-rep0018000,東京都板橋区常盤台３丁目１５ー１５,35.761336332459,139.68525750759,self_propelled,4,TRUE,,,hourly,220,30,,ハイルーフ,5000,1900,2000,2000,4,,https://www.repark.jp/parking_user/time/result/detail/?park=REP0018000&st=4&pref=13
常盤台３丁目第５,repark-rep0026340,東京都板橋区常盤台３丁目６,35.762305683964,139.68584074752,self_propelled,3,TRUE,,,hourly,220,30,,ハイルーフ,5000,1900,2000,2000,3,,https://www.repark.jp/parking_user/time/result/detail/?park=REP0026340&st=4&pref=13
板橋東新町２丁目,repark-rep0027439,東京都板橋区東新町２丁目１３ー１８,35.755711891023,139.68279408216,self_propelled,6,TRUE,,,hourly,220,40,,ハイルーフ,5000,1900,2000,2000,6,,https://www.repark.jp/parking_user/time/result/detail/?park=REP0027439&st=4&pref=13
コーシャハイム向原ガーデンコート来客者用,repark-rep0019784,東京都板橋区向原３丁目７,35.744413111007,139.68345010395,self_propelled,3,TRUE,,,hourly,200,30,,ハイルーフ,5000,1900,2000,2000,3,,https://www.repark.jp/parking_user/time/result/detail/?park=REP0019784&st=4&pref=13
常盤台３丁目,repark-rep0013720,東京都板橋区常盤台３丁目９ー９,35.763458333532,139.6855462749,self_propelled,5,TRUE,,,hourly,220,30,,ハイルーフ,5000,1900,2000,2000,5,,https://www.repark.jp/parking_user/time/result/detail/?park=REP0013720&st=4&pref=13
常盤台３丁目第２,repark-rep0014737,東京都板橋区常盤台３丁目１４ー６,35.76184459361,139.68419923907,self_propelled,10,TRUE,,,hourly,220,30,,ハイルーフ,5000,1900,2000,2000,10,,https://www.repark.jp/parking_user/time/result/detail/?park=REP0014737&st=4&pref=13
板橋東新町１丁目第４,repark-rep0023771,東京都板橋区東新町１丁目３６ー６,35.75859489875,139.68176903454,self_propelled,4,TRUE,,,hourly,220,30,,ハイルーフ,5000,1900,2000,2000,4,,https://www.repark.jp/parking_user/time/result/detail/?park=REP0023771&st=4&pref=13
向原３丁目,repark-rep0010746,東京都板橋区向原３丁目１０ー２４,35.744329757716,139.68177802366,self_propelled,4,TRUE,,,hourly,220,20,,ハイルーフ,5000,1900,2000,2000,4,,https://www.repark.jp/parking_user/time/result/detail/?park=REP0010746&st=4&pref=13
板橋東新町１丁目第３,repark-rep0016053,東京都板橋区東新町１丁目２ー８,35.759361485326,139.68191620902,self_propelled,3,TRUE,,,hourly,220,30,,ハイルーフ,5000,1900,2000,2000,3,,https://www.repark.jp/parking_user/time/result/detail/?park=REP0016053&st=4&pref=13
常盤台３丁目第４,repark-rep0025413,東京都板橋区常盤台３丁目２５ー１５,35.762755595087,139.68350758757,self_propelled,7,TRUE,,,hourly,250,30,,ハイルーフ,5000,1900,2000,2000,7,,https://www.repark.jp/parking_user/time/result/detail/?park=REP0025413&st=4&pref=13
板橋東新町１丁目第７,repark-rep0028356,東京都板橋区東新町１丁目２７ー３,35.756561762423,139.68063588926,self_propelled,5,TRUE,,,hourly,110,15,,ハイルーフ,5000,1900,2000,2000,5,,https://www.repark.jp/parking_user/time/result/detail/?park=REP0028356&st=4&pref=13
マクドナルド板橋見次公園前店駐車場,repark-rep0027655,東京都板橋区前野町４丁目２２ー２１,35.771482602455,139.69282863361,self_propelled,33,TRUE,,,hourly,200,30,,ハイルーフ,5000,1900,2000,2000,33,,https://www.repark.jp/parking_user/time/result/detail/?park=REP0027655&st=4&pref=13
向原３丁目第２,repark-rep0021363,東京都板橋区向原３丁目１０ー１７,35.743704815924,139.68128364949,self_propelled,6,TRUE,,,hourly,220,20,,ハイルーフ,5000,1900,2000,2000,6,,https://www.repark.jp/parking_user/time/result/detail/?park=REP0021363&st=4&pref=13
板橋東新町１丁目,repark-rep0011193,東京都板橋区東新町１丁目１０ー９,35.760172502525,139.68145509897,self_propelled,7,TRUE,,,hourly,220,25,,ハイルーフ,5000,1900,2000,2000,7,,https://www.repark.jp/parking_user/time/result/detail/?park=REP0011193&st=4&pref=13
板橋前野町６丁目第２,repark-rep0018637,東京都板橋区前野町６丁目３４ー１２,35.766760766129,139.68605163586,self_propelled,5,TRUE,,,hourly,200,40,,ハイルーフ,5000,1900,2000,2000,5,,https://www.repark.jp/parking_user/time/result/detail/?park=REP0018637&st=4&pref=13
板橋東新町１丁目第５,repark-rep0024985,東京都板橋区東新町１丁目１３ー１３,35.760153052279,139.68103569069,self_propelled,12,TRUE,,,hourly,220,25,,ハイルーフ,5000,1900,2000,2000,12,,https://www.repark.jp/parking_user/time/result/detail/?park=REP0024985&st=4&pref=13
板橋東新町１丁目第６,repark-rep0027444,東京都板橋区東新町１丁目１４ー１３,35.76055578696,139.6810217843,self_propelled,3,TRUE,,,hourly,220,25,,ハイルーフ,5000,1900,2000,2000,3,,https://www.repark.jp/parking_user/time/result/detail/?park=REP0027444&st=4&pref=13
板橋東新町１丁目第２,repark-rep0015564,東京都板橋区東新町１丁目１３ー１０,35.760416906313,139.68064959961,self_propelled,6,TRUE,,,hourly,220,25,,ハイルーフ,5000,1900,2000,2000,6,,https://www.repark.jp/parking_user/time/result/detail/?park=REP0015564&st=4&pref=13
小茂根１丁目,repark-rep0003787,東京都板橋区小茂根１丁目１８,35.744818556736,139.67961984738,self_propelled,5,TRUE,,,hourly,220,25,,ハイルーフ,5000,1900,2000,2000,5,,https://www.repark.jp/parking_user/time/result/detail/?park=REP0003787&st=4&pref=13
小茂根１丁目第２,repark-rep0004015,東京都板橋区小茂根１丁目９,35.744485259822,139.67964486065,self_propelled,6,TRUE,,,hourly,220,25,,ハイルーフ,5000,1900,2000,2000,6,,https://www.repark.jp/parking_user/time/result/detail/?park=REP0004015&st=4&pref=13
常盤台４丁目第８,repark-rep0015274,東京都板橋区常盤台４丁目５ー２２,35.763991547544,139.68199932292,self_propelled,8,TRUE,,,hourly,220,20,,ハイルーフ,5000,1900,2000,2000,8,,https://www.repark.jp/parking_user/time/result/detail/?park=REP0015274&st=4&pref=13
小茂根４丁目第３,repark-rep0012794,東京都板橋区小茂根４丁目１ー３,35.748145954962,139.67825314067,self_propelled,1,TRUE,,,hourly,220,20,,ハイルーフ,5000,1900,2000,2000,1,,https://www.repark.jp/parking_user/time/result/detail/?park=REP0012794&st=4&pref=13
小豆沢２丁目第８,repark-rep0028135,東京都板橋区小豆沢２丁目２ー３,35.776598909984,139.70363583349,self_propelled,16,TRUE,,,hourly,220,30,,ハイルーフ,5000,1900,2000,2000,16,,https://www.repark.jp/parking_user/time/result/detail/?park=REP0028135&st=4&pref=13
小茂根１丁目第３,repark-rep0012795,東京都板橋区小茂根１丁目２６ー２１,35.74705162876,139.67835318275,self_propelled,3,TRUE,,,hourly,220,25,,ハイルーフ,5000,1900,2000,2000,3,,https://www.repark.jp/parking_user/time/result/detail/?park=REP0012795&st=4&pref=13
志村１丁目,repark-rep0006308,東京都板橋区志村１丁目１２－１３,35.774637871487,139.69577824336,self_propelled,4,TRUE,,,hourly,220,15,,ハイルーフ,5000,1900,2000,2000,4,,https://www.repark.jp/parking_user/time/result/detail/?park=REP0006308&st=4&pref=13
小豆沢２丁目第４,repark-rep0015110,東京都板橋区小豆沢２丁目１１,35.775393384373,139.69793636234,self_propelled,199,TRUE,,,hourly,200,40,,ハイルーフ,5000,1900,2000,2000,199,,https://www.repark.jp/parking_user/time/result/detail/?park=REP0015110&st=4&pref=13
小茂根４丁目第２,repark-rep0008093,東京都板橋区小茂根４丁目１ー８,35.747912639854,139.67790595825,self_propelled,2,TRUE,,,hourly,220,20,,ハイルーフ,5000,1900,2000,2000,2,,https://www.repark.jp/parking_user/time/result/detail/?park=REP0008093&st=4&pref=13
中台１丁目,repark-rep0020077,東京都板橋区中台１丁目１ー４,35.764558146419,139.68156877658,self_propelled,5,TRUE,,,hourly,220,20,,ハイルーフ,5000,1900,2000,2000,5,,https://www.repark.jp/parking_user/time/result/detail/?park=REP0020077&st=4&pref=13
小豆沢２丁目,repark-rep0004658,東京都板橋区小豆沢２丁目１１－１６,35.776062752992,139.69771968351,self_propelled,5,TRUE,,,hourly,220,20,,ハイルーフ,5000,1900,2000,2000,5,,https://www.repark.jp/parking_user/time/result/detail/?park=REP0004658&st=4&pref=13
トミンハイム小豆沢,repark-rep0027064,東京都板橋区小豆沢２丁目３１ー１,35.777304354044,139.70154708648,self_propelled,5,TRUE,,,hourly,220,30,,ハイルーフ,5000,1900,2000,2000,5,,https://www.repark.jp/parking_user/time/result/detail/?park=REP0027064&st=4&pref=13
小豆沢２丁目第２,repark-rep0007771,東京都板橋区小豆沢２丁目２１ー２６,35.776762699521,139.69894454956,self_propelled,8,TRUE,,,hourly,220,25,,ハイルーフ,5000,1900,2000,2000,8,,https://www.repark.jp/parking_user/time/result/detail/?park=REP0007771&st=4&pref=13
小豆沢２丁目第７,repark-rep0026992,東京都板橋区小豆沢２丁目２１ー４,35.77674046384,139.69802518194,self_propelled,12,TRUE,,,hourly,220,25,,ハイルーフ,5000,1900,2000,2000,12,,https://www.repark.jp/parking_user/time/result/detail/?park=REP0026992&st=4&pref=13
志村１丁目第４,repark-rep0010226,東京都板橋区志村１丁目１４ー７,35.775740509763,139.69453107416,self_propelled,3,TRUE,,,hourly,220,25,,ハイルーフ,5000,1900,2000,2000,3,,https://www.repark.jp/parking_user/time/result/detail/?park=REP0010226&st=4&pref=13
小茂根４丁目,repark-rep0007565,東京都板橋区小茂根４丁目１４ー２０,35.748384783,139.67622552107,self_propelled,5,TRUE,,,hourly,220,20,,ハイルーフ,5000,1900,2000,2000,5,,https://www.repark.jp/parking_user/time/result/detail/?park=REP0007565&st=4&pref=13
常盤台４丁目第１０,repark-rep0025342,東京都板橋区常盤台４丁目２１ー１,35.763341568987,139.67924680344,self_propelled,4,TRUE,,,hourly,200,20,,ハイルーフ,5000,1900,2000,2000,4,,https://www.repark.jp/parking_user/time/result/detail/?park=REP0025342&st=4&pref=13
板橋桜川２丁目,repark-rep0023811,東京都板橋区桜川２丁目１３ー１３,35.758389278579,139.67683612068,self_propelled,7,TRUE,,,hourly,220,30,,ハイルーフ,5000,1900,2000,2000,7,,https://www.repark.jp/parking_user/time/result/detail/?park=REP0023811&st=4&pref=13
常盤台４丁目第７,repark-rep0010727,東京都板橋区常盤台４丁目１７,35.764941409558,139.67991611819,self_propelled,2,TRUE,,,hourly,250,20,,ハイルーフ,5000,1900,2000,2000,2,,https://www.repark.jp/parking_user/time/result/detail/?park=REP0010727&st=4&pref=13
常盤台４丁目第９,repark-rep0017913,東京都板橋区常盤台４丁目２１ー３,35.763435997501,139.6789384907,self_propelled,5,TRUE,,,hourly,200,20,,ハイルーフ,5000,1900,2000,2000,5,,https://www.repark.jp/parking_user/time/result/detail/?park=REP0017913&st=4&pref=13
常盤台４丁目第６,repark-rep0010726,東京都板橋区常盤台４丁目２２ー８,35.763122133369,139.67838299628,self_propelled,5,TRUE,,,hourly,250,20,,ハイルーフ,5000,1900,2000,2000,5,,https://www.repark.jp/parking_user/time/result/detail/?park=REP0010726&st=4&pref=13
板橋桜川２丁目第２,repark-rep0024797,東京都板橋区桜川２丁目４ー６,35.758208720477,139.67555290157,self_propelled,5,TRUE,,,hourly,220,25,,ハイルーフ,5000,1900,2000,2000,5,,https://www.repark.jp/parking_user/time/result/detail/?park=REP0024797&st=4&pref=13
志村１丁目第５,repark-rep0010826,東京都板橋区志村１丁目３２,35.7753210413,139.69056197811,self_propelled,4,TRUE,,,hourly,220,30,,ハイルーフ,5000,1900,2000,2000,4,,https://www.repark.jp/parking_user/time/result/detail/?park=REP0010826&st=4&pref=13
小豆沢２丁目第３,repark-rep0012522,東京都板橋区小豆沢２丁目３６ー１２,35.779298604531,139.70268023354,self_propelled,72,TRUE,,,hourly,220,60,,ハイルーフ,5000,1900,2000,2000,72,,https://www.repark.jp/parking_user/time/result/detail/?park=REP0012522&st=4&pref=13
上板橋１丁目,repark-rep0027496,東京都板橋区上板橋１丁目２１ー１,35.761427825105,139.67583606382,self_propelled,2,TRUE,,,hourly,220,20,,ハイルーフ,5000,1900,2000,2000,2,,https://www.repark.jp/parking_user/time/result/detail/?park=REP0027496&st=4&pref=13
志村２丁目第５,repark-rep0027124,東京都板橋区志村２丁目２０ー２１,35.77554043253,139.68888433033,self_propelled,9,TRUE,,,hourly,110,15,,ハイルーフ,5000,1900,2000,2000,9,,https://www.repark.jp/parking_user/time/result/detail/?park=REP0027124&st=4&pref=13
志村２丁目,repark-rep0001470,東京都板橋区志村２丁目１１－２,35.776407031193,139.69027861863,self_propelled,10,TRUE,,,hourly,200,30,,ハイルーフ,5000,1900,2000,2000,10,,https://www.repark.jp/parking_user/time/result/detail/?park=REP0001470&st=4&pref=13
常盤台４丁目第１１,repark-rep0028691,東京都板橋区常盤台４丁目３１ー７,35.764399746787,139.67684139848,self_propelled,5,TRUE,,,hourly,250,20,,ハイルーフ,5000,1900,2000,2000,5,,https://www.repark.jp/parking_user/time/result/detail/?park=REP0028691&st=4&pref=13
上板橋２丁目第２,repark-rep0002951,東京都板橋区上板橋２丁目３４－１,35.763108187738,139.67505549527,self_propelled,4,TRUE,,,hourly,250,20,,ハイルーフ,5000,1900,2000,2000,4,,https://www.repark.jp/parking_user/time/result/detail/?park=REP0002951&st=4&pref=13
上板橋２丁目第３,repark-rep0018033,東京都板橋区上板橋２丁目３０ー１０,35.76248324813,139.67468611072,self_propelled,5,TRUE,,,hourly,250,30,,ハイルーフ,5000,1900,2000,2000,5,,https://www.repark.jp/parking_user/time/result/detail/?park=REP0018033&st=4&pref=13
上板橋３丁目第３,repark-rep0027199,東京都板橋区上板橋３丁目５ー２,35.765288520782,139.67569978636,self_propelled,5,TRUE,,,hourly,220,20,,ハイルーフ,5000,1900,2000,2000,5,,https://www.repark.jp/parking_user/time/result/detail/?park=REP0027199&st=4&pref=13
志村３丁目第７,repark-rep0025175,東京都板橋区志村３丁目１２ー６,35.775387606932,139.6852235304,self_propelled,3,TRUE,,,hourly,220,40,,ハイルーフ,5000,1900,2000,2000,3,,https://www.repark.jp/parking_user/time/result/detail/?park=REP0025175&st=4&pref=13
志村３丁目第４,repark-rep0010825,東京都板橋区志村３丁目６,35.77724856536,139.68788433473,self_propelled,22,TRUE,,,hourly,220,30,,ハイルーフ,5000,1900,2000,2000,22,,https://www.repark.jp/parking_user/time/result/detail/?park=REP0010825&st=4&pref=13
志村３丁目第５,repark-rep0017923,東京都板橋区志村３丁目２ー１３,35.778851225742,139.69096456012,self_propelled,5,TRUE,,,hourly,220,30,,ハイルーフ,5000,1900,2000,2000,5,,https://www.repark.jp/parking_user/time/result/detail/?park=REP0017923&st=4&pref=13
志村３丁目第３,repark-rep0007875,東京都板橋区志村３丁目１２ー３,35.775762566438,139.68520129198,self_propelled,8,TRUE,,,hourly,250,30,,ハイルーフ,5000,1900,2000,2000,8,,https://www.repark.jp/parking_user/time/result/detail/?park=REP0007875&st=4&pref=13
板橋相生町,repark-rep0020590,,35.775268134763,139.68287928559,self_propelled,5,TRUE,,,hourly,110,40,,ハイルーフ,5000,1900,2000,2000,5,,https://www.repark.jp/parking_user/time/result/detail/?park=REP0020590&st=4&pref=13
上板橋２丁目第４,repark-rep0023736,東京都板橋区上板橋２丁目１１ー１０,35.762747065344,139.67219186072,self_propelled,3,TRUE,,,hourly,250,30,,ハイルーフ,5000,1900,2000,2000,3,,https://www.repark.jp/parking_user/time/result/detail/?park=REP0023736&st=4&pref=13
坂下１丁目第２,repark-rep0007244,東京都板橋区坂下１丁目２５ー６,35.780726001246,139.68959236575,self_propelled,6,TRUE,,,hourly,220,25,,ハイルーフ,5000,1900,2000,2000,6,,https://www.repark.jp/parking_user/time/result/detail/?park=REP0007244&st=4&pref=13
坂下１丁目第５,repark-rep0022643,東京都板橋区坂下１丁目３３ー２７,35.78107589973,139.68592321036,self_propelled,12,TRUE,,,hourly,220,40,,ハイルーフ,5000,1900,2000,2000,12,,https://www.repark.jp/parking_user/time/result/detail/?park=REP0022643&st=4&pref=13
坂下１丁目第４,repark-rep0018785,東京都板橋区坂下１丁目１７ー９,35.77939824475,139.68269299988,self_propelled,5,TRUE,,,hourly,250,25,,ハイルーフ,5000,1900,2000,2000,5,,https://www.repark.jp/parking_user/time/result/detail/?park=REP0018785&st=4&pref=13
坂下１丁目第６,repark-rep0024954,東京都板橋区坂下１丁目２７ー１１,35.782503561607,139.6880174147,self_propelled,24,TRUE,,,hourly,200,30,,ハイルーフ,5000,1900,2000,2000,24,,https://www.repark.jp/parking_user/time/result/detail/?park=REP0024954&st=4&pref=13
若木２丁目,repark-rep0009484,東京都板橋区若木２丁目３０ー１０,35.769262977532,139.66893627606,self_propelled,5,TRUE,,,hourly,220,25,,ハイルーフ,5000,1900,2000,2000,5,,https://www.repark.jp/parking_user/time/result/detail/?park=REP0009484&st=4&pref=13
板橋区立城北公園,repark-rep0024064,東京都板橋区坂下２丁目１９ー１,35.782378464079,139.68166794778,self_propelled,8,TRUE,,,hourly,100,30,,ハイルーフ,5000,1900,2000,2000,8,,https://www.repark.jp/parking_user/time/result/detail/?park=REP0024064&st=4&pref=13
坂下２丁目第３,repark-rep0012194,東京都板橋区坂下２丁目１１,35.781797947951,139.68039585816,self_propelled,4,TRUE,,,hourly,250,25,,ハイルーフ,5000,1900,2000,2000,4,,https://www.repark.jp/parking_user/time/result/detail/?park=REP0012194&st=4&pref=13
西台１丁目,repark-rep0027770,東京都板橋区西台１丁目３３ー２１,35.775892888089,139.67258288992,self_propelled,4,TRUE,,,hourly,220,30,,ハイルーフ,5000,1900,2000,2000,4,,https://www.repark.jp/parking_user/time/result/detail/?park=REP0027770&st=4&pref=13
蓮根１丁目,repark-rep0009315,東京都板橋区蓮根１丁目１５ー１０,35.779495346068,139.67632130257,self_propelled,8,TRUE,,,hourly,220,60,,ハイルーフ,5000,1900,2000,2000,8,,https://www.repark.jp/parking_user/time/result/detail/?park=REP0009315&st=4&pref=13
徳丸１丁目,repark-rep0024598,東京都板橋区徳丸１丁目１ー１７,35.768124136502,139.66470890158,self_propelled,3,TRUE,,,hourly,220,30,,ハイルーフ,5000,1900,2000,2000,3,,https://www.repark.jp/parking_user/time/result/detail/?park=REP0024598&st=4&pref=13
坂下３丁目第５,repark-rep0023311,東京都板橋区坂下３丁目４ー１７,35.786419745782,139.68435642741,self_propelled,2,TRUE,,,hourly,220,25,,ハイルーフ,5000,1900,2000,2000,2,,https://www.repark.jp/parking_user/time/result/detail/?park=REP0023311&st=4&pref=13
蓮根駅前,repark-rep0026610,東京都板橋区蓮根２丁目３１,35.78470872117,139.67888196085,self_propelled,20,TRUE,,,hourly,220,20,,ハイルーフ,5000,1900,2000,2000,20,,https://www.repark.jp/parking_user/time/result/detail/?park=REP0026610&st=4&pref=13
坂下３丁目第６,repark-rep0024864,東京都板橋区坂下３丁目２３ー２５,35.788691730637,139.68469240589,self_propelled,3,TRUE,,,hourly,250,30,,ハイルーフ,5000,1900,2000,2000,3,,https://www.repark.jp/parking_user/time/result/detail/?park=REP0024864&st=4&pref=13
坂下３丁目,repark-rep0006238,東京都板橋区坂下３丁目２６－３,35.788447287622,139.68330919902,self_propelled,7,TRUE,,,hourly,350,60,,ハイルーフ,5000,1900,2000,2000,7,,https://www.repark.jp/parking_user/time/result/detail/?park=REP0006238&st=4&pref=13
舟渡１丁目第３,repark-rep0016853,東京都板橋区舟渡１丁目１２ー１２,35.792008166739,139.69183888167,self_propelled,4,TRUE,,,hourly,250,25,,ハイルーフ,5000,1900,2000,2000,4,,https://www.repark.jp/parking_user/time/result/detail/?park=REP0016853&st=4&pref=13
坂下３丁目第３,repark-rep0010529,東京都板橋区坂下３丁目２８ー４,35.788183379789,139.68061498993,self_propelled,5,TRUE,,,hourly,220,30,,ハイルーフ,5000,1900,2000,2000,5,,https://www.repark.jp/parking_user/time/result/detail/?park=REP0010529&st=4&pref=13
坂下３丁目第７,repark-rep0027748,東京都板橋区坂下３丁目２８ー１１,35.788677760799,139.67997890899,self_propelled,5,TRUE,,,hourly,220,30,,ハイルーフ,5000,1900,2000,2000,5,,https://www.repark.jp/parking_user/time/result/detail/?park=REP0027748&st=4&pref=13
蓮根３丁目第２,repark-rep0026906,東京都板橋区蓮根３丁目１３ー１４,35.788263898407,139.67896790101,self_propelled,3,TRUE,,,hourly,110,15,,ハイルーフ,5000,1900,2000,2000,3,,https://www.repark.jp/parking_user/time/result/detail/?park=REP0026906&st=4&pref=13
徳丸２丁目第２,repark-rep0024592,東京都板橋区徳丸２丁目２１ー１１,35.773790133417,139.66104227819,self_propelled,4,TRUE,,,hourly,220,30,,ハイルーフ,5000,1900,2000,2000,4,,https://www.repark.jp/parking_user/time/result/detail/?park=REP0024592&st=4&pref=13
高島平１丁目第２,repark-rep0006121,東京都板橋区高島平１丁目７６番１４,35.786022334449,139.67114087625,self_propelled,6,TRUE,,,hourly,350,60,,ハイルーフ,5000,1900,2000,2000,6,,https://www.repark.jp/parking_user/time/result/detail/?park=REP0006121&st=4&pref=13
高島平１丁目,repark-rep0001446,東京都板橋区高島平１丁目４３－２,35.784264136092,139.66808287818,self_propelled,6,TRUE,,,hourly,220,40,,ハイルーフ,5000,1900,2000,2000,6,,https://www.repark.jp/parking_user/time/result/detail/?park=REP0001446&st=4&pref=13
徳丸３丁目,repark-rep0022639,東京都板橋区徳丸３丁目７ー３,35.769487726581,139.65594567757,self_propelled,6,TRUE,,,hourly,220,20,,ハイルーフ,5000,1900,2000,2000,6,,https://www.repark.jp/parking_user/time/result/detail/?park=REP0022639&st=4&pref=13
徳丸４丁目第２,repark-rep0024594,東京都板橋区徳丸４丁目１２,35.770762564218,139.65445685351,self_propelled,4,TRUE,,,hourly,220,30,,ハイルーフ,5000,1900,2000,2000,4,,https://www.repark.jp/parking_user/time/result/detail/?park=REP0024594&st=4&pref=13
ＭＦＬＰ・ＬＯＧＩＦＲＯＮＴ東京板橋,repark-rep0027432,東京都板橋区舟渡４丁目３ー２,35.793996604644,139.67818992365,self_propelled,20,TRUE,,,hourly,220,30,,ハイルーフ,5000,1900,2000,2000,20,,https://www.repark.jp/parking_user/time/result/detail/?park=REP0027432&st=4&pref=13
高島平９丁目第２,repark-rep0012840,東京都板橋区高島平９丁目１２ー１２,35.789758016716,139.66947139889,self_propelled,10,TRUE,,,hourly,220,40,,ハイルーフ,5000,1900,2000,2000,10,,https://www.repark.jp/parking_user/time/result/detail/?park=REP0012840&st=4&pref=13
徳丸５丁目第２,repark-rep0025910,東京都板橋区徳丸５丁目３２ー８,35.778853396231,139.65619800335,self_propelled,7,TRUE,,,hourly,220,60,,ハイルーフ,5000,1900,2000,2000,7,,https://www.repark.jp/parking_user/time/result/detail/?park=REP0025910&st=4&pref=13
赤塚７丁目,repark-rep0024396,東京都板橋区赤塚７丁目１２ー７,35.776159139178,139.65045971497,self_propelled,8,TRUE,,,hourly,220,60,,ハイルーフ,5000,1900,2000,2000,8,,https://www.repark.jp/parking_user/time/result/detail/?park=REP0024396&st=4&pref=13
板橋西郵便局駐車場,repark-rep0018963,東京都板橋区高島平３丁目１２ー１板橋西郵便局,35.785980447425,139.65823083935,self_propelled,5,TRUE,,,hourly,300,30,,ハイルーフ,5000,1900,2000,2000,5,,https://www.repark.jp/parking_user/time/result/detail/?park=REP0018963&st=4&pref=13
高島平地域センター駐車場,repark-rep0001777,東京都板橋区高島平３丁目１２－２８,35.787263654088,139.65885572837,self_propelled,28,TRUE,,,hourly,100,20,,ハイルーフ,5000,1900,2000,2000,28,,https://www.repark.jp/parking_user/time/result/detail/?park=REP0001777&st=4&pref=13
新河岸１丁目,repark-rep0009148,東京都板橋区新河岸１丁目４ー１４,35.79532677889,139.66447989,self_propelled,5,TRUE,,,hourly,220,25,,ハイルーフ,5000,1900,2000,2000,5,,https://www.repark.jp/parking_user/time/result/detail/?park=REP0009148&st=4&pref=13
赤塚新町１丁目第２,repark-rep0009452,東京都板橋区赤塚新町１丁目２６ー１０,35.770637381263,139.64321612581,self_propelled,3,TRUE,,,hourly,200,40,,ハイルーフ,5000,1900,2000,2000,3,,https://www.repark.jp/parking_user/time/result/detail/?park=REP0009452&st=4&pref=13
赤塚新町３丁目第２,repark-rep0025167,東京都板橋区赤塚新町３丁目３ー８,35.770917879024,139.64159958114,self_propelled,9,TRUE,,,hourly,110,15,,ハイルーフ,5000,1900,2000,2000,9,,https://www.repark.jp/parking_user/time/result/detail/?park=REP0025167&st=4&pref=13
赤塚８丁目,repark-rep0027371,東京都板橋区赤塚８丁目６ー２４,35.782019577664,139.64778744505,self_propelled,8,TRUE,,,hourly,220,30,,ハイルーフ,5000,1900,2000,2000,8,,https://www.repark.jp/parking_user/time/result/detail/?park=REP0027371&st=4&pref=13
赤塚６丁目,repark-rep0026161,東京都板橋区赤塚６丁目１８ー１６,35.776595093639,139.64411022222,self_propelled,3,TRUE,,,hourly,220,60,,ハイルーフ,5000,1900,2000,2000,3,,https://www.repark.jp/parking_user/time/result/detail/?park=REP0026161&st=4&pref=13
赤塚５丁目,repark-rep0028369,東京都板橋区赤塚５丁目２８ー２９,35.782202848852,139.6453709703,self_propelled,12,TRUE,,,hourly,330,30,,ハイルーフ,5000,1900,2000,2000,12,,https://www.repark.jp/parking_user/time/result/detail/?park=REP0028369&st=4&pref=13
赤塚新町３丁目,repark-rep0014326,東京都板橋区赤塚新町３丁目２０ー１０,35.773073097927,139.63555553885,self_propelled,5,TRUE,,,hourly,130,20,,ハイルーフ,5000,1900,2000,2000,5,,https://www.repark.jp/parking_user/time/result/detail/?park=REP0014326&st=4&pref=13
赤塚４丁目,repark-rep0028368,東京都板橋区赤塚４丁目１２ー２,35.782286063644,139.63911315317,self_propelled,13,TRUE,,,hourly,220,40,,ハイルーフ,5000,1900,2000,2000,13,,https://www.repark.jp/parking_user/time/result/detail/?park=REP0028368&st=4&pref=13
赤塚３丁目,repark-rep0012364,東京都板橋区赤塚３丁目３７ー１９,35.780355671845,139.63663566981,self_propelled,5,TRUE,,,hourly,220,20,,ハイルーフ,5000,1900,2000,2000,5,,https://www.repark.jp/parking_user/time/result/detail/?park=REP0012364&st=4&pref=13
成増２丁目第２,repark-rep0019232,東京都板橋区成増２丁目８ー２,35.775958875177,139.63411941424,self_propelled,7,TRUE,,,hourly,200,25,,ハイルーフ,5000,1900,2000,2000,7,,https://www.repark.jp/parking_user/time/result/detail/?park=REP0019232&st=4&pref=13
赤塚３丁目第２,repark-rep0013128,東京都板橋区赤塚３丁目３７ー１３,35.779614071748,139.63592465201,self_propelled,3,TRUE,,,hourly,220,20,,ハイルーフ,5000,1900,2000,2000,3,,https://www.repark.jp/parking_user/time/result/detail/?park=REP0013128&st=4&pref=13
成増４丁目第３,repark-rep0027824,東京都板橋区成増４丁目１ー１１,35.780780600729,139.63516632727,self_propelled,22,TRUE,,,hourly,220,20,,ハイルーフ,5000,1900,2000,2000,22,,https://www.repark.jp/parking_user/time/result/detail/?park=REP0027824&st=4&pref=13
成増３丁目第３,repark-rep0027825,東京都板橋区成増３丁目１６ー６,35.779889019148,139.63459697161,self_propelled,15,TRUE,,,hourly,220,30,,ハイルーフ,5000,1900,2000,2000,15,,https://www.repark.jp/parking_user/time/result/detail/?park=REP0027825&st=4&pref=13
成増駅前小林病院,repark-rep0012212,東京都板橋区成増３丁目１０ー８,35.778458600719,139.63371377783,self_propelled,4,TRUE,,,hourly,250,20,,ハイルーフ,5000,1900,2000,2000,4,,https://www.repark.jp/parking_user/time/result/detail/?park=REP0012212&st=4&pref=13
成増駅北口,repark-rep0027826,東京都板橋区成増３丁目１４ー５,35.778991860361,139.63272216862,self_propelled,23,TRUE,,,hourly,200,20,,ハイルーフ,5000,1900,2000,2000,23,,https://www.repark.jp/parking_user/time/result/detail/?park=REP0027826&st=4&pref=13
成増駅北口第２,repark-rep0027827,東京都板橋区成増３丁目１９ー１８,35.779452924665,139.63287213494,self_propelled,17,TRUE,,,hourly,200,30,,ハイルーフ,5000,1900,2000,2000,17,,https://www.repark.jp/parking_user/time/result/detail/?park=REP0027827&st=4&pref=13
成増１丁目,repark-rep0010547,東京都板橋区成増１丁目２８ー８,35.775778284815,139.63098912753,self_propelled,12,TRUE,,,hourly,200,25,,ハイルーフ,5000,1900,2000,2000,12,,https://www.repark.jp/parking_user/time/result/detail/?park=REP0010547&st=4&pref=13
成増１丁目第２,repark-rep0025913,東京都板橋区成増１丁目２８ー４,35.775531087121,139.63086692606,self_propelled,12,TRUE,,,hourly,200,25,,ハイルーフ,5000,1900,2000,2000,12,,https://www.repark.jp/parking_user/time/result/detail/?park=REP0025913&st=4&pref=13
成増４丁目第２,repark-rep0014878,東京都板橋区成増４丁目３ー１３,35.781416618714,139.63373586178,self_propelled,5,TRUE,,,hourly,220,25,,ハイルーフ,5000,1900,2000,2000,5,,https://www.repark.jp/parking_user/time/result/detail/?park=REP0014878&st=4&pref=13
成増駅南口,repark-rep0027821,東京都板橋区成増２丁目２２ー１,35.77835023584,139.6312251005,self_propelled,27,TRUE,,,hourly,300,30,,ハイルーフ,5000,1900,2000,2000,27,,https://www.repark.jp/parking_user/time/result/detail/?park=REP0027821&st=4&pref=13
成増駅南口第２,repark-rep0027822,東京都板橋区成増２丁目２２ー７,35.778616866267,139.63076401551,self_propelled,8,TRUE,,,hourly,220,20,,ハイルーフ,5000,1900,2000,2000,8,,https://www.repark.jp/parking_user/time/result/detail/?park=REP0027822&st=4&pref=13
成増３丁目第２,repark-rep0027820,東京都板橋区成増３丁目３１ー１０,35.780944399531,139.63100555428,self_propelled,24,TRUE,,,hourly,220,40,,ハイルーフ,5000,1900,2000,2000,24,,https://www.repark.jp/parking_user/time/result/detail/?park=REP0027820&st=4&pref=13
中村北１丁目,repark-rep0010328,東京都練馬区中村北１丁目６ー１４,35.734885753551,139.64912839304,self_propelled,3,TRUE,,,hourly,230,25,,ハイルーフ,5000,1900,2000,2000,3,,https://www.repark.jp/parking_user/time/result/detail/?park=REP0010328&st=4&pref=13
豊玉北５丁目第７,repark-rep0026142,東京都練馬区豊玉北５丁目１１ー７,35.734366474662,139.65545844625,self_propelled,4,TRUE,,,hourly,250,25,,ハイルーフ,5000,1900,2000,2000,4,,https://www.repark.jp/parking_user/time/result/detail/?park=REP0026142&st=4&pref=13
豊玉北５丁目第６,repark-rep0025199,東京都練馬区豊玉北５丁目３ー１６,35.736652354891,139.65624438672,self_propelled,10,TRUE,,,hourly,350,20,,ハイルーフ,5000,1900,2000,2000,10,,https://www.repark.jp/parking_user/time/result/detail/?park=REP0025199&st=4&pref=13
練馬３丁目第３,repark-rep0027129,東京都練馬区練馬３丁目２４ー４,35.738935319579,139.64908098751,self_propelled,3,TRUE,,,hourly,220,25,,ハイルーフ,5000,1900,2000,2000,3,,https://www.repark.jp/parking_user/time/result/detail/?park=REP0027129&st=4&pref=13
豊玉北５丁目第３,repark-rep0008818,東京都練馬区豊玉北５丁目４ー１６,35.736280177163,139.65649993863,self_propelled,4,TRUE,,,hourly,250,15,,ハイルーフ,5000,1900,2000,2000,4,,https://www.repark.jp/parking_user/time/result/detail/?park=REP0008818&st=4&pref=13
豊玉北５丁目第４,repark-rep0009837,東京都練馬区豊玉北５丁目５ー１０,35.735830228638,139.65669160944,self_propelled,4,TRUE,,,hourly,250,30,,ハイルーフ,5000,1900,2000,2000,4,,https://www.repark.jp/parking_user/time/result/detail/?park=REP0009837&st=4&pref=13
豊玉中４丁目,repark-rep0014179,東京都練馬区豊玉中４丁目１１ー３１,35.73149725867,139.65094228643,self_propelled,6,TRUE,,,hourly,220,30,,ハイルーフ,5000,1900,2000,2000,6,,https://www.repark.jp/parking_user/time/result/detail/?park=REP0014179&st=4&pref=13
練馬３丁目第２,repark-rep0027024,東京都練馬区練馬３丁目１４ー３,35.739096398697,139.64824216076,self_propelled,7,TRUE,,,hourly,110,15,,ハイルーフ,5000,1900,2000,2000,7,,https://www.repark.jp/parking_user/time/result/detail/?park=REP0027024&st=4&pref=13
練馬１丁目,repark-rep0017220,東京都練馬区練馬１丁目１８ー１９,35.7392409445,139.65495548557,self_propelled,4,TRUE,,,hourly,220,15,,ハイルーフ,5000,1900,2000,2000,4,,https://www.repark.jp/parking_user/time/result/detail/?park=REP0017220&st=4&pref=13
豊玉北４丁目第３,repark-rep0023692,東京都練馬区豊玉北４丁目２８ー１９,35.736260751446,139.65742764048,self_propelled,2,TRUE,,,hourly,250,20,,ハイルーフ,5000,1900,2000,2000,2,,https://www.repark.jp/parking_user/time/result/detail/?park=REP0023692&st=4&pref=13
豊玉北４丁目第２,repark-rep0014932,東京都練馬区豊玉北４丁目２１ー６,35.734147091485,139.65759716773,self_propelled,3,TRUE,,,hourly,250,25,,ハイルーフ,5000,1900,2000,2000,3,,https://www.repark.jp/parking_user/time/result/detail/?park=REP0014932&st=4&pref=13
練馬１丁目第２,repark-rep0020838,東京都練馬区練馬１丁目２２ー１２,35.738402184611,139.65721089288,self_propelled,2,TRUE,,,hourly,220,20,,ハイルーフ,5000,1900,2000,2000,2,,https://www.repark.jp/parking_user/time/result/detail/?park=REP0020838&st=4&pref=13
豊玉南３丁目,repark-rep0011096,東京都練馬区豊玉南３丁目１８ー３,35.729550250068,139.65123679663,self_propelled,3,TRUE,,,hourly,250,25,,ハイルーフ,5000,1900,2000,2000,3,,https://www.repark.jp/parking_user/time/result/detail/?park=REP0011096&st=4&pref=13
豊玉中２丁目第２,repark-rep0008135,東京都練馬区豊玉中２丁目２０ー３,35.731433487739,139.65731120543,self_propelled,5,TRUE,,,hourly,220,25,,ハイルーフ,5000,1900,2000,2000,5,,https://www.repark.jp/parking_user/time/result/detail/?park=REP0008135&st=4&pref=13
桜台４丁目,repark-rep0008636,東京都練馬区桜台４丁目６ー６,35.738991030276,139.65833577234,self_propelled,3,TRUE,,,hourly,220,15,,ハイルーフ,5000,1900,2000,2000,3,,https://www.repark.jp/parking_user/time/result/detail/?park=REP0008636&st=4&pref=13
豊玉南３丁目第２,repark-rep0014112,東京都練馬区豊玉南３丁目２１ー１４,35.728269839998,139.6517507019,self_propelled,6,TRUE,,,hourly,250,25,,ハイルーフ,5000,1900,2000,2000,6,,https://www.repark.jp/parking_user/time/result/detail/?park=REP0014112&st=4&pref=13
豊玉南２丁目,repark-rep0012812,東京都練馬区豊玉南２丁目１８ー１５,35.72870041447,139.65544481928,self_propelled,5,TRUE,,,hourly,250,40,,ハイルーフ,5000,1900,2000,2000,5,,https://www.repark.jp/parking_user/time/result/detail/?park=REP0012812&st=4&pref=13
中村北２丁目第３,repark-rep0019049,東京都練馬区中村北２丁目１８ー２２,35.737124276342,139.64187055872,self_propelled,5,TRUE,,,hourly,220,30,,ハイルーフ,5000,1900,2000,2000,5,,https://www.repark.jp/parking_user/time/result/detail/?park=REP0019049&st=4&pref=13
中村２丁目,repark-rep0011945,東京都練馬区中村２丁目２９ー７,35.7332219172,139.64195406548,self_propelled,5,TRUE,,,hourly,110,15,,ハイルーフ,5000,1900,2000,2000,5,,https://www.repark.jp/parking_user/time/result/detail/?park=REP0011945&st=4&pref=13
練馬２丁目,repark-rep0007129,東京都練馬区練馬２丁目２８－７,35.743787629675,139.65206385035,self_propelled,6,TRUE,,,hourly,220,25,,ハイルーフ,5000,1900,2000,2000,6,,https://www.repark.jp/parking_user/time/result/detail/?park=REP0007129&st=4&pref=13
中村南２丁目,repark-rep0015116,東京都練馬区中村南２丁目４ー１７,35.729400143183,139.64419849906,self_propelled,3,TRUE,,,hourly,220,25,,ハイルーフ,5000,1900,2000,2000,3,,https://www.repark.jp/parking_user/time/result/detail/?park=REP0015116&st=4&pref=13
豊玉中２丁目第３,repark-rep0009456,東京都練馬区豊玉中２丁目４ー１４,35.730305883426,139.660349894,self_propelled,10,TRUE,,,hourly,220,25,,ハイルーフ,5000,1900,2000,2000,10,,https://www.repark.jp/parking_user/time/result/detail/?park=REP0009456&st=4&pref=13
桜台４丁目第２,repark-rep0010816,東京都練馬区桜台４丁目１２ー２０,35.739968752359,139.66112160696,self_propelled,4,TRUE,,,hourly,220,15,,ハイルーフ,5000,1900,2000,2000,4,,https://www.repark.jp/parking_user/time/result/detail/?park=REP0010816&st=4&pref=13
中村北３丁目第２,repark-rep0018295,東京都練馬区中村北３丁目９ー１４,35.73586327894,139.6407096022,self_propelled,3,TRUE,,,hourly,220,30,,ハイルーフ,5000,1900,2000,2000,3,,https://www.repark.jp/parking_user/time/result/detail/?park=REP0018295&st=4&pref=13
桜台４丁目第３,repark-rep0026789,東京都練馬区桜台４丁目３１ー１０,35.740699232846,139.66127156087,self_propelled,4,TRUE,,,hourly,220,20,,ハイルーフ,5000,1900,2000,2000,4,,https://www.repark.jp/parking_user/time/result/detail/?park=REP0026789&st=4&pref=13
豊玉南２丁目第２,repark-rep0027631,東京都練馬区豊玉南２丁目２２ー２,35.726361764747,139.65482275663,self_propelled,3,TRUE,,,hourly,220,25,,ハイルーフ,5000,1900,2000,2000,3,,https://www.repark.jp/parking_user/time/result/detail/?park=REP0027631&st=4&pref=13
桜台４丁目第４,repark-rep0026790,東京都練馬区桜台４丁目３１ー８,35.740838110697,139.6615409761,self_propelled,10,TRUE,,,hourly,220,20,,ハイルーフ,5000,1900,2000,2000,10,,https://www.repark.jp/parking_user/time/result/detail/?park=REP0026790&st=4&pref=13
桜台４丁目第５,repark-rep0026791,東京都練馬区桜台４丁目３４ー２０,35.741787994008,139.66067711611,self_propelled,6,TRUE,,,hourly,220,30,,ハイルーフ,5000,1900,2000,2000,6,,https://www.repark.jp/parking_user/time/result/detail/?park=REP0026791&st=4&pref=13
豊玉中２丁目,repark-rep0005338,東京都練馬区豊玉中２丁目４－１,35.728994921818,139.66087491076,self_propelled,4,TRUE,,,hourly,220,25,,ハイルーフ,5000,1900,2000,2000,4,,https://www.repark.jp/parking_user/time/result/detail/?park=REP0005338&st=4&pref=13
向山１丁目第２,repark-rep0024623,東京都練馬区向山１丁目１１ー５,35.738807399621,139.6401706224,self_propelled,4,TRUE,,,hourly,220,30,,ハイルーフ,5000,1900,2000,2000,4,,https://www.repark.jp/parking_user/time/result/detail/?park=REP0024623&st=4&pref=13
中村３丁目,repark-rep0009948,東京都練馬区中村３丁目１６ー１７,35.732316422151,139.63989872187,self_propelled,7,TRUE,,,hourly,100,15,,ハイルーフ,5000,1900,2000,2000,7,,https://www.repark.jp/parking_user/time/result/detail/?park=REP0009948&st=4&pref=13
中村３丁目第３,repark-rep0016229,東京都練馬区中村３丁目７ー６,35.730686047554,139.64024321233,self_propelled,4,TRUE,,,hourly,220,30,,ハイルーフ,5000,1900,2000,2000,4,,https://www.repark.jp/parking_user/time/result/detail/?park=REP0016229&st=4&pref=13
豊玉中１丁目,repark-rep0012441,東京都練馬区豊玉中１丁目５ー５,35.729264358055,139.66208035324,self_propelled,3,TRUE,,,hourly,220,25,,ハイルーフ,5000,1900,2000,2000,3,,https://www.repark.jp/parking_user/time/result/detail/?park=REP0012441&st=4&pref=13
豊玉中１丁目第２,repark-rep0027416,東京都練馬区豊玉中１丁目６ー１１,35.728661643727,139.66197761253,self_propelled,10,TRUE,,,hourly,220,25,,ハイルーフ,5000,1900,2000,2000,10,,https://www.repark.jp/parking_user/time/result/detail/?park=REP0027416&st=4&pref=13
豊玉南１丁目第２,repark-rep0014691,東京都練馬区豊玉南１丁目７ー１４,35.727725621832,139.66134715199,self_propelled,5,TRUE,,,hourly,220,20,,ハイルーフ,5000,1900,2000,2000,5,,https://www.repark.jp/parking_user/time/result/detail/?park=REP0014691&st=4&pref=13
豊玉南１丁目,repark-rep0014692,東京都練馬区豊玉南１丁目７ー６,35.727356216732,139.66136938915,self_propelled,5,TRUE,,,hourly,220,20,,ハイルーフ,5000,1900,2000,2000,5,,https://www.repark.jp/parking_user/time/result/detail/?park=REP0014692&st=4&pref=13
中村３丁目第５,repark-rep0023732,東京都練馬区中村３丁目３２ー１,35.730519373104,139.63879611819,self_propelled,4,TRUE,,,hourly,100,15,,ハイルーフ,5000,1900,2000,2000,4,,https://www.repark.jp/parking_user/time/result/detail/?park=REP0023732&st=4&pref=13
桜台５丁目,repark-rep0020910,東京都練馬区桜台５丁目３６ー１０,35.745468134494,139.6594242727,self_propelled,2,TRUE,,,hourly,220,20,,ハイルーフ,5000,1900,2000,2000,2,,https://www.repark.jp/parking_user/time/result/detail/?park=REP0020910&st=4&pref=13
豊玉北１丁目,repark-rep0027981,東京都練馬区豊玉北１丁目２０ー１０,35.731605834331,139.66549940648,self_propelled,8,TRUE,,,hourly,110,20,,ハイルーフ,5000,1900,2000,2000,8,,https://www.repark.jp/parking_user/time/result/detail/?park=REP0027981&st=4&pref=13
桜台１丁目,repark-rep0026048,東京都練馬区桜台１丁目１８ー９,35.740429887295,139.66531568141,self_propelled,4,TRUE,,,hourly,110,20,,ハイルーフ,5000,1900,2000,2000,4,,https://www.repark.jp/parking_user/time/result/detail/?park=REP0026048&st=4&pref=13
中村北４丁目第２,repark-rep0026695,東京都練馬区中村北４丁目１４ー３,35.734971634228,139.6364683285,self_propelled,5,TRUE,,,hourly,220,30,,ハイルーフ,5000,1900,2000,2000,5,,https://www.repark.jp/parking_user/time/result/detail/?park=REP0026695&st=4&pref=13
中村北４丁目,repark-rep0026353,東京都練馬区中村北４丁目２１,35.734988275402,139.6351489933,self_propelled,8,TRUE,,,hourly,220,30,,ハイルーフ,5000,1900,2000,2000,8,,https://www.repark.jp/parking_user/time/result/detail/?park=REP0026353&st=4&pref=13
貫井１丁目第３,repark-rep0026772,東京都練馬区貫井１丁目１２ー１５,35.73816293831,139.63529050236,self_propelled,12,TRUE,,,hourly,220,25,,ハイルーフ,5000,1900,2000,2000,12,,https://www.repark.jp/parking_user/time/result/detail/?park=REP0026772&st=4&pref=13
桜台６丁目,repark-rep0019898,東京都練馬区桜台６丁目１１ー２５,35.746565275287,139.66149349433,self_propelled,8,TRUE,,,hourly,220,40,,ハイルーフ,5000,1900,2000,2000,8,,https://www.repark.jp/parking_user/time/result/detail/?park=REP0019898&st=4&pref=13
貫井２丁目,repark-rep0020679,東京都練馬区貫井２丁目９,35.739046180942,139.63546822393,self_propelled,12,TRUE,,,hourly,220,25,,ハイルーフ,5000,1900,2000,2000,12,,https://www.repark.jp/parking_user/time/result/detail/?park=REP0020679&st=4&pref=13
貫井５丁目,repark-rep0009729,東京都練馬区貫井５丁目３ー４,35.741115417344,139.63625417538,self_propelled,10,TRUE,,,hourly,220,25,,ハイルーフ,5000,1900,2000,2000,10,,https://www.repark.jp/parking_user/time/result/detail/?park=REP0009729&st=4&pref=13
貫井１丁目第４,repark-rep0026712,東京都練馬区貫井１丁目４０ー５,35.73576873235,139.63425736441,self_propelled,3,TRUE,,,hourly,250,20,,ハイルーフ,5000,1900,2000,2000,3,,https://www.repark.jp/parking_user/time/result/detail/?park=REP0026712&st=4&pref=13
向山４丁目第２,repark-rep0025752,東京都練馬区向山４丁目１５ー３,35.742565260083,139.63612911901,self_propelled,9,TRUE,,,hourly,110,15,,ハイルーフ,5000,1900,2000,2000,9,,https://www.repark.jp/parking_user/time/result/detail/?park=REP0025752&st=4&pref=13
桜台３丁目第４,repark-rep0028873,東京都練馬区桜台３丁目４１ー９,35.746765278832,139.66292114455,self_propelled,5,TRUE,,,hourly,220,30,,ハイルーフ,5000,1900,2000,2000,5,,https://www.repark.jp/parking_user/time/result/detail/?park=REP0028873&st=4&pref=13
貫井１丁目第２,repark-rep0017622,東京都練馬区貫井１丁目３３ー２,35.736590856662,139.63369903992,self_propelled,3,TRUE,,,hourly,220,25,,ハイルーフ,5000,1900,2000,2000,3,,https://www.repark.jp/parking_user/time/result/detail/?park=REP0017622&st=4&pref=13
練馬春日町１丁目,repark-rep0016466,東京都練馬区春日町１丁目２５ー３,35.749442451531,139.64466142673,self_propelled,7,TRUE,,,hourly,220,30,,ハイルーフ,5000,1900,2000,2000,7,,https://www.repark.jp/parking_user/time/result/detail/?park=REP0016466&st=4&pref=13
向山４丁目,repark-rep0018959,東京都練馬区向山４丁目３３ー２２,35.743901229593,139.6362096058,self_propelled,3,TRUE,,,hourly,220,30,,ハイルーフ,5000,1900,2000,2000,3,,https://www.repark.jp/parking_user/time/result/detail/?park=REP0018959&st=4&pref=13
江古田駅南口第２,repark-rep0028933,,35.737138674795,139.67118201277,self_propelled,3,TRUE,,,hourly,330,20,,ハイルーフ,5000,1900,2000,2000,3,,https://www.repark.jp/parking_user/time/result/detail/?park=REP0028933&st=4&pref=13
練馬春日町３丁目,repark-rep0011901,東京都練馬区春日町３丁目１１ー１３,35.74905354135,139.64106729813,self_propelled,6,TRUE,,,hourly,250,25,,ハイルーフ,5000,1900,2000,2000,6,,https://www.repark.jp/parking_user/time/result/detail/?park=REP0011901&st=4&pref=13
貫井５丁目第２,repark-rep0015338,東京都練馬区貫井５丁目１０ー７,35.742426344024,139.6337293247,self_propelled,2,TRUE,,,hourly,220,25,,ハイルーフ,5000,1900,2000,2000,2,,https://www.repark.jp/parking_user/time/result/detail/?park=REP0015338&st=4&pref=13
豊玉上１丁目第３,repark-rep0027584,東京都練馬区豊玉上１丁目９ー１４,35.735722167729,139.6716070427,self_propelled,6,TRUE,,,hourly,220,25,,ハイルーフ,5000,1900,2000,2000,6,,https://www.repark.jp/parking_user/time/result/detail/?park=REP0027584&st=4&pref=13
羽沢１丁目,repark-rep0025411,東京都練馬区羽沢１丁目４ー８,35.740788276326,139.67071799425,self_propelled,3,TRUE,,,hourly,330,30,,ハイルーフ,5000,1900,2000,2000,3,,https://www.repark.jp/parking_user/time/result/detail/?park=REP0025411&st=4&pref=13
豊玉上１丁目,repark-rep0025340,東京都練馬区豊玉上１丁目２ー３,35.734455640468,139.67185152571,self_propelled,5,TRUE,,,hourly,200,30,,ハイルーフ,5000,1900,2000,2000,5,,https://www.repark.jp/parking_user/time/result/detail/?park=REP0025340&st=4&pref=13
貫井５丁目第３,repark-rep0024776,東京都練馬区貫井５丁目１１ー６,35.743120715626,139.63377928858,self_propelled,3,TRUE,,,hourly,220,25,,ハイルーフ,5000,1900,2000,2000,3,,https://www.repark.jp/parking_user/time/result/detail/?park=REP0024776&st=4&pref=13
貫井４丁目,repark-rep0014335,東京都練馬区貫井４丁目２ー３０,35.739257197859,139.63137411023,self_propelled,2,TRUE,,,hourly,250,25,,ハイルーフ,5000,1900,2000,2000,2,,https://www.repark.jp/parking_user/time/result/detail/?park=REP0014335&st=4&pref=13
豊玉上１丁目第２,repark-rep0025620,東京都練馬区豊玉上１丁目１ー１５,35.735033371422,139.67269587299,self_propelled,5,TRUE,,,hourly,220,20,,ハイルーフ,5000,1900,2000,2000,5,,https://www.repark.jp/parking_user/time/result/detail/?park=REP0025620&st=4&pref=13
早宮４丁目,repark-rep0018339,東京都練馬区早宮４丁目２５ー１,35.752772750873,139.65036080006,self_propelled,10,TRUE,,,hourly,110,20,,ハイルーフ,5000,1900,2000,2000,10,,https://www.repark.jp/parking_user/time/result/detail/?park=REP0018339&st=4&pref=13
氷川台駅前第２,repark-rep0008142,東京都練馬区早宮１丁目６ー４,35.749820521623,139.66369871729,self_propelled,7,TRUE,,,hourly,220,25,,ハイルーフ,5000,1900,2000,2000,7,,https://www.repark.jp/parking_user/time/result/detail/?park=REP0008142&st=4&pref=13
桜台３丁目,repark-rep0012260,東京都練馬区桜台３丁目１５ー１７,35.747551384491,139.66742906698,self_propelled,6,TRUE,,,hourly,220,25,,ハイルーフ,5000,1900,2000,2000,6,,https://www.repark.jp/parking_user/time/result/detail/?park=REP0012260&st=4&pref=13
桜台３丁目第３,repark-rep0028568,東京都練馬区桜台３丁目１４‐５,35.747673595049,139.66746516935,self_propelled,2,TRUE,,,hourly,220,25,,ハイルーフ,5000,1900,2000,2000,2,,https://www.repark.jp/parking_user/time/result/detail/?park=REP0028568&st=4&pref=13
桜台３丁目第２,repark-rep0028336,東京都練馬区桜台３丁目１４ー５,35.747695815934,139.66753738533,self_propelled,4,TRUE,,,hourly,220,25,,ハイルーフ,5000,1900,2000,2000,4,,https://www.repark.jp/parking_user/time/result/detail/?park=REP0028336&st=4&pref=13
貫井５丁目第４,repark-rep0025331,東京都練馬区貫井５丁目２３ー３,35.744295562115,139.63218492189,self_propelled,9,TRUE,,,hourly,220,60,,ハイルーフ,5000,1900,2000,2000,9,,https://www.repark.jp/parking_user/time/result/detail/?park=REP0025331&st=4&pref=13
江古田駅南口,repark-rep0028227,東京都練馬区旭丘１丁目７１ー４,35.73661655871,139.67404846576,self_propelled,4,TRUE,,,hourly,330,20,,ハイルーフ,5000,1900,2000,2000,4,,https://www.repark.jp/parking_user/time/result/detail/?park=REP0028227&st=4&pref=13
小竹町１丁目第３,repark-rep0016564,東京都練馬区小竹町１丁目８０ー８,35.740954970907,139.67331777067,self_propelled,6,TRUE,,,hourly,220,20,,ハイルーフ,5000,1900,2000,2000,6,,https://www.repark.jp/parking_user/time/result/detail/?park=REP0016564&st=4&pref=13
富士見台駅前第３,repark-rep0024738,東京都練馬区貫井３丁目１４ー５,35.736260254207,139.6289577819,self_propelled,7,TRUE,,,hourly,250,20,,ハイルーフ,5000,1900,2000,2000,7,,https://www.repark.jp/parking_user/time/result/detail/?park=REP0024738&st=4&pref=13
富士見台駅前,repark-rep0013511,東京都練馬区貫井３丁目１１ー１４,35.736249141921,139.62881612818,self_propelled,5,TRUE,,,hourly,250,20,,ハイルーフ,5000,1900,2000,2000,5,,https://www.repark.jp/parking_user/time/result/detail/?park=REP0013511&st=4&pref=13
小竹町２丁目第１２,repark-rep0025293,東京都練馬区小竹町２丁目５３ー５,35.741857657255,139.67359826181,self_propelled,6,TRUE,,,hourly,220,30,,ハイルーフ,5000,1900,2000,2000,6,,https://www.repark.jp/parking_user/time/result/detail/?park=REP0025293&st=4&pref=13
小竹町２丁目第９,repark-rep0019899,東京都練馬区小竹町２丁目５３ー１０,35.742465927425,139.67372600119,self_propelled,2,TRUE,,,hourly,220,30,,ハイルーフ,4800,1900,2000,2000,2,,https://www.repark.jp/parking_user/time/result/detail/?park=REP0019899&st=4&pref=13
貫井４丁目第４,repark-rep0028652,東京都練馬区貫井４丁目２２ー１８,35.741906880192,139.62941304009,self_propelled,6,TRUE,,,hourly,220,25,,ハイルーフ,5000,1900,2000,2000,6,,https://www.repark.jp/parking_user/time/result/detail/?park=REP0028652&st=4&pref=13
小竹町２丁目第７,repark-rep0017439,東京都練馬区小竹町２丁目４６ー１,35.741332729266,139.67450654355,self_propelled,3,TRUE,,,hourly,330,30,,ハイルーフ,5000,1900,2000,2000,3,,https://www.repark.jp/parking_user/time/result/detail/?park=REP0017439&st=4&pref=13
旭丘１丁目第２,repark-rep0025668,東京都練馬区旭丘１丁目４６ー１１,35.73449737214,139.67580952808,self_propelled,5,TRUE,,,hourly,220,30,,ハイルーフ,5000,1900,2000,2000,5,,https://www.repark.jp/parking_user/time/result/detail/?park=REP0025668&st=4&pref=13
練馬春日町２丁目第２,repark-rep0021696,東京都練馬区春日町２丁目９ー８,35.754394694883,139.64437788925,self_propelled,4,TRUE,,,hourly,250,30,,ハイルーフ,5000,1900,2000,2000,4,,https://www.repark.jp/parking_user/time/result/detail/?park=REP0021696&st=4&pref=13
練馬春日町４丁目第２,repark-rep0025901,東京都練馬区春日町４丁目２５ー４０,35.75468909444,139.64363627028,self_propelled,6,TRUE,,,hourly,250,30,,ハイルーフ,5000,1900,2000,2000,6,,https://www.repark.jp/parking_user/time/result/detail/?park=REP0025901&st=4&pref=13
小竹町２丁目第１１,repark-rep0024959,東京都練馬区小竹町２丁目４０ー７,35.743635269328,139.67498417586,self_propelled,6,TRUE,,,hourly,250,20,,ハイルーフ,5000,1900,2000,2000,6,,https://www.repark.jp/parking_user/time/result/detail/?park=REP0024959&st=4&pref=13
貫井４丁目第２,repark-rep0020431,東京都練馬区貫井４丁目２４ー１７,35.742595668204,139.62784924924,self_propelled,2,TRUE,,,hourly,220,25,,ハイルーフ,5000,1900,2000,2000,2,,https://www.repark.jp/parking_user/time/result/detail/?park=REP0020431&st=4&pref=13
早宮２丁目第２,repark-rep0014142,東京都練馬区早宮２丁目１６ー６,35.756200246943,139.65526578988,self_propelled,3,TRUE,,,hourly,110,30,,ハイルーフ,5000,1900,2000,2000,3,,https://www.repark.jp/parking_user/time/result/detail/?park=REP0014142&st=4&pref=13
小竹町２丁目第５,repark-rep0010661,東京都練馬区小竹町２丁目４１ー１４,35.743446409844,139.67551747326,self_propelled,5,TRUE,,,hourly,250,20,,ハイルーフ,5000,1900,2000,2000,5,,https://www.repark.jp/parking_user/time/result/detail/?park=REP0010661&st=4&pref=13
早宮２丁目,repark-rep0013980,東京都練馬区早宮２丁目１６ー８,35.756300230669,139.6549463678,self_propelled,3,TRUE,,,hourly,110,30,,ハイルーフ,5000,1900,2000,2000,3,,https://www.repark.jp/parking_user/time/result/detail/?park=REP0013980&st=4&pref=13
小竹町２丁目第１０,repark-rep0020591,東京都練馬区小竹町２丁目３０ー１２,35.744090802482,139.67652291609,self_propelled,3,TRUE,,,hourly,220,40,,ハイルーフ,5000,1900,2000,2000,3,,https://www.repark.jp/parking_user/time/result/detail/?park=REP0020591&st=4&pref=13
練馬高松４丁目第２,repark-rep0021861,東京都練馬区高松４丁目１ー５,35.751111503729,139.63245125292,self_propelled,9,TRUE,,,hourly,150,15,,ハイルーフ,5000,1900,2000,2000,9,,https://www.repark.jp/parking_user/time/result/detail/?park=REP0021861&st=4&pref=13
練馬富士見台３丁目,repark-rep0020968,東京都練馬区富士見台３丁目３３ー２８,35.738034952164,139.62253323374,self_propelled,8,TRUE,,,hourly,220,30,,ハイルーフ,5000,1900,2000,2000,8,,https://www.repark.jp/parking_user/time/result/detail/?park=REP0020968&st=4&pref=13
田柄５丁目,repark-rep0022888,東京都練馬区田柄５丁目９ー４,35.756355453568,139.63621458791,self_propelled,8,TRUE,,,hourly,220,60,,ハイルーフ,5000,1900,2000,2000,8,,https://www.repark.jp/parking_user/time/result/detail/?park=REP0022888&st=4&pref=13
練馬富士見台２丁目第３,repark-rep0022356,東京都練馬区富士見台２丁目３５ー１０,35.736704504704,139.62060012254,self_propelled,7,TRUE,,,hourly,220,25,,ハイルーフ,5000,1900,2000,2000,7,,https://www.repark.jp/parking_user/time/result/detail/?park=REP0022356&st=4&pref=13
練馬富士見台２丁目第２,repark-rep0011696,東京都練馬区富士見台２丁目３９ー６,35.735749050299,139.62050850715,self_propelled,3,TRUE,,,hourly,220,25,,ハイルーフ,5000,1900,2000,2000,3,,https://www.repark.jp/parking_user/time/result/detail/?park=REP0011696&st=4&pref=13
田柄１丁目第３,repark-rep0019576,東京都練馬区田柄１丁目１８ー７,35.76076353233,139.648652241,self_propelled,10,TRUE,,,hourly,220,25,,ハイルーフ,5000,1900,2000,2000,10,,https://www.repark.jp/parking_user/time/result/detail/?park=REP0019576&st=4&pref=13
練馬高松４丁目,repark-rep0016719,東京都練馬区高松４丁目１５ー２０,35.752402958267,139.62819599085,self_propelled,3,TRUE,,,hourly,250,20,,ハイルーフ,5000,1900,2000,2000,3,,https://www.repark.jp/parking_user/time/result/detail/?park=REP0016719&st=4&pref=13
田柄１丁目第２,repark-rep0012096,東京都練馬区田柄１丁目２６ー１０,35.761643941811,139.64565522636,self_propelled,3,TRUE,,,hourly,220,30,,ハイルーフ,5000,1900,2000,2000,3,,https://www.repark.jp/parking_user/time/result/detail/?park=REP0012096&st=4&pref=13
田柄５丁目第２,repark-rep0023823,東京都練馬区田柄５丁目１７ー２６,35.758069110514,139.63342307384,self_propelled,3,TRUE,,,hourly,220,30,,ハイルーフ,5000,1900,2000,2000,3,,https://www.repark.jp/parking_user/time/result/detail/?park=REP0023823&st=4&pref=13
練馬北町７丁目第２,repark-rep0023323,東京都練馬区北町７丁目１３ー３０,35.762493988578,139.65353786657,self_propelled,7,TRUE,,,hourly,220,25,,ハイルーフ,5000,1900,2000,2000,7,,https://www.repark.jp/parking_user/time/result/detail/?park=REP0023323&st=4&pref=13
練馬北町７丁目,repark-rep0013562,東京都練馬区北町７丁目１４ー３５,35.762780091876,139.65484885552,self_propelled,4,TRUE,,,hourly,220,25,,ハイルーフ,5000,1900,2000,2000,4,,https://www.repark.jp/parking_user/time/result/detail/?park=REP0013562&st=4&pref=13
練馬高野台２丁目第３,repark-rep0020641,東京都練馬区高野台２丁目９ー８,35.746125718221,139.62055524845,self_propelled,11,TRUE,,,hourly,220,25,,ハイルーフ,5000,1900,2000,2000,11,,https://www.repark.jp/parking_user/time/result/detail/?park=REP0020641&st=4&pref=13
練馬高野台２丁目,repark-rep0019649,東京都練馬区高野台２丁目１４ー１９,35.745781290054,139.61935258619,self_propelled,5,TRUE,,,hourly,220,25,,ハイルーフ,5000,1900,2000,2000,5,,https://www.repark.jp/parking_user/time/result/detail/?park=REP0019649&st=4&pref=13
練馬高松５丁目第２,repark-rep0027954,東京都練馬区高松５丁目１ー３,35.751711265841,139.62250482935,self_propelled,6,TRUE,,,hourly,220,30,,ハイルーフ,5000,1900,2000,2000,6,,https://www.repark.jp/parking_user/time/result/detail/?park=REP0027954&st=4&pref=13
ピーコックストア高野台店駐車場,repark-rep0012556,東京都練馬区高野台１丁目７ー１７,35.741553921767,139.61692242667,self_propelled,47,FALSE,,,hourly,200,30,,ハイルーフ,5000,1900,2000,2000,47,,https://www.repark.jp/parking_user/time/result/detail/?park=REP0012556&st=4&pref=13
南田中３丁目,repark-rep0008905,東京都練馬区南田中３丁目２８ー２１,35.737523772027,139.61544495695,self_propelled,5,TRUE,,,hourly,220,30,,ハイルーフ,5000,1900,2000,2000,5,,https://www.repark.jp/parking_user/time/result/detail/?park=REP0008905&st=4&pref=13
光が丘郵便局駐車場,repark-rep0020294,東京都練馬区光が丘２丁目９ー７光が丘郵便局,35.759591116254,139.63036214696,self_propelled,6,TRUE,,,hourly,200,30,,ハイルーフ,5000,1900,2000,2000,6,,https://www.repark.jp/parking_user/time/result/detail/?park=REP0020294&st=4&pref=13
練馬高野台２丁目第２,repark-rep0020885,東京都練馬区高野台２丁目１６ー１０,35.745764590393,139.61738052874,self_propelled,4,TRUE,,,hourly,220,25,,ハイルーフ,5000,1900,2000,2000,4,,https://www.repark.jp/parking_user/time/result/detail/?park=REP0020885&st=4&pref=13
練馬高野台４丁目第２,repark-rep0024047,東京都練馬区高野台４丁目３ー２０,35.746003454087,139.61739440459,self_propelled,3,TRUE,,,hourly,220,25,,ハイルーフ,5000,1900,2000,2000,3,,https://www.repark.jp/parking_user/time/result/detail/?park=REP0024047&st=4&pref=13
練馬高松５丁目,repark-rep0026787,東京都練馬区高松５丁目３ー１５,35.753224985605,139.62208534948,self_propelled,7,TRUE,,,hourly,150,15,,ハイルーフ,5000,1900,2000,2000,7,,https://www.repark.jp/parking_user/time/result/detail/?park=REP0026787&st=4&pref=13
練馬錦１丁目第２,repark-rep0019710,東京都練馬区錦１丁目３９ー１９,35.762116524439,139.66919491665,self_propelled,8,TRUE,,,hourly,200,20,,ハイルーフ,5000,1900,2000,2000,8,,https://www.repark.jp/parking_user/time/result/detail/?park=REP0019710&st=4&pref=13
谷原１丁目,repark-rep0012445,東京都練馬区谷原１丁目１２ー４,35.750478008619,139.61929126402,self_propelled,3,TRUE,,,hourly,250,15,,ハイルーフ,5000,1900,2000,2000,3,,https://www.repark.jp/parking_user/time/result/detail/?park=REP0012445&st=4&pref=13
練馬錦１丁目,repark-rep0012004,東京都練馬区錦１丁目３９ー１９,35.762472044643,139.66932266767,self_propelled,4,TRUE,,,hourly,200,20,,ハイルーフ,5000,1900,2000,2000,4,,https://www.repark.jp/parking_user/time/result/detail/?park=REP0012004&st=4&pref=13
練馬北町５丁目,repark-rep0023368,東京都練馬区北町５丁目１１,35.766407486202,139.65509588998,self_propelled,5,TRUE,,,hourly,110,20,,ハイルーフ,5000,1900,2000,2000,5,,https://www.repark.jp/parking_user/time/result/detail/?park=REP0023368&st=4&pref=13
練馬北町１丁目第８,repark-rep0026416,東京都練馬区北町１丁目１１ー１５,35.764371787931,139.66625894563,self_propelled,5,TRUE,,,hourly,220,30,,ハイルーフ,5000,1900,2000,2000,5,,https://www.repark.jp/parking_user/time/result/detail/?park=REP0026416&st=4&pref=13
石神井町１丁目第２,repark-rep0006553,東京都練馬区石神井町１丁目５番,35.740162338407,139.61318946777,self_propelled,10,TRUE,,,hourly,220,40,,ハイルーフ,5000,1900,2000,2000,10,,https://www.repark.jp/parking_user/time/result/detail/?park=REP0006553&st=4&pref=13
練馬北町１丁目第６,repark-rep0022640,東京都練馬区北町１丁目５ー１３,35.764299616946,139.66879484935,self_propelled,3,TRUE,,,hourly,220,15,,ハイルーフ,5000,1900,2000,2000,3,,https://www.repark.jp/parking_user/time/result/detail/?park=REP0022640&st=4&pref=13
練馬北町２丁目第２,repark-rep0012683,東京都練馬区北町２丁目３０ー４,35.76741576744,139.65830668789,self_propelled,3,TRUE,,,hourly,220,30,,ハイルーフ,5000,1900,2000,2000,3,,https://www.repark.jp/parking_user/time/result/detail/?park=REP0012683&st=4&pref=13
石神井町１丁目第３,repark-rep0020426,東京都練馬区石神井町１丁目１５ー３０,35.741995457122,139.61208947471,self_propelled,11,TRUE,,,hourly,110,30,,ハイルーフ,5000,1900,2000,2000,11,,https://www.repark.jp/parking_user/time/result/detail/?park=REP0020426&st=4&pref=13
練馬北町１丁目第５,repark-rep0018161,東京都練馬区北町１丁目４４ー３３,35.765243961859,139.66884757949,self_propelled,6,TRUE,,,hourly,220,25,,ハイルーフ,5000,1900,2000,2000,6,,https://www.repark.jp/parking_user/time/result/detail/?park=REP0018161&st=4&pref=13
練馬北町１丁目第７,repark-rep0026085,東京都練馬区北町１丁目４４ー３１,35.765418944258,139.66891145512,self_propelled,7,TRUE,,,hourly,220,25,,ハイルーフ,5000,1900,2000,2000,7,,https://www.repark.jp/parking_user/time/result/detail/?park=REP0026085&st=4&pref=13
練馬北町３丁目第３,repark-rep0027520,東京都練馬区北町３丁目２３ー４,35.768812723289,139.65162384557,self_propelled,4,TRUE,,,hourly,220,20,,ハイルーフ,5000,1900,2000,2000,4,,https://www.repark.jp/parking_user/time/result/detail/?park=REP0027520&st=4&pref=13
練馬北町１丁目第３,repark-rep0010939,東京都練馬区北町１丁目３７ー１２,35.7664076997,139.66731987477,self_propelled,7,TRUE,,,hourly,150,20,,ハイルーフ,5000,1900,2000,2000,7,,https://www.repark.jp/parking_user/time/result/detail/?park=REP0010939&st=4&pref=13
田柄２丁目第３,repark-rep0016395,東京都練馬区田柄２丁目３２ー１７,35.768759833877,139.64492162662,self_propelled,4,TRUE,,,hourly,250,15,,ハイルーフ,5000,1900,2000,2000,4,,https://www.repark.jp/parking_user/time/result/detail/?park=REP0016395&st=4&pref=13
田柄２丁目第２,repark-rep0011792,東京都練馬区田柄２丁目５３ー５,35.768859821387,139.64481885255,self_propelled,4,TRUE,,,hourly,250,15,,ハイルーフ,5000,1900,2000,2000,4,,https://www.repark.jp/parking_user/time/result/detail/?park=REP0011792&st=4&pref=13
田柄２丁目,repark-rep0001171,東京都練馬区田柄２丁目５１,35.768923692881,139.64420778936,self_propelled,13,TRUE,,,hourly,250,15,,ハイルーフ,5000,1900,2000,2000,13,,https://www.repark.jp/parking_user/time/result/detail/?park=REP0001171&st=4&pref=13
下石神井１丁目第２,repark-rep0016806,東京都練馬区下石神井１丁目５ー１８,35.730932717301,139.61013736824,self_propelled,4,TRUE,,,hourly,200,30,,ハイルーフ,5000,1900,2000,2000,4,,https://www.repark.jp/parking_user/time/result/detail/?park=REP0016806&st=4&pref=13
練馬北町１丁目第２,repark-rep0006709,東京都練馬区北町１丁目３０－１９,35.767938047881,139.66485056538,self_propelled,3,TRUE,,,hourly,220,15,,ハイルーフ,5000,1900,2000,2000,3,,https://www.repark.jp/parking_user/time/result/detail/?park=REP0006709&st=4&pref=13
下石神井２丁目,repark-rep0011519,東京都練馬区下石神井２丁目１２ー３０,35.731971478553,139.60918462153,self_propelled,4,TRUE,,,hourly,330,60,,ハイルーフ,5000,1900,2000,2000,4,,https://www.repark.jp/parking_user/time/result/detail/?park=REP0011519&st=4&pref=13
練馬旭町１丁目第３,repark-rep0021203,東京都練馬区旭町１丁目２ー２７,35.762249050459,139.62380701297,self_propelled,3,TRUE,,,hourly,250,30,,ハイルーフ,5000,1900,2000,2000,3,,https://www.repark.jp/parking_user/time/result/detail/?park=REP0021203&st=4&pref=13
谷原４丁目,repark-rep0011273,東京都練馬区谷原４丁目３ー２３,35.753066531525,139.61418323504,self_propelled,13,TRUE,,,hourly,200,20,,ハイルーフ,5000,1900,2000,2000,13,,https://www.repark.jp/parking_user/time/result/detail/?park=REP0011273&st=4&pref=13
下石神井３丁目第２,repark-rep0021143,東京都練馬区下石神井３丁目１０ー５,35.734854488821,139.60836233507,self_propelled,4,TRUE,,,hourly,250,25,,ハイルーフ,5000,1900,2000,2000,4,,https://www.repark.jp/parking_user/time/result/detail/?park=REP0021143&st=4&pref=13
石神井町１丁目,repark-rep0006457,東京都練馬区石神井町１丁目２６－５,35.742939732004,139.6081897551,self_propelled,5,TRUE,,,hourly,220,20,,ハイルーフ,5000,1900,2000,2000,5,,https://www.repark.jp/parking_user/time/result/detail/?park=REP0006457&st=4&pref=13
練馬旭町１丁目第２,repark-rep0018742,東京都練馬区旭町１丁目１１ー２４,35.763271139149,139.62237652971,self_propelled,10,TRUE,,,hourly,250,40,,ハイルーフ,5000,1900,2000,2000,10,,https://www.repark.jp/parking_user/time/result/detail/?park=REP0018742&st=4&pref=13
石神井公園駅前第２,repark-rep0007804,東京都練馬区石神井町３丁目２０ー１８,35.743042471215,139.60659821555,self_propelled,7,TRUE,,,hourly,220,12,,ハイルーフ,5000,1900,2000,2000,7,,https://www.repark.jp/parking_user/time/result/detail/?park=REP0007804&st=4&pref=13
練馬高松６丁目第２,repark-rep0020580,東京都練馬区高松６丁目３７ー６,35.761426821605,139.61837972456,self_propelled,5,TRUE,,,hourly,250,40,,ハイルーフ,5000,1900,2000,2000,5,,https://www.repark.jp/parking_user/time/result/detail/?park=REP0020580&st=4&pref=13
練馬旭町１丁目,repark-rep0015507,東京都練馬区旭町１丁目９ー１０,35.763248887478,139.62059890036,self_propelled,5,TRUE,,,hourly,250,30,,ハイルーフ,5000,1900,2000,2000,5,,https://www.repark.jp/parking_user/time/result/detail/?park=REP0015507&st=4&pref=13
練馬旭町１丁目第４,repark-rep0023036,東京都練馬区旭町１丁目２８ー２２,35.765376472743,139.62259308078,self_propelled,4,TRUE,,,hourly,250,40,,ハイルーフ,5000,1900,2000,2000,4,,https://www.repark.jp/parking_user/time/result/detail/?park=REP0023036&st=4&pref=13
練馬志匠会病院駐車場,repark-rep0026524,東京都練馬区土支田１丁目１３ー１８,35.763346082665,139.6196017567,self_propelled,14,TRUE,,,hourly,200,20,,ハイルーフ,5000,1900,2000,2000,14,,https://www.repark.jp/parking_user/time/result/detail/?park=REP0026524&st=4&pref=13
石神井町３丁目第４,repark-rep0022151,東京都練馬区石神井町３丁目１８ー１２,35.742967451682,139.60502057202,self_propelled,1,TRUE,,,hourly,220,15,,ハイルーフ,5000,1900,2000,2000,1,,https://www.repark.jp/parking_user/time/result/detail/?park=REP0022151&st=4&pref=13
石神井町３丁目第５,repark-rep0025315,東京都練馬区石神井町３丁目１７ー２０,35.742439727169,139.60485116639,self_propelled,3,TRUE,,,hourly,220,15,,ハイルーフ,5000,1900,2000,2000,3,,https://www.repark.jp/parking_user/time/result/detail/?park=REP0025315&st=4&pref=13
石神井町６丁目第３,repark-rep0012553,東京都練馬区石神井町６丁目１ー２９,35.740467707075,139.60433463309,self_propelled,5,TRUE,,,hourly,220,20,,ハイルーフ,5000,1900,2000,2000,5,,https://www.repark.jp/parking_user/time/result/detail/?park=REP0012553&st=4&pref=13
石神井町３丁目第３,repark-rep0021070,東京都練馬区石神井町３丁目３０ー３３,35.743445159325,139.6039178646,self_propelled,3,TRUE,,,hourly,220,15,,ハイルーフ,5000,1900,2000,2000,3,,https://www.repark.jp/parking_user/time/result/detail/?park=REP0021070&st=4&pref=13
石神井町６丁目,repark-rep0002592,東京都練馬区石神井町６丁目９－１４,35.742234166016,139.60324019865,self_propelled,3,TRUE,,,hourly,220,20,,ハイルーフ,5000,1900,2000,2000,3,,https://www.repark.jp/parking_user/time/result/detail/?park=REP0002592&st=4&pref=13
土支田２丁目第２,repark-rep0023023,東京都練馬区土支田２丁目９ー４,35.758824203071,139.61157207577,self_propelled,6,TRUE,,,hourly,220,30,,ハイルーフ,5000,1900,2000,2000,6,,https://www.repark.jp/parking_user/time/result/detail/?park=REP0023023&st=4&pref=13
下石神井４丁目第３,repark-rep0016372,東京都練馬区下石神井４丁目２４ー２６,35.726683053617,139.60336868205,self_propelled,5,TRUE,,,hourly,250,25,,ハイルーフ,5000,1900,2000,2000,5,,https://www.repark.jp/parking_user/time/result/detail/?park=REP0016372&st=4&pref=13
石神井町４丁目第２,repark-rep0016326,東京都練馬区石神井町４丁目１２ー２３,35.747108650165,139.60355661491,self_propelled,8,TRUE,,,hourly,330,60,,ハイルーフ,5000,1900,2000,2000,8,,https://www.repark.jp/parking_user/time/result/detail/?park=REP0016326&st=4&pref=13
石神井町４丁目第４,repark-rep0023309,東京都練馬区石神井町４丁目１２ー１３,35.746430935679,139.60304279979,self_propelled,8,TRUE,,,hourly,220,30,,ハイルーフ,5000,1900,2000,2000,8,,https://www.repark.jp/parking_user/time/result/detail/?park=REP0023309&st=4&pref=13
三原台１丁目,repark-rep0001142,東京都練馬区三原台１丁目２７,35.750299993251,139.60461193532,self_propelled,6,TRUE,,,hourly,220,40,,ハイルーフ,5000,1900,2000,2000,6,,https://www.repark.jp/parking_user/time/result/detail/?park=REP0001142&st=4&pref=13
土支田２丁目,repark-rep0013136,東京都練馬区土支田２丁目２７ー１１,35.764059821693,139.61544373515,self_propelled,6,TRUE,,,hourly,220,40,,ハイルーフ,5000,1900,2000,2000,6,,https://www.repark.jp/parking_user/time/result/detail/?park=REP0013136&st=4&pref=13
石神井町４丁目第３,repark-rep0017225,東京都練馬区石神井町４丁目２７ー４２,35.749825016789,139.60305097583,self_propelled,6,TRUE,,,hourly,330,60,,ハイルーフ,5000,1900,2000,2000,6,,https://www.repark.jp/parking_user/time/result/detail/?park=REP0017225&st=4&pref=13
石神井町８丁目第３,repark-rep0020569,東京都練馬区石神井町８丁目９ー８,35.745328240936,139.60105690449,self_propelled,2,TRUE,,,hourly,220,25,,ハイルーフ,5000,1900,2000,2000,2,,https://www.repark.jp/parking_user/time/result/detail/?park=REP0020569&st=4&pref=13
石神井町７丁目,repark-rep0010410,東京都練馬区石神井町７丁目２５ー４９,35.744117238507,139.5998570599,self_propelled,7,TRUE,,,hourly,220,25,,ハイルーフ,5000,1900,2000,2000,7,,https://www.repark.jp/parking_user/time/result/detail/?park=REP0010410&st=4&pref=13
上石神井２丁目,repark-rep0004055,東京都練馬区上石神井２丁目４,35.728402244643,139.59941337538,self_propelled,13,TRUE,,,hourly,250,25,,ハイルーフ,5000,1900,2000,2000,13,,https://www.repark.jp/parking_user/time/result/detail/?park=REP0004055&st=4&pref=13
上石神井３丁目,repark-rep0020228,東京都練馬区上石神井３丁目１１ー６,35.731585209661,139.59778003146,self_propelled,4,TRUE,,,hourly,250,40,,ハイルーフ,5000,1900,2000,2000,4,,https://www.repark.jp/parking_user/time/result/detail/?park=REP0020228&st=4&pref=13
上石神井３丁目第３,repark-rep0028685,東京都練馬区上石神井３丁目１１ー２,35.731982385249,139.59755503186,self_propelled,6,TRUE,,,hourly,250,40,,ハイルーフ,5000,1900,2000,2000,6,,https://www.repark.jp/parking_user/time/result/detail/?park=REP0028685&st=4&pref=13
上石神井３丁目第２,repark-rep0028186,東京都練馬区上石神井３丁目１１ー９,35.731418557042,139.59758283351,self_propelled,4,TRUE,,,hourly,250,40,,ハイルーフ,5000,1900,2000,2000,4,,https://www.repark.jp/parking_user/time/result/detail/?park=REP0028186&st=4&pref=13
石神井町８丁目第４,repark-rep0025800,東京都練馬区石神井町８丁目２１ー２３,35.746766931125,139.59848482886,self_propelled,5,TRUE,,,hourly,220,40,,ハイルーフ,5000,1900,2000,2000,5,,https://www.repark.jp/parking_user/time/result/detail/?park=REP0025800&st=4&pref=13
大泉町２丁目,repark-rep0017615,東京都練馬区大泉町２丁目６１ー１,35.763193118713,139.60801939165,self_propelled,5,TRUE,,,hourly,220,25,,ハイルーフ,5000,1900,2000,2000,5,,https://www.repark.jp/parking_user/time/result/detail/?park=REP0017615&st=4&pref=13
三原台２丁目,repark-rep0011272,東京都練馬区三原台２丁目２０ー１４,35.757588066272,139.60252566199,self_propelled,8,TRUE,,,hourly,200,40,,ハイルーフ,5000,1900,2000,2000,8,,https://www.repark.jp/parking_user/time/result/detail/?park=REP0011272&st=4&pref=13
上石神井２丁目第７,repark-rep0024960,東京都練馬区上石神井２丁目１６ー２０,35.728560501604,139.59597198689,self_propelled,4,TRUE,,,hourly,230,40,,ハイルーフ,5000,1900,2000,2000,4,,https://www.repark.jp/parking_user/time/result/detail/?park=REP0024960&st=4&pref=13
石神井台２丁目第３,repark-rep0014200,東京都練馬区石神井台２丁目８ー４３,35.734112655143,139.59427742797,self_propelled,6,TRUE,,,hourly,250,25,,ハイルーフ,5000,1900,2000,2000,6,,https://www.repark.jp/parking_user/time/result/detail/?park=REP0014200&st=4&pref=13
上石神井２丁目第３,repark-rep0012228,東京都練馬区上石神井２丁目２０ー４,35.728285507924,139.59464988735,self_propelled,5,TRUE,,,hourly,230,40,,ハイルーフ,5000,1900,2000,2000,5,,https://www.repark.jp/parking_user/time/result/detail/?park=REP0012228&st=4&pref=13
大泉町１丁目,repark-rep0014113,東京都練馬区大泉町１丁目２３ー７,35.767367691892,139.60914688378,self_propelled,5,TRUE,,,hourly,220,40,,ハイルーフ,5000,1900,2000,2000,5,,https://www.repark.jp/parking_user/time/result/detail/?park=REP0014113&st=4&pref=13
石神井台２丁目第４,repark-rep0018961,東京都練馬区石神井台２丁目８,35.734284839058,139.5930941853,self_propelled,7,TRUE,,,hourly,250,25,,ハイルーフ,5000,1900,2000,2000,7,,https://www.repark.jp/parking_user/time/result/detail/?park=REP0018961&st=4&pref=13
上石神井２丁目第６,repark-rep0024166,東京都練馬区上石神井２丁目３０ー４,35.727635560948,139.59370555171,self_propelled,11,TRUE,,,hourly,230,40,,ハイルーフ,5000,1900,2000,2000,11,,https://www.repark.jp/parking_user/time/result/detail/?park=REP0024166&st=4&pref=13
上石神井駅北口,repark-rep0028434,東京都練馬区上石神井２丁目２３ー５,35.726424575352,139.59346951607,self_propelled,3,TRUE,,,hourly,220,30,,ハイルーフ,5000,1900,2000,2000,3,,https://www.repark.jp/parking_user/time/result/detail/?park=REP0028434&st=4&pref=13
東大泉５丁目第４,repark-rep0020544,東京都練馬区東大泉５丁目１ー９,35.746322443118,139.5932436186,self_propelled,3,TRUE,,,hourly,220,40,,ハイルーフ,5000,1900,2000,2000,3,,https://www.repark.jp/parking_user/time/result/detail/?park=REP0020544&st=4&pref=13
上石神井２丁目第２,repark-rep0006030,東京都練馬区上石神井２丁目２７－７,35.727110595897,139.59249178768,self_propelled,2,TRUE,,,hourly,250,30,,ハイルーフ,5000,1900,2000,2000,2,,https://www.repark.jp/parking_user/time/result/detail/?park=REP0006030&st=4&pref=13
上石神井２丁目第４,repark-rep0019575,東京都練馬区上石神井２丁目３３ー３,35.727255018676,139.59216125248,self_propelled,3,TRUE,,,hourly,250,30,,ハイルーフ,5000,1900,2000,2000,3,,https://www.repark.jp/parking_user/time/result/detail/?park=REP0019575&st=4&pref=13
関町南１丁目,repark-rep0010659,東京都練馬区関町南１丁目４ー１,35.718792055021,139.59331432441,self_propelled,5,TRUE,,,hourly,250,25,,ハイルーフ,5000,1900,2000,2000,5,,https://www.repark.jp/parking_user/time/result/detail/?park=REP0010659&st=4&pref=13
大泉町６丁目,repark-rep0010953,東京都練馬区大泉町６丁目５ー１４,35.757154661105,139.59574013448,self_propelled,8,TRUE,,,hourly,330,25,,ハイルーフ,5000,1900,2000,2000,8,,https://www.repark.jp/parking_user/time/result/detail/?park=REP0010953&st=4&pref=13
石神井台２丁目第２,repark-rep0010592,東京都練馬区石神井台２丁目１９ー２,35.73584849759,139.58947496888,self_propelled,6,TRUE,,,hourly,250,25,,ハイルーフ,5000,1900,2000,2000,6,,https://www.repark.jp/parking_user/time/result/detail/?park=REP0010592&st=4&pref=13
関町南２丁目,repark-rep0023552,東京都練馬区関町南２丁目１ー５,35.719389185788,139.59174776002,self_propelled,4,TRUE,,,hourly,250,30,,ハイルーフ,5000,1900,2000,2000,4,,https://www.repark.jp/parking_user/time/result/detail/?park=REP0023552&st=4&pref=13
上石神井１丁目第３,repark-rep0023313,東京都練馬区上石神井１丁目３０ー７,35.722727666029,139.58878951897,self_propelled,4,TRUE,,,hourly,250,30,,ハイルーフ,5000,1900,2000,2000,4,,https://www.repark.jp/parking_user/time/result/detail/?park=REP0023313&st=4&pref=13
上石神井１丁目第２,repark-rep0019502,東京都練馬区上石神井１丁目３３ー２,35.723474799023,139.58821175455,self_propelled,4,TRUE,,,hourly,250,30,,ハイルーフ,5000,1900,2000,2000,4,,https://www.repark.jp/parking_user/time/result/detail/?park=REP0019502&st=4&pref=13
東大泉６丁目第５,repark-rep0026548,東京都練馬区東大泉６丁目１ー１,35.74230331584,139.58682211397,self_propelled,6,TRUE,,,hourly,110,15,,ハイルーフ,5000,1900,2000,2000,6,,https://www.repark.jp/parking_user/time/result/detail/?park=REP0026548&st=4&pref=13
東大泉３丁目第１,repark-rep0020255,東京都練馬区東大泉３丁目２６,35.753082770475,139.58977692822,self_propelled,9,TRUE,,,hourly,220,25,,ハイルーフ,5000,1900,2000,2000,9,,https://www.repark.jp/parking_user/time/result/detail/?park=REP0020255&st=4&pref=13
上石神井４丁目第３,repark-rep0014457,東京都練馬区上石神井４丁目１３ー１４,35.728388130679,139.58644778581,self_propelled,3,TRUE,,,hourly,200,60,,ハイルーフ,5000,1900,2000,2000,3,,https://www.repark.jp/parking_user/time/result/detail/?park=REP0014457&st=4&pref=13
上石神井１丁目,repark-rep0008035,東京都練馬区上石神井１丁目３９ー１９,35.725716202574,139.58691175931,self_propelled,4,TRUE,,,hourly,200,25,,ハイルーフ,5000,1900,2000,2000,4,,https://www.repark.jp/parking_user/time/result/detail/?park=REP0008035&st=4&pref=13
大泉町３丁目,repark-rep0013561,東京都練馬区大泉町３丁目２９ー３２,35.766512029954,139.59784230702,self_propelled,5,TRUE,,,hourly,220,25,,ハイルーフ,5000,1900,2000,2000,5,,https://www.repark.jp/parking_user/time/result/detail/?park=REP0013561&st=4&pref=13
上石神井４丁目第４,repark-rep0017808,東京都練馬区上石神井４丁目１２ー９,35.727057711626,139.58608398928,self_propelled,8,TRUE,,,hourly,200,40,,ハイルーフ,5000,1900,2000,2000,8,,https://www.repark.jp/parking_user/time/result/detail/?park=REP0017808&st=4&pref=13
東大泉５丁目第２,repark-rep0014374,東京都練馬区東大泉５丁目２９ー１１,35.747291662837,139.58633859143,self_propelled,14,TRUE,,,hourly,300,30,,ハイルーフ,5000,1900,2000,2000,14,,https://www.repark.jp/parking_user/time/result/detail/?park=REP0014374&st=4&pref=13
東大泉３丁目第３,repark-rep0023025,東京都練馬区東大泉３丁目４２ー２,35.75405484047,139.58702711182,self_propelled,10,TRUE,,,hourly,220,30,,ハイルーフ,5000,1900,2000,2000,10,,https://www.repark.jp/parking_user/time/result/detail/?park=REP0023025&st=4&pref=13
東大泉６丁目第２,repark-rep0016982,東京都練馬区東大泉６丁目４５ー１５,35.747105539822,139.58451097378,self_propelled,5,TRUE,,,hourly,220,30,,ハイルーフ,5000,1900,2000,2000,5,,https://www.repark.jp/parking_user/time/result/detail/?park=REP0016982&st=4&pref=13
大泉学園町４丁目,repark-rep0021716,東京都練馬区大泉学園町４丁目９ー３６,35.766559188787,139.59451480319,self_propelled,7,TRUE,,,hourly,220,30,,ハイルーフ,5000,1900,2000,2000,7,,https://www.repark.jp/parking_user/time/result/detail/?park=REP0021716&st=4&pref=13
東大泉６丁目第３,repark-rep0019141,東京都練馬区東大泉６丁目３１ー２９,35.745500139721,139.5836055679,self_propelled,7,TRUE,,,hourly,220,30,,ハイルーフ,5000,1900,2000,2000,7,,https://www.repark.jp/parking_user/time/result/detail/?park=REP0019141&st=4&pref=13
大泉学園町２丁目,repark-rep0025330,東京都練馬区大泉学園町２丁目２０ー３９,35.758921017203,139.58875730006,self_propelled,4,TRUE,,,hourly,220,40,,ハイルーフ,5000,1900,2000,2000,4,,https://www.repark.jp/parking_user/time/result/detail/?park=REP0025330&st=4&pref=13
北園メディカルモール,repark-rep0022500,東京都練馬区大泉学園町２丁目１２ー２１,35.756743451741,139.58759083021,self_propelled,6,TRUE,,,hourly,100,15,,ハイルーフ,5000,1900,2000,2000,6,,https://www.repark.jp/parking_user/time/result/detail/?park=REP0022500&st=4&pref=13
関町東１丁目第２,repark-rep0023713,東京都練馬区関町東１丁目１１ー５,35.725771686075,139.58310096224,self_propelled,5,TRUE,,,hourly,150,15,,ハイルーフ,5000,1900,2000,2000,5,,https://www.repark.jp/parking_user/time/result/detail/?park=REP0023713&st=4&pref=13
石神井台６丁目,repark-rep0022905,東京都練馬区石神井台６丁目１９ー２,35.737478741352,139.58163943354,self_propelled,16,TRUE,,,hourly,250,30,,ハイルーフ,5000,1900,2000,2000,16,,https://www.repark.jp/parking_user/time/result/detail/?park=REP0022905&st=4&pref=13
大泉学園町１丁目,repark-rep0013889,東京都練馬区大泉学園町１丁目３２ー２６,35.763078918615,139.58950982311,self_propelled,9,TRUE,,,hourly,220,40,,ハイルーフ,5000,1900,2000,2000,9,,https://www.repark.jp/parking_user/time/result/detail/?park=REP0013889&st=4&pref=13
ファミリーマート練馬東大泉四丁目店,repark-rep0024663,東京都練馬区東大泉４丁目９ー１０,35.75088844195,139.5830081474,self_propelled,7,TRUE,,,hourly,200,25,,ハイルーフ,5000,1900,2000,2000,7,,https://www.repark.jp/parking_user/time/result/detail/?park=REP0024663&st=4&pref=13
練馬立野町第５,repark-rep0026702,,35.711837125696,139.58654576279,self_propelled,10,TRUE,,,hourly,220,30,,ハイルーフ,5000,1900,2000,2000,10,,https://www.repark.jp/parking_user/time/result/detail/?park=REP0026702&st=4&pref=13
大泉学園町３丁目,repark-rep0025747,東京都練馬区大泉学園町３丁目１ー１５,35.761815114288,139.58661845543,self_propelled,4,TRUE,,,hourly,220,40,,ハイルーフ,5000,1900,2000,2000,4,,https://www.repark.jp/parking_user/time/result/detail/?park=REP0025747&st=4&pref=13
関町北１丁目第３,repark-rep0011842,東京都練馬区関町北１丁目２０ー１２,35.726624309224,139.57945678162,self_propelled,5,TRUE,,,hourly,250,25,,ハイルーフ,5000,1900,2000,2000,5,,https://www.repark.jp/parking_user/time/result/detail/?park=REP0011842&st=4&pref=13
練馬立野町第３,repark-rep0020568,,35.713161938193,139.58392369655,self_propelled,7,TRUE,,,hourly,300,30,,ハイルーフ,5000,1900,2000,2000,7,,https://www.repark.jp/parking_user/time/result/detail/?park=REP0020568&st=4&pref=13
練馬立野町第２,repark-rep0010249,,35.714350667927,139.58208490652,self_propelled,7,TRUE,,,hourly,200,30,,ハイルーフ,5000,1900,2000,2000,7,,https://www.repark.jp/parking_user/time/result/detail/?park=REP0010249&st=4&pref=13
練馬立野町第４,repark-rep0025354,,35.718689060205,139.5802709684,self_propelled,11,TRUE,,,hourly,250,40,,ハイルーフ,5000,1900,2000,2000,11,,https://www.repark.jp/parking_user/time/result/detail/?park=REP0025354&st=4&pref=13
関町北１丁目第５,repark-rep0013309,東京都練馬区関町北１丁目１５ー１６,35.725232772095,139.57837082488,self_propelled,4,TRUE,,,hourly,250,25,,ハイルーフ,5000,1900,2000,2000,4,,https://www.repark.jp/parking_user/time/result/detail/?park=REP0013309&st=4&pref=13
関町北１丁目,repark-rep0001476,東京都練馬区関町北１丁目２３－８,35.727118663814,139.57736526556,self_propelled,15,TRUE,,,hourly,200,30,,ハイルーフ,5000,1900,2000,2000,15,,https://www.repark.jp/parking_user/time/result/detail/?park=REP0001476&st=4&pref=13
関町北４丁目,repark-rep0024854,東京都練馬区関町北４丁目１５ー１０,35.729262842083,139.57528200684,self_propelled,3,TRUE,,,hourly,250,30,,ハイルーフ,5000,1900,2000,2000,3,,https://www.repark.jp/parking_user/time/result/detail/?park=REP0024854&st=4&pref=13
関町南４丁目,repark-rep0017638,東京都練馬区関町南４丁目７,35.72216082715,139.5754212113,self_propelled,3,TRUE,,,hourly,250,40,,ハイルーフ,5000,1900,2000,2000,3,,https://www.repark.jp/parking_user/time/result/detail/?park=REP0017638&st=4&pref=13
南大泉４丁目第３,repark-rep0021563,東京都練馬区南大泉４丁目２９ー３８,35.743822373826,139.57396755658,self_propelled,4,TRUE,,,hourly,220,25,,ハイルーフ,5000,1900,2000,2000,4,,https://www.repark.jp/parking_user/time/result/detail/?park=REP0021563&st=4&pref=13
南大泉４丁目第４,repark-rep0024765,東京都練馬区南大泉４丁目４４ー１５,35.747255320469,139.57287026763,self_propelled,6,TRUE,,,hourly,220,40,,ハイルーフ,5000,1900,2000,2000,6,,https://www.repark.jp/parking_user/time/result/detail/?park=REP0024765&st=4&pref=13
大泉学園町７丁目,repark-rep0018468,東京都練馬区大泉学園町７丁目１６ー３３,35.774966506555,139.58781775025,self_propelled,9,TRUE,,,hourly,220,30,,ハイルーフ,5000,1900,2000,2000,9,,https://www.repark.jp/parking_user/time/result/detail/?park=REP0018468&st=4&pref=13
関町北３丁目,repark-rep0003699,東京都練馬区関町北３丁目２－２５,35.723202325568,139.57220476347,self_propelled,6,TRUE,,,hourly,250,25,,ハイルーフ,5000,1900,2000,2000,6,,https://www.repark.jp/parking_user/time/result/detail/?park=REP0003699&st=4&pref=13
南大泉４丁目,repark-rep0002823,東京都練馬区南大泉４丁目５０－７,35.748074665187,139.57220361827,self_propelled,10,TRUE,,,hourly,200,60,,ハイルーフ,5000,1900,2000,2000,10,,https://www.repark.jp/parking_user/time/result/detail/?park=REP0002823&st=4&pref=13
南大泉５丁目,repark-rep0025198,東京都練馬区南大泉５丁目３１ー１７,35.749457816893,139.5702370509,self_propelled,7,TRUE,,,hourly,110,30,,ハイルーフ,5000,1900,2000,2000,7,,https://www.repark.jp/parking_user/time/result/detail/?park=REP0025198&st=4&pref=13
西大泉５丁目,repark-rep0026748,東京都練馬区西大泉５丁目３３ー８,35.755501561854,139.56722591168,self_propelled,6,TRUE,,,hourly,110,15,,ハイルーフ,5000,1900,2000,2000,6,,https://www.repark.jp/parking_user/time/result/detail/?park=REP0026748&st=4&pref=13
梅島１丁目第３,repark-rep0028028,東京都足立区梅島１丁目２５ー１,35.772392762162,139.80298055469,self_propelled,4,TRUE,,,hourly,220,30,,ハイルーフ,5000,1900,2000,2000,4,,https://www.repark.jp/parking_user/time/result/detail/?park=REP0028028&st=4&pref=13
足立中央本町２丁目,repark-rep0015104,東京都足立区中央本町２丁目９ー１４,35.771281827044,139.80624700156,self_propelled,3,TRUE,,,hourly,220,30,,ハイルーフ,5000,1900,2000,2000,3,,https://www.repark.jp/parking_user/time/result/detail/?park=REP0015104&st=4&pref=13
梅島１丁目第２,repark-rep0008897,東京都足立区梅島１丁目６ー４,35.771612250446,139.80073633301,self_propelled,2,TRUE,,,hourly,220,30,,ハイルーフ,5000,1900,2000,2000,2,,https://www.repark.jp/parking_user/time/result/detail/?park=REP0008897&st=4&pref=13
梅島１丁目第４,repark-rep0028069,東京都足立区梅島１丁目４ー１０,35.771112312216,139.80121131658,self_propelled,6,TRUE,,,hourly,220,30,,ハイルーフ,5000,1900,2000,2000,6,,https://www.repark.jp/parking_user/time/result/detail/?park=REP0028069&st=4&pref=13
梅島２丁目第４,repark-rep0012932,東京都足立区梅島２丁目２０ー１５,35.776525573156,139.79840296655,self_propelled,4,TRUE,,,hourly,220,30,,ハイルーフ,5000,1900,2000,2000,4,,https://www.repark.jp/parking_user/time/result/detail/?park=REP0012932&st=4&pref=13
足立中央本町２丁目第４,repark-rep0027609,東京都足立区中央本町２丁目１７ー３,35.770909682401,139.80839684016,self_propelled,8,TRUE,,,hourly,220,30,,ハイルーフ,5000,1900,2000,2000,8,,https://www.repark.jp/parking_user/time/result/detail/?park=REP0027609&st=4&pref=13
足立青井１丁目,repark-rep0012388,東京都足立区青井１丁目９ー２,35.775078727972,139.81111586638,self_propelled,5,TRUE,,,hourly,220,30,,ハイルーフ,5000,1900,2000,2000,5,,https://www.repark.jp/parking_user/time/result/detail/?park=REP0012388&st=4&pref=13
足立青井１丁目第３,repark-rep0026259,東京都足立区青井１丁目９ー８,35.775412032162,139.8115074855,self_propelled,11,TRUE,,,hourly,220,30,,ハイルーフ,5000,1900,2000,2000,11,,https://www.repark.jp/parking_user/time/result/detail/?park=REP0026259&st=4&pref=13
足立中央本町２丁目第３,repark-rep0027408,東京都足立区中央本町２丁目１６ー１５,35.77012644974,139.80940234772,self_propelled,8,TRUE,,,hourly,220,60,,ハイルーフ,5000,1900,2000,2000,8,,https://www.repark.jp/parking_user/time/result/detail/?park=REP0027408&st=4&pref=13
足立青井６丁目,repark-rep0027337,東京都足立区青井６丁目１６ー１６,35.77734238654,139.81178515156,self_propelled,8,TRUE,,,hourly,110,15,,ハイルーフ,5000,1900,2000,2000,8,,https://www.repark.jp/parking_user/time/result/detail/?park=REP0027337&st=4&pref=13
足立梅田６丁目第４,repark-rep0025969,東京都足立区梅田６丁目５ー５,35.768940263934,139.79785613924,self_propelled,3,TRUE,,,hourly,250,30,,ハイルーフ,5000,1900,2000,2000,3,,https://www.repark.jp/parking_user/time/result/detail/?park=REP0025969&st=4&pref=13
足立中央本町２丁目第２,repark-rep0026070,東京都足立区中央本町２丁目２２ー２２,35.768057229395,139.80953576592,self_propelled,2,TRUE,,,hourly,200,30,,ハイルーフ,5000,1900,2000,2000,2,,https://www.repark.jp/parking_user/time/result/detail/?park=REP0026070&st=4&pref=13
足立梅田５丁目第３,repark-rep0024651,東京都足立区梅田５丁目２６ー７,35.771651032443,139.79484793125,self_propelled,10,TRUE,,,hourly,200,30,,ハイルーフ,5000,1900,2000,2000,10,,https://www.repark.jp/parking_user/time/result/detail/?park=REP0024651&st=4&pref=13
足立梅田２丁目第２,repark-rep0014794,東京都足立区梅田２丁目５ー１８,35.766571170999,139.80344745098,self_propelled,4,TRUE,,,hourly,220,30,,ハイルーフ,5000,1900,2000,2000,4,,https://www.repark.jp/parking_user/time/result/detail/?park=REP0014794&st=4&pref=13
梅島３丁目第２,repark-rep0005732,東京都足立区梅島３丁目３５,35.777661478482,139.79358387046,self_propelled,3,TRUE,,,hourly,220,30,,ハイルーフ,5000,1900,2000,2000,3,,https://www.repark.jp/parking_user/time/result/detail/?park=REP0005732&st=4&pref=13
足立梅田５丁目,repark-rep0007372,東京都足立区梅田５丁目２３,35.770945547372,139.79453132303,self_propelled,3,TRUE,,,hourly,220,25,,ハイルーフ,5000,1900,2000,2000,3,,https://www.repark.jp/parking_user/time/result/detail/?park=REP0007372&st=4&pref=13
足立梅田６丁目第２,repark-rep0013559,東京都足立区梅田６丁目２７ー１９,35.767584854104,139.79786731172,self_propelled,3,TRUE,,,hourly,220,25,,ハイルーフ,5000,1900,2000,2000,3,,https://www.repark.jp/parking_user/time/result/detail/?park=REP0013559&st=4&pref=13
足立梅田６丁目第３,repark-rep0019624,東京都足立区梅田６丁目２７ー２０,35.767498752653,139.79788675907,self_propelled,3,TRUE,,,hourly,220,25,,ハイルーフ,5000,1900,2000,2000,3,,https://www.repark.jp/parking_user/time/result/detail/?park=REP0019624&st=4&pref=13
足立梅田５丁目第２,repark-rep0010028,東京都足立区梅田５丁目２３ー４,35.770914986199,139.79404803157,self_propelled,2,TRUE,,,hourly,220,25,,ハイルーフ,5000,1900,2000,2000,2,,https://www.repark.jp/parking_user/time/result/detail/?park=REP0010028&st=4&pref=13
足立青井５丁目,repark-rep0013967,東京都足立区青井５丁目６ー３２,35.777461891987,139.81603479313,self_propelled,7,TRUE,,,hourly,150,25,,ハイルーフ,5000,1900,2000,2000,7,,https://www.repark.jp/parking_user/time/result/detail/?park=REP0013967&st=4&pref=13
足立一ツ家２丁目,repark-rep0022899,東京都足立区一ツ家２丁目１３ー１６,35.783297297831,139.81134046928,self_propelled,8,TRUE,,,hourly,220,30,,ハイルーフ,5000,1900,2000,2000,8,,https://www.repark.jp/parking_user/time/result/detail/?park=REP0022899&st=4&pref=13
足立４丁目第２,repark-rep0008373,東京都足立区足立４丁目７ー１１,35.765485191342,139.80431687278,self_propelled,5,TRUE,,,hourly,220,30,,ハイルーフ,5000,1900,2000,2000,5,,https://www.repark.jp/parking_user/time/result/detail/?park=REP0008373&st=4&pref=13
足立梅田２丁目第３,repark-rep0026347,東京都足立区梅田２丁目１８ー１６,35.76510741644,139.80218095656,self_propelled,7,TRUE,,,hourly,220,30,,ハイルーフ,5000,1900,2000,2000,7,,https://www.repark.jp/parking_user/time/result/detail/?park=REP0026347&st=4&pref=13
足立４丁目第３,repark-rep0012078,東京都足立区足立４丁目２３ー１４,35.764751947172,139.80496963033,self_propelled,4,TRUE,,,hourly,220,30,,ハイルーフ,5000,1900,2000,2000,4,,https://www.repark.jp/parking_user/time/result/detail/?park=REP0012078&st=4&pref=13
足立１丁目第６,repark-rep0025900,東京都足立区足立１丁目１１ー９,35.764465852073,139.8041280464,self_propelled,2,TRUE,,,hourly,220,20,,ハイルーフ,5000,1900,2000,2000,2,,https://www.repark.jp/parking_user/time/result/detail/?park=REP0025900&st=4&pref=13
足立一ツ家２丁目第２,repark-rep0026629,東京都足立区一ツ家２丁目１１ー１４,35.782819618568,139.81406804276,self_propelled,5,TRUE,,,hourly,220,30,,ハイルーフ,5000,1900,2000,2000,5,,https://www.repark.jp/parking_user/time/result/detail/?park=REP0026629&st=4&pref=13
足立梅田１丁目,repark-rep0013981,東京都足立区梅田１丁目１０ー５,35.764474169464,139.80322812075,self_propelled,7,TRUE,,,hourly,220,30,,ハイルーフ,5000,1900,2000,2000,7,,https://www.repark.jp/parking_user/time/result/detail/?park=REP0013981&st=4&pref=13
西新井栄町１丁目第４,repark-rep0015583,東京都足立区西新井栄町１丁目１３ー１,35.774697859832,139.79085645544,self_propelled,3,TRUE,,,hourly,250,30,,ハイルーフ,5000,1900,2000,2000,3,,https://www.repark.jp/parking_user/time/result/detail/?park=REP0015583&st=4&pref=13
足立１丁目,repark-rep0010677,東京都足立区足立１丁目３８ー１１,35.763499354172,139.80783333918,self_propelled,6,TRUE,,,hourly,220,30,,ハイルーフ,5000,1900,2000,2000,6,,https://www.repark.jp/parking_user/time/result/detail/?park=REP0010677&st=4&pref=13
足立梅田３丁目第２,repark-rep0028295,東京都足立区梅田３丁目１６ー７,35.764415738277,139.79730639324,self_propelled,3,TRUE,,,hourly,220,30,,ハイルーフ,5000,1900,2000,2000,3,,https://www.repark.jp/parking_user/time/result/detail/?park=REP0028295&st=4&pref=13
足立１丁目第３,repark-rep0018043,東京都足立区足立１丁目７ー７,35.762713276474,139.80498361204,self_propelled,5,TRUE,,,hourly,220,30,,ハイルーフ,5000,1900,2000,2000,5,,https://www.repark.jp/parking_user/time/result/detail/?park=REP0018043&st=4&pref=13
足立１丁目第４,repark-rep0018044,東京都足立区足立１丁目７ー７,35.762546627232,139.80492251379,self_propelled,5,TRUE,,,hourly,220,30,,ハイルーフ,5000,1900,2000,2000,5,,https://www.repark.jp/parking_user/time/result/detail/?park=REP0018044&st=4&pref=13
六月２丁目,repark-rep0007712,東京都足立区六月２丁目２０,35.786888339087,139.79756367108,self_propelled,4,TRUE,,,hourly,220,30,,普通車,5000,1900,0,2000,4,,https://www.repark.jp/parking_user/time/result/detail/?park=REP0007712&st=4&pref=13
足立３丁目,repark-rep0011250,東京都足立区足立３丁目２７,35.76391326621,139.81174410633,self_propelled,5,TRUE,,,hourly,220,30,,ハイルーフ,5000,1900,2000,2000,5,,https://www.repark.jp/parking_user/time/result/detail/?park=REP0011250&st=4&pref=13
足立梅田３丁目,repark-rep0025710,東京都足立区梅田３丁目９ー１５,35.763579716069,139.79727032373,self_propelled,7,TRUE,,,hourly,220,30,,ハイルーフ,5000,1900,2000,2000,7,,https://www.repark.jp/parking_user/time/result/detail/?park=REP0025710&st=4&pref=13
西新井栄町２丁目第２,repark-rep0021997,東京都足立区西新井栄町２丁目８ー４,35.77761139355,139.78841485805,self_propelled,8,TRUE,,,hourly,220,30,,ハイルーフ,5000,1900,2000,2000,8,,https://www.repark.jp/parking_user/time/result/detail/?park=REP0021997&st=4&pref=13
足立３丁目第２,repark-rep0025941,東京都足立区足立３丁目２７ー１３,35.763613308919,139.81235240263,self_propelled,10,TRUE,,,hourly,220,30,,ハイルーフ,5000,1900,2000,2000,10,,https://www.repark.jp/parking_user/time/result/detail/?park=REP0025941&st=4&pref=13
足立青井３丁目,repark-rep0024625,東京都足立区青井３丁目３２ー８,35.772551403689,139.8216151108,self_propelled,7,TRUE,,,hourly,220,40,,ハイルーフ,5000,1900,2000,2000,7,,https://www.repark.jp/parking_user/time/result/detail/?park=REP0024625&st=4&pref=13
関原３丁目第３,repark-rep0012933,東京都足立区関原３丁目３１ー２,35.772184173475,139.78706522004,self_propelled,3,TRUE,,,hourly,250,60,,ハイルーフ,5000,1900,2000,2000,3,,https://www.repark.jp/parking_user/time/result/detail/?park=REP0012933&st=4&pref=13
足立梅田４丁目第３,repark-rep0025200,東京都足立区梅田４丁目１８ー１０,35.763304690614,139.79412893028,self_propelled,5,TRUE,,,hourly,220,30,,ハイルーフ,5000,1900,2000,2000,5,,https://www.repark.jp/parking_user/time/result/detail/?park=REP0025200&st=4&pref=13
足立梅田４丁目第４,repark-rep0029036,東京都足立区梅田４丁目３３‐１６,35.764143461613,139.79250958214,self_propelled,7,TRUE,,,hourly,220,30,,ハイルーフ,5000,1900,2000,2000,7,,https://www.repark.jp/parking_user/time/result/detail/?park=REP0029036&st=4&pref=13
足立梅田４丁目第２,repark-rep0011556,東京都足立区梅田４丁目３１ー１１,35.76371573014,139.79255404215,self_propelled,3,TRUE,,,hourly,220,30,,ハイルーフ,5000,1900,2000,2000,3,,https://www.repark.jp/parking_user/time/result/detail/?park=REP0011556&st=4&pref=13
足立梅田４丁目,repark-rep0009084,東京都足立区梅田４丁目１９－１０,35.763668514403,139.79262348355,self_propelled,4,TRUE,,,hourly,220,30,,ハイルーフ,5000,1900,2000,2000,4,,https://www.repark.jp/parking_user/time/result/detail/?park=REP0009084&st=4&pref=13
西綾瀬２丁目,repark-rep0012906,東京都足立区西綾瀬２丁目２ー２０,35.761649682961,139.81533002376,self_propelled,3,TRUE,,,hourly,220,30,,ハイルーフ,5000,1900,2000,2000,3,,https://www.repark.jp/parking_user/time/result/detail/?park=REP0012906&st=4&pref=13
栗原３丁目第２,repark-rep0018501,東京都足立区栗原３丁目９ー１３,35.778561226797,139.78468456811,self_propelled,4,TRUE,,,hourly,500,60,,ハイルーフ,5000,1900,2000,2000,4,,https://www.repark.jp/parking_user/time/result/detail/?park=REP0018501&st=4&pref=13
西新井栄町３丁目第３,repark-rep0013324,東京都足立区西新井栄町３丁目１０ー２,35.776205910189,139.78390974092,self_propelled,5,TRUE,,,hourly,220,40,,ハイルーフ,5000,1900,2000,2000,5,,https://www.repark.jp/parking_user/time/result/detail/?park=REP0013324&st=4&pref=13
六町駅前,repark-rep0007460,東京都足立区六町４丁目２ー４,35.785886075149,139.8208562268,self_propelled,12,TRUE,,,hourly,220,30,,ハイルーフ,5000,1900,2000,2000,12,,https://www.repark.jp/parking_user/time/result/detail/?park=REP0007460&st=4&pref=13
竹の塚２丁目,repark-rep0022588,東京都足立区竹の塚２丁目１７ー１１,35.791476733522,139.79734681081,self_propelled,6,TRUE,,,hourly,220,30,,ハイルーフ,5000,1900,2000,2000,6,,https://www.repark.jp/parking_user/time/result/detail/?park=REP0022588&st=4&pref=13
西新井栄町３丁目第５,repark-rep0015579,東京都足立区西新井栄町３丁目１０ー７,35.776455871712,139.78323756323,self_propelled,3,TRUE,,,hourly,220,40,,ハイルーフ,5000,1900,2000,2000,3,,https://www.repark.jp/parking_user/time/result/detail/?park=REP0015579&st=4&pref=13
綾瀬７丁目第２,repark-rep0022303,東京都足立区綾瀬７丁目９ー２０,35.773493040465,139.82565084327,self_propelled,5,TRUE,,,hourly,220,20,,ハイルーフ,5000,1900,2000,2000,5,,https://www.repark.jp/parking_user/time/result/detail/?park=REP0022303&st=4&pref=13
綾瀬４丁目第３,repark-rep0012645,東京都足立区綾瀬４丁目３０ー１８,35.76762141259,139.82370960886,self_propelled,7,TRUE,,,hourly,220,30,,ハイルーフ,5000,1900,2000,2000,7,,https://www.repark.jp/parking_user/time/result/detail/?park=REP0012645&st=4&pref=13
西綾瀬１丁目,repark-rep0024721,東京都足立区西綾瀬１丁目２,35.759974855165,139.81493291186,self_propelled,3,TRUE,,,hourly,220,30,,ハイルーフ,5000,1900,2000,2000,3,,https://www.repark.jp/parking_user/time/result/detail/?park=REP0024721&st=4&pref=13
栗原３丁目第３,repark-rep0027083,東京都足立区栗原３丁目２２ー１０,35.780297131048,139.78342070414,self_propelled,6,TRUE,,,hourly,350,60,,ハイルーフ,5000,1900,2000,2000,6,,https://www.repark.jp/parking_user/time/result/detail/?park=REP0027083&st=4&pref=13
西新井栄町３丁目第４,repark-rep0013325,東京都足立区西新井栄町３丁目７ー８,35.776739158741,139.78234040269,self_propelled,15,TRUE,,,hourly,330,60,,ハイルーフ,5000,1900,2000,2000,15,,https://www.repark.jp/parking_user/time/result/detail/?park=REP0013325&st=4&pref=13
西新井栄町３丁目,repark-rep0005145,東京都足立区西新井栄町３丁目１６,35.777422414079,139.78202095276,self_propelled,5,TRUE,,,hourly,600,60,,ハイルーフ,5000,1900,2000,2000,5,,https://www.repark.jp/parking_user/time/result/detail/?park=REP0005145&st=4&pref=13
南花畑１丁目,repark-rep0007534,東京都足立区南花畑１丁目１ー１６,35.787249838073,139.8219894029,self_propelled,17,TRUE,,,hourly,220,30,,ハイルーフ,5000,1900,2000,2000,17,,https://www.repark.jp/parking_user/time/result/detail/?park=REP0007534&st=4&pref=13
綾瀬４丁目,repark-rep0005357,東京都足立区綾瀬４丁目４番１０号,35.762474696018,139.82112950413,self_propelled,3,TRUE,,,hourly,220,30,,ハイルーフ,5000,1900,2000,2000,3,,https://www.repark.jp/parking_user/time/result/detail/?park=REP0005357&st=4&pref=13
綾瀬４丁目第２,repark-rep0011322,東京都足立区綾瀬４丁目１７ー１１,35.765146678552,139.82378193881,self_propelled,4,TRUE,,,hourly,200,20,,ハイルーフ,5000,1900,2000,2000,4,,https://www.repark.jp/parking_user/time/result/detail/?park=REP0011322&st=4&pref=13
千住大川町第４,repark-rep0027506,,35.756852712568,139.80041759411,self_propelled,6,TRUE,,,hourly,220,30,,ハイルーフ,5000,1900,2000,2000,6,,https://www.repark.jp/parking_user/time/result/detail/?park=REP0027506&st=4&pref=13
西新井本町１丁目第２,repark-rep0006312,東京都足立区西新井本町１丁目２－１,35.775242074311,139.78104891189,self_propelled,8,TRUE,,,hourly,250,60,,ハイルーフ,5000,1900,2000,2000,8,,https://www.repark.jp/parking_user/time/result/detail/?park=REP0006312&st=4&pref=13
千住大川町第２,repark-rep0017061,,35.757299824236,139.79678176447,self_propelled,4,TRUE,,,hourly,330,60,,ハイルーフ,5000,1900,2000,2000,4,,https://www.repark.jp/parking_user/time/result/detail/?park=REP0017061&st=4&pref=13
保木間２丁目,repark-rep0011506,東京都足立区保木間２丁目２ー５,35.79439040087,139.80249902676,self_propelled,4,TRUE,,,hourly,220,30,,ハイルーフ,5000,1900,2000,2000,4,,https://www.repark.jp/parking_user/time/result/detail/?park=REP0011506&st=4&pref=13
マックスバリュ竹の塚店駐車場,repark-rep0014758,東京都足立区竹の塚５丁目２ー１４,35.793570934243,139.79618569981,self_propelled,55,TRUE,,,hourly,200,30,,ハイルーフ,5000,1900,2000,2000,55,,https://www.repark.jp/parking_user/time/result/detail/?park=REP0014758&st=4&pref=13
竹の塚１丁目第４,repark-rep0013111,東京都足立区竹の塚１丁目３０ー５,35.79192381261,139.79190279734,self_propelled,9,TRUE,,,hourly,200,30,,ハイルーフ,5000,1900,2000,2000,9,,https://www.repark.jp/parking_user/time/result/detail/?park=REP0013111&st=4&pref=13
千住大川町第３,repark-rep0017558,,35.756305520957,139.79880664209,self_propelled,4,TRUE,,,hourly,220,30,,ハイルーフ,5000,1900,2000,2000,4,,https://www.repark.jp/parking_user/time/result/detail/?park=REP0017558&st=4&pref=13
本木１丁目,repark-rep0009672,東京都足立区本木１丁目１ー４,35.760968722736,139.78801843432,self_propelled,9,TRUE,,,hourly,220,30,,ハイルーフ,5000,1900,2000,2000,9,,https://www.repark.jp/parking_user/time/result/detail/?park=REP0009672&st=4&pref=13
興野１丁目第３,repark-rep0015189,東京都足立区興野１丁目１５ー２７,35.768753887641,139.78152694895,self_propelled,8,TRUE,,,hourly,200,40,,ハイルーフ,5000,1900,2000,2000,8,,https://www.repark.jp/parking_user/time/result/detail/?park=REP0015189&st=4&pref=13
綾瀬７丁目第３,repark-rep0025309,東京都足立区綾瀬７丁目２２ー７,35.774054146708,139.8288144437,self_propelled,10,TRUE,,,hourly,220,30,,ハイルーフ,5000,1900,2000,2000,10,,https://www.repark.jp/parking_user/time/result/detail/?park=REP0025309&st=4&pref=13
竹の塚第三団地,repark-rep0016794,東京都足立区竹の塚６丁目２ー８,35.793215374987,139.79382202348,self_propelled,5,TRUE,,,hourly,220,30,,ハイルーフ,5000,1900,2000,2000,5,,https://www.repark.jp/parking_user/time/result/detail/?park=REP0016794&st=4&pref=13
西新井大師前第３,repark-rep0022147,東京都足立区西新井１丁目６ー７,35.778400048813,139.77986275398,self_propelled,9,TRUE,,,hourly,600,60,,ハイルーフ,5000,1900,2000,2000,9,,https://www.repark.jp/parking_user/time/result/detail/?park=REP0022147&st=4&pref=13
本木２丁目,repark-rep0009813,東京都足立区本木２丁目１３ー４,35.763879450548,139.78390475292,self_propelled,3,TRUE,,,hourly,250,60,,ハイルーフ,5000,1900,2000,2000,3,,https://www.repark.jp/parking_user/time/result/detail/?park=REP0009813&st=4&pref=13
西新井本町４丁目,repark-rep0028287,東京都足立区西新井本町４丁目１２ー１０,35.772559005881,139.77976580899,self_propelled,4,TRUE,,,hourly,220,30,,ハイルーフ,5000,1900,2000,2000,4,,https://www.repark.jp/parking_user/time/result/detail/?park=REP0028287&st=4&pref=13
足立成和信用金庫竹の塚支店,repark-rep0019137,東京都足立区竹の塚５丁目１５ー１,35.794804164397,139.79784939385,self_propelled,12,TRUE,,,hourly,200,30,,ハイルーフ,5000,1900,2000,2000,12,,https://www.repark.jp/parking_user/time/result/detail/?park=REP0019137&st=4&pref=13
二木ゴルフ加平店駐車場,repark-rep0028302,東京都足立区加平１丁目１５ー５,35.777470457367,139.82933368827,self_propelled,24,TRUE,,,hourly,200,30,,ハイルーフ,5000,1900,2000,2000,24,,https://www.repark.jp/parking_user/time/result/detail/?park=REP0028302&st=4&pref=13
カーメスト興野町,repark-rep0026190,東京都足立区西新井本町４丁目１７,35.771734092466,139.77967140982,self_propelled,4,TRUE,,,hourly,220,30,,ハイルーフ,5000,1900,2000,2000,4,,https://www.repark.jp/parking_user/time/result/detail/?park=REP0026190&st=4&pref=13
竹の塚１丁目第７,repark-rep0025396,東京都足立区竹の塚１丁目２８ー３,35.792554282252,139.79081952528,self_propelled,2,TRUE,,,hourly,220,30,,ハイルーフ,5000,1900,2000,2000,2,,https://www.repark.jp/parking_user/time/result/detail/?park=REP0025396&st=4&pref=13
千住大川町,repark-rep0013164,,35.755669447233,139.79704570662,self_propelled,3,TRUE,,,hourly,220,30,,ハイルーフ,5000,1900,2000,2000,3,,https://www.repark.jp/parking_user/time/result/detail/?park=REP0013164&st=4&pref=13
綾瀬３丁目第４,repark-rep0017279,東京都足立区綾瀬３丁目６ー１２,35.763560763189,139.82527077719,self_propelled,8,TRUE,,,hourly,220,20,,ハイルーフ,5000,1900,2000,2000,8,,https://www.repark.jp/parking_user/time/result/detail/?park=REP0017279&st=4&pref=13
千住５丁目第２,repark-rep0016237,東京都足立区千住５丁目５ー２,35.754689108309,139.80347021822,self_propelled,4,TRUE,,,hourly,220,30,,ハイルーフ,5000,1900,2000,2000,4,,https://www.repark.jp/parking_user/time/result/detail/?park=REP0016237&st=4&pref=13
興野１丁目第２,repark-rep0008935,東京都足立区興野１丁目１８ー１２,35.76782619412,139.78068261678,self_propelled,3,TRUE,,,hourly,220,30,,ハイルーフ,5000,1900,2000,2000,3,,https://www.repark.jp/parking_user/time/result/detail/?park=REP0008935&st=4&pref=13
西新井本町１丁目第５,repark-rep0014177,東京都足立区西新井本町１丁目１７ー２７,35.777963967719,139.77890451964,self_propelled,5,TRUE,,,hourly,250,60,,ハイルーフ,5000,1900,2000,2000,5,,https://www.repark.jp/parking_user/time/result/detail/?park=REP0014177&st=4&pref=13
竹の塚１丁目第５,repark-rep0019779,東京都足立区竹の塚１丁目４０ー５,35.793154219926,139.79092504489,self_propelled,5,TRUE,,,hourly,220,30,,ハイルーフ,5000,1900,2000,2000,5,,https://www.repark.jp/parking_user/time/result/detail/?park=REP0019779&st=4&pref=13
綾瀬３丁目,repark-rep0000744,東京都足立区綾瀬３丁目２４,35.76622718566,139.82765656727,self_propelled,15,TRUE,,,hourly,200,30,,ハイルーフ,5000,1900,2000,2000,15,,https://www.repark.jp/parking_user/time/result/detail/?park=REP0000744&st=4&pref=13
西新井大師前第２,repark-rep0021413,東京都足立区西新井１丁目１３ー８,35.77993598398,139.77920162716,self_propelled,5,TRUE,,,hourly,200,30,,ハイルーフ,5000,1900,2000,2000,5,,https://www.repark.jp/parking_user/time/result/detail/?park=REP0021413&st=4&pref=13
西新井大師前,repark-rep0016678,東京都足立区西新井１丁目１４ー１０,35.780397048168,139.77928770978,self_propelled,3,TRUE,,,hourly,600,60,,ハイルーフ,5000,1900,2000,2000,3,,https://www.repark.jp/parking_user/time/result/detail/?park=REP0016678&st=4&pref=13
南花畑２丁目,repark-rep0018296,東京都足立区南花畑２丁目３９ー５,35.79248812457,139.8195726964,self_propelled,5,TRUE,,,hourly,220,40,,ハイルーフ,5000,1900,2000,2000,5,,https://www.repark.jp/parking_user/time/result/detail/?park=REP0018296&st=4&pref=13
西新井本町１丁目第６,repark-rep0026114,東京都足立区西新井本町１丁目１８ー１９,35.777125160094,139.77842682094,self_propelled,6,TRUE,,,hourly,220,30,,ハイルーフ,5000,1900,2000,2000,6,,https://www.repark.jp/parking_user/time/result/detail/?park=REP0026114&st=4&pref=13
西新井本町１丁目第４,repark-rep0012535,東京都足立区西新井本町１丁目１８ー１９,35.77741679362,139.77829626235,self_propelled,4,TRUE,,,hourly,220,30,,ハイルーフ,5000,1900,2000,2000,4,,https://www.repark.jp/parking_user/time/result/detail/?park=REP0012535&st=4&pref=13
千住元町,repark-rep0008971,,35.755730497607,139.79394873901,self_propelled,4,TRUE,,,hourly,330,60,,ハイルーフ,5000,1900,2000,2000,4,,https://www.repark.jp/parking_user/time/result/detail/?park=REP0008971&st=4&pref=13
北綾瀬駅前第３,repark-rep0012511,東京都足立区谷中２丁目５ー２１,35.776864988689,139.83062527489,self_propelled,22,TRUE,,,hourly,200,30,,ハイルーフ,5000,1900,2000,2000,22,,https://www.repark.jp/parking_user/time/result/detail/?park=REP0012511&st=4&pref=13
西新井３丁目,repark-rep0010728,東京都足立区西新井３丁目６ー３,35.786740853069,139.78154556316,self_propelled,8,TRUE,,,hourly,220,30,,ハイルーフ,5000,1900,2000,2000,8,,https://www.repark.jp/parking_user/time/result/detail/?park=REP0010728&st=4&pref=13
綾瀬３丁目第２,repark-rep0004004,東京都足立区綾瀬３丁目１２－９,35.763977429548,139.8278427664,self_propelled,9,TRUE,,,hourly,200,30,,ハイルーフ,5000,1900,2000,2000,9,,https://www.repark.jp/parking_user/time/result/detail/?park=REP0004004&st=4&pref=13
伊興１丁目,repark-rep0028247,東京都足立区伊興１丁目１６ー１６,35.790068318775,139.78404242458,self_propelled,5,TRUE,,,hourly,220,40,,ハイルーフ,5000,1900,2000,2000,5,,https://www.repark.jp/parking_user/time/result/detail/?park=REP0028247&st=4&pref=13
綾瀬３丁目第５,repark-rep0024397,東京都足立区綾瀬３丁目２７ー１,35.764627373759,139.82862878219,self_propelled,16,TRUE,,,hourly,220,30,,ハイルーフ,5000,1900,2000,2000,16,,https://www.repark.jp/parking_user/time/result/detail/?park=REP0024397&st=4&pref=13
西新井本町３丁目,repark-rep0009575,東京都足立区西新井本町３丁目８ー２４,35.776278000616,139.7768186595,self_propelled,5,TRUE,,,hourly,250,40,,ハイルーフ,5000,1900,2000,2000,5,,https://www.repark.jp/parking_user/time/result/detail/?park=REP0009575&st=4&pref=13
足立谷中１丁目第２,repark-rep0026828,東京都足立区谷中１丁目２４ー２,35.773240400929,139.83203088105,self_propelled,9,TRUE,,,hourly,250,30,,ハイルーフ,5000,1900,2000,2000,9,,https://www.repark.jp/parking_user/time/result/detail/?park=REP0026828&st=4&pref=13
千住３丁目,repark-rep0013093,東京都足立区千住３丁目１７,35.752922586478,139.80090662346,self_propelled,3,TRUE,,,hourly,220,20,,ハイルーフ,5000,1900,2000,2000,3,,https://www.repark.jp/parking_user/time/result/detail/?park=REP0013093&st=4&pref=13
千住元町第２,repark-rep0025231,,35.755305500031,139.79148507419,self_propelled,6,TRUE,,,hourly,200,30,,ハイルーフ,5000,1900,2000,2000,6,,https://www.repark.jp/parking_user/time/result/detail/?park=REP0025231&st=4&pref=13
東綾瀬１丁目,repark-rep0011234,東京都足立区東綾瀬１丁目２５ー８,35.76625500105,139.82996748507,self_propelled,2,TRUE,,,hourly,220,30,,ハイルーフ,5000,1900,2000,2000,2,,https://www.repark.jp/parking_user/time/result/detail/?park=REP0011234&st=4&pref=13
西新井５丁目,repark-rep0028445,東京都足立区西新井５丁目１３ー３,35.783385594191,139.77800990029,self_propelled,5,TRUE,,,hourly,200,30,,ハイルーフ,5000,1900,2000,2000,5,,https://www.repark.jp/parking_user/time/result/detail/?park=REP0028445&st=4&pref=13
綾瀬駅前第２,repark-rep0000889,東京都足立区綾瀬２丁目１８－６,35.761019391111,139.8265930064,self_propelled,12,TRUE,,,hourly,200,30,,ハイルーフ,5000,1900,2000,2000,12,,https://www.repark.jp/parking_user/time/result/detail/?park=REP0000889&st=4&pref=13
日の出町団地,repark-rep0016795,,35.75260054035,139.80900318788,self_propelled,6,TRUE,,,hourly,220,30,,ハイルーフ,5000,1900,2000,2000,6,,https://www.repark.jp/parking_user/time/result/detail/?park=REP0016795&st=4&pref=13
千住寿町,repark-rep0028173,,35.752761435127,139.79760968269,self_propelled,2,TRUE,,,hourly,220,30,,ハイルーフ,5000,1900,2000,2000,2,,https://www.repark.jp/parking_user/time/result/detail/?park=REP0028173&st=4&pref=13
千住元町第３,repark-rep0027751,,35.754288947682,139.79182398185,self_propelled,5,TRUE,,,hourly,200,30,,ハイルーフ,5000,1900,2000,2000,5,,https://www.repark.jp/parking_user/time/result/detail/?park=REP0027751&st=4&pref=13
足立谷中１丁目,repark-rep0018303,東京都足立区谷中１丁目２０,35.772834910309,139.83323357784,self_propelled,8,TRUE,,,hourly,250,30,,ハイルーフ,5000,1900,2000,2000,8,,https://www.repark.jp/parking_user/time/result/detail/?park=REP0018303&st=4&pref=13
コーシャハイム北千住,repark-rep0015747,,35.751456181899,139.80695063404,self_propelled,8,TRUE,,,hourly,220,30,,ハイルーフ,5000,1900,2000,2000,8,,https://www.repark.jp/parking_user/time/result/detail/?park=REP0015747&st=4&pref=13
興野２丁目第２,repark-rep0027731,東京都足立区興野２丁目３１ー５３,35.768592693794,139.77579687625,self_propelled,7,TRUE,,,hourly,330,60,,ハイルーフ,5000,1900,2000,2000,7,,https://www.repark.jp/parking_user/time/result/detail/?park=REP0027731&st=4&pref=13
綾瀬２丁目第４,repark-rep0022785,東京都足立区綾瀬２丁目１５ー２,35.759894530786,139.82770129915,self_propelled,3,TRUE,,,hourly,220,30,,ハイルーフ,5000,1900,2000,2000,3,,https://www.repark.jp/parking_user/time/result/detail/?park=REP0022785&st=4&pref=13
綾瀬２丁目第５,repark-rep0026729,東京都足立区綾瀬２丁目１５ー５,35.760275054332,139.82817346542,self_propelled,6,TRUE,,,hourly,220,30,,ハイルーフ,5000,1900,2000,2000,6,,https://www.repark.jp/parking_user/time/result/detail/?park=REP0026729&st=4&pref=13
足立谷中２丁目,repark-rep0028118,東京都足立区谷中２丁目１９ー１４,35.775854057866,139.83474997888,self_propelled,13,TRUE,,,hourly,200,40,,ハイルーフ,5000,1900,2000,2000,13,,https://www.repark.jp/parking_user/time/result/detail/?park=REP0028118&st=4&pref=13
千住中居町第２,repark-rep0013092,,35.751075492231,139.79690981845,self_propelled,2,TRUE,,,hourly,220,20,,ハイルーフ,5000,1900,2000,2000,2,,https://www.repark.jp/parking_user/time/result/detail/?park=REP0013092&st=4&pref=13
綾瀬２丁目第２,repark-rep0020221,東京都足立区綾瀬２丁目７ー７,35.759072399682,139.82787076794,self_propelled,2,TRUE,,,hourly,350,60,,ハイルーフ,5000,1900,2000,2000,2,,https://www.repark.jp/parking_user/time/result/detail/?park=REP0020221&st=4&pref=13
扇１丁目第３,repark-rep0027872,東京都足立区扇１丁目３５ー６,35.764529251118,139.77646645275,self_propelled,6,TRUE,,,hourly,220,30,,ハイルーフ,5000,1900,2000,2000,6,,https://www.repark.jp/parking_user/time/result/detail/?park=REP0027872&st=4&pref=13
千住中居町第３,repark-rep0019901,,35.750800534983,139.79767365667,self_propelled,5,TRUE,,,hourly,220,20,,ハイルーフ,5000,1900,2000,2000,5,,https://www.repark.jp/parking_user/time/result/detail/?park=REP0019901&st=4&pref=13
千住中居町第４,repark-rep0023102,,35.750358924776,139.79822085356,self_propelled,14,TRUE,,,hourly,220,30,,ハイルーフ,5000,1900,2000,2000,14,,https://www.repark.jp/parking_user/time/result/detail/?park=REP0023102&st=4&pref=13
綾瀬２丁目第３,repark-rep0020224,東京都足立区綾瀬２丁目１３ー１７,35.758958541393,139.82893179606,self_propelled,6,TRUE,,,hourly,220,30,,ハイルーフ,5000,1900,2000,2000,6,,https://www.repark.jp/parking_user/time/result/detail/?park=REP0020224&st=4&pref=13
東綾瀬１丁目第２,repark-rep0012085,東京都足立区東綾瀬１丁目１８ー１１,35.764982978276,139.8335839103,self_propelled,5,TRUE,,,hourly,200,30,,ハイルーフ,5000,1900,2000,2000,5,,https://www.repark.jp/parking_user/time/result/detail/?park=REP0012085&st=4&pref=13
伊興３丁目,repark-rep0024693,東京都足立区伊興３丁目２３,35.795117772322,139.7836783333,self_propelled,5,TRUE,,,hourly,220,40,,ハイルーフ,5000,1900,2000,2000,5,,https://www.repark.jp/parking_user/time/result/detail/?park=REP0024693&st=4&pref=13
千住桜木１丁目第２,repark-rep0013095,東京都足立区千住桜木１丁目８ー８,35.750411623443,139.79400175753,self_propelled,4,TRUE,,,hourly,220,30,,ハイルーフ,5000,1900,2000,2000,4,,https://www.repark.jp/parking_user/time/result/detail/?park=REP0013095&st=4&pref=13
足立中居郵便局駐車場,repark-rep0025150,,35.749197951443,139.79899306489,self_propelled,4,TRUE,,,hourly,400,30,,ハイルーフ,5000,1900,2000,2000,4,,https://www.repark.jp/parking_user/time/result/detail/?park=REP0025150&st=4&pref=13
千住龍田町,repark-rep0011435,,35.74982837662,139.79542111051,self_propelled,15,TRUE,,,hourly,220,30,,ハイルーフ,5000,1900,2000,2000,15,,https://www.repark.jp/parking_user/time/result/detail/?park=REP0011435&st=4&pref=13
東和３丁目第２,repark-rep0014045,東京都足立区東和３丁目５ー８,35.771407348074,139.83684445469,self_propelled,7,TRUE,,,hourly,200,40,,ハイルーフ,5000,1900,2000,2000,7,,https://www.repark.jp/parking_user/time/result/detail/?park=REP0014045&st=4&pref=13
千住桜木１丁目第４,repark-rep0023005,東京都足立区千住桜木１丁目８ー３,35.750311616286,139.79297962402,self_propelled,8,TRUE,,,hourly,220,30,,ハイルーフ,5000,1900,2000,2000,8,,https://www.repark.jp/parking_user/time/result/detail/?park=REP0023005&st=4&pref=13
千住１丁目,repark-rep0006747,東京都足立区千住１丁目１８,35.748678613516,139.80194284383,self_propelled,8,TRUE,,,hourly,330,30,,ハイルーフ,5000,1900,2000,2000,8,,https://www.repark.jp/parking_user/time/result/detail/?park=REP0006747&st=4&pref=13
足立柳原２丁目,repark-rep0010546,東京都足立区柳原２丁目７ー４,35.749039849524,139.81131149413,self_propelled,5,TRUE,,,hourly,220,30,,ハイルーフ,5000,1900,2000,2000,5,,https://www.repark.jp/parking_user/time/result/detail/?park=REP0010546&st=4&pref=13
扇３丁目,repark-rep0026731,東京都足立区扇３丁目１８ー２６,35.773489307627,139.77096371916,self_propelled,4,TRUE,,,hourly,250,60,,ハイルーフ,5000,1900,2000,2000,4,,https://www.repark.jp/parking_user/time/result/detail/?park=REP0026731&st=4&pref=13
千住１丁目第６,repark-rep0028837,東京都足立区千住１丁目２９‐８,35.748059251047,139.80281779968,self_propelled,8,TRUE,,,hourly,330,30,,ハイルーフ,5000,1900,2000,2000,8,,https://www.repark.jp/parking_user/time/result/detail/?park=REP0028837&st=4&pref=13
扇１丁目,repark-rep0018520,東京都足立区扇１丁目２４ー１８,35.763137688569,139.77392506088,self_propelled,5,TRUE,,,hourly,220,40,,ハイルーフ,5000,1900,2000,2000,5,,https://www.repark.jp/parking_user/time/result/detail/?park=REP0018520&st=4&pref=13
千住１丁目第４,repark-rep0019416,東京都足立区千住１丁目９,35.747911986045,139.79945419681,self_propelled,8,TRUE,,,hourly,220,30,,ハイルーフ,5000,1900,2000,2000,8,,https://www.repark.jp/parking_user/time/result/detail/?park=REP0019416&st=4&pref=13
千住旭町第２,repark-rep0007856,,35.747567676119,139.80507874555,self_propelled,3,TRUE,,,hourly,220,20,,ハイルーフ,5000,1900,2000,2000,3,,https://www.repark.jp/parking_user/time/result/detail/?park=REP0007856&st=4&pref=13
江北５丁目第２,repark-rep0017251,東京都足立区江北５丁目１ー１,35.7755696268,139.77014424643,self_propelled,6,TRUE,,,hourly,200,30,,ハイルーフ,5000,1900,2000,2000,6,,https://www.repark.jp/parking_user/time/result/detail/?park=REP0017251&st=4&pref=13
千住１丁目第３,repark-rep0011380,東京都足立区千住１丁目２６ー１４,35.747539848213,139.80205122126,self_propelled,4,TRUE,,,hourly,220,20,,ハイルーフ,5000,1900,2000,2000,4,,https://www.repark.jp/parking_user/time/result/detail/?park=REP0011380&st=4&pref=13
千住１丁目第５,repark-rep0028778,東京都足立区千住１丁目２４‐１０,35.747495407705,139.80197900631,self_propelled,3,TRUE,,,hourly,220,20,,ハイルーフ,5000,1900,2000,2000,3,,https://www.repark.jp/parking_user/time/result/detail/?park=REP0028778&st=4&pref=13
千住旭町,repark-rep0006386,,35.74731215466,139.80543428379,self_propelled,3,TRUE,,,hourly,350,30,,ハイルーフ,5000,1900,2000,2000,3,,https://www.repark.jp/parking_user/time/result/detail/?park=REP0006386&st=4&pref=13
伊興４丁目,repark-rep0009407,東京都足立区伊興４丁目２０ー２,35.795512110975,139.78006194948,self_propelled,8,TRUE,,,hourly,300,60,,ハイルーフ,5000,1900,2000,2000,8,,https://www.repark.jp/parking_user/time/result/detail/?park=REP0009407&st=4&pref=13
江北４丁目第３,repark-rep0027505,東京都足立区江北４丁目２ー１２,35.772747697662,139.76963053003,self_propelled,6,TRUE,,,hourly,220,30,,ハイルーフ,5000,1900,2000,2000,6,,https://www.repark.jp/parking_user/time/result/detail/?park=REP0027505&st=4&pref=13
江北５丁目,repark-rep0012779,東京都足立区江北５丁目３ー５,35.775561280303,139.76937764448,self_propelled,6,TRUE,,,hourly,250,60,,ハイルーフ,5000,1900,2000,2000,6,,https://www.repark.jp/parking_user/time/result/detail/?park=REP0012779&st=4&pref=13
江北１丁目,repark-rep0022739,東京都足立区江北１丁目３３ー７,35.771914450799,139.76951668985,self_propelled,8,TRUE,,,hourly,300,60,,ハイルーフ,5000,1900,2000,2000,8,,https://www.repark.jp/parking_user/time/result/detail/?park=REP0022739&st=4&pref=13
伊興５丁目,repark-rep0020729,東京都足立区伊興５丁目１ー１４,35.799025703238,139.78458918971,self_propelled,9,TRUE,,,hourly,250,60,,ハイルーフ,5000,1900,2000,2000,9,,https://www.repark.jp/parking_user/time/result/detail/?park=REP0020729&st=4&pref=13
千住緑町３丁目,repark-rep0008983,東京都足立区千住緑町３丁目２ー２１,35.747673035372,139.79446017856,self_propelled,3,TRUE,,,hourly,220,30,,ハイルーフ,5000,1900,2000,2000,3,,https://www.repark.jp/parking_user/time/result/detail/?park=REP0008983&st=4&pref=13
千住東１丁目第２,repark-rep0023237,東京都足立区千住東１丁目２２ー６,35.746498332476,139.80427608445,self_propelled,3,TRUE,,,hourly,250,20,,ハイルーフ,5000,1900,2000,2000,3,,https://www.repark.jp/parking_user/time/result/detail/?park=REP0023237&st=4&pref=13
谷在家１丁目,repark-rep0006450,東京都足立区谷在家１丁目１２,35.786037972923,139.77139366063,self_propelled,6,TRUE,,,hourly,330,60,,ハイルーフ,5000,1900,2000,2000,6,,https://www.repark.jp/parking_user/time/result/detail/?park=REP0006450&st=4&pref=13
千住東２丁目第３,repark-rep0025982,東京都足立区千住東２丁目５ー１０,35.746528938347,139.80737582561,self_propelled,5,TRUE,,,hourly,200,25,,ハイルーフ,5000,1900,2000,2000,5,,https://www.repark.jp/parking_user/time/result/detail/?park=REP0025982&st=4&pref=13
千住東２丁目第２,repark-rep0025310,東京都足立区千住東２丁目１４ー３,35.74631229581,139.8073925002,self_propelled,10,TRUE,,,hourly,200,25,,ハイルーフ,5000,1900,2000,2000,10,,https://www.repark.jp/parking_user/time/result/detail/?park=REP0025310&st=4&pref=13
千住東町住宅駐車場,repark-rep0020538,東京都足立区千住東２丁目２１ー７,35.746501201331,139.80949509488,self_propelled,8,TRUE,,,hourly,220,30,,ハイルーフ,5000,1900,2000,2000,8,,https://www.repark.jp/parking_user/time/result/detail/?park=REP0020538&st=4&pref=13
扇１丁目第２,repark-rep0019183,東京都足立区扇１丁目２２ー１１,35.763040438061,139.77169747236,self_propelled,4,TRUE,,,hourly,220,40,,ハイルーフ,5000,1900,2000,2000,4,,https://www.repark.jp/parking_user/time/result/detail/?park=REP0019183&st=4&pref=13
千住緑町３丁目第２,repark-rep0019231,東京都足立区千住緑町３丁目５ー２０,35.74734250313,139.79379635991,self_propelled,8,TRUE,,,hourly,220,30,,ハイルーフ,5000,1900,2000,2000,8,,https://www.repark.jp/parking_user/time/result/detail/?park=REP0019231&st=4&pref=13
江北４丁目第２,repark-rep0027244,東京都足立区江北４丁目５ー３１,35.772233836117,139.76805568448,self_propelled,7,TRUE,,,hourly,250,60,,ハイルーフ,5000,1900,2000,2000,7,,https://www.repark.jp/parking_user/time/result/detail/?park=REP0027244&st=4&pref=13
千住仲町,repark-rep0006598,,35.74552892756,139.80063476449,self_propelled,1,TRUE,,,hourly,440,60,,ハイルーフ,5000,1900,2000,2000,1,,https://www.repark.jp/parking_user/time/result/detail/?park=REP0006598&st=4&pref=13
千住東２丁目,repark-rep0017690,東京都足立区千住東２丁目１２ー１,35.745442936084,139.8069509109,self_propelled,3,TRUE,,,hourly,220,30,,ハイルーフ,5000,1900,2000,2000,3,,https://www.repark.jp/parking_user/time/result/detail/?park=REP0017690&st=4&pref=13
千住緑町３丁目第４,repark-rep0026659,東京都足立区千住緑町３丁目１５ー２４,35.746850855126,139.79181599201,self_propelled,4,TRUE,,,hourly,220,30,,ハイルーフ,5000,1900,2000,2000,4,,https://www.repark.jp/parking_user/time/result/detail/?park=REP0026659&st=4&pref=13
扇２丁目第２,repark-rep0016065,東京都足立区扇２丁目２８,35.765251267079,139.76909203194,self_propelled,6,TRUE,,,hourly,600,1440,,ハイルーフ,5000,1900,2000,2000,6,,https://www.repark.jp/parking_user/time/result/detail/?park=REP0016065&st=4&pref=13
谷在家駅前,repark-rep0028068,東京都足立区谷在家３丁目１９ー６,35.787943298977,139.76989647524,self_propelled,12,TRUE,,,hourly,220,30,,ハイルーフ,5000,1900,2000,2000,12,,https://www.repark.jp/parking_user/time/result/detail/?park=REP0028068&st=4&pref=13
扇２丁目第３,repark-rep0028732,東京都足立区扇２丁目３‐１,35.761104514287,139.77056154484,self_propelled,8,TRUE,,,hourly,220,40,,ハイルーフ,5000,1900,2000,2000,8,,https://www.repark.jp/parking_user/time/result/detail/?park=REP0028732&st=4&pref=13
東和２丁目,repark-rep0017627,東京都足立区東和２丁目１ー１２,35.766674594556,139.84103876829,self_propelled,6,TRUE,,,hourly,220,30,,ハイルーフ,5000,1900,2000,2000,6,,https://www.repark.jp/parking_user/time/result/detail/?park=REP0017627&st=4&pref=13
扇２丁目,repark-rep0009789,東京都足立区扇２丁目１ー３,35.760696227093,139.77068377549,self_propelled,6,TRUE,,,hourly,220,40,,ハイルーフ,5000,1900,2000,2000,6,,https://www.repark.jp/parking_user/time/result/detail/?park=REP0009789&st=4&pref=13
千住緑町２丁目,repark-rep0008526,東京都足立区千住緑町２丁目１６ー３,35.745667663498,139.79272152629,self_propelled,6,TRUE,,,hourly,220,20,,ハイルーフ,5000,1900,2000,2000,6,,https://www.repark.jp/parking_user/time/result/detail/?park=REP0008526&st=4&pref=13
東和４丁目第３,repark-rep0026573,東京都足立区東和４丁目２４ー１３,35.775526464191,139.84329650719,self_propelled,3,TRUE,,,hourly,200,30,,ハイルーフ,5000,1900,2000,2000,3,,https://www.repark.jp/parking_user/time/result/detail/?park=REP0026573&st=4&pref=13
江北５丁目第３,repark-rep0019910,東京都足立区江北５丁目１３ー４,35.77742490316,139.76555287631,self_propelled,4,TRUE,,,hourly,220,60,,ハイルーフ,5000,1900,2000,2000,4,,https://www.repark.jp/parking_user/time/result/detail/?park=REP0019910&st=4&pref=13
千住河原町第４,repark-rep0026143,,35.744073466914,139.79712401208,self_propelled,2,TRUE,,,hourly,220,20,,ハイルーフ,5000,1900,2000,2000,2,,https://www.repark.jp/parking_user/time/result/detail/?park=REP0026143&st=4&pref=13
江北７丁目第２,repark-rep0026115,東京都足立区江北７丁目１４ー２,35.781135602849,139.76472777396,self_propelled,7,TRUE,,,hourly,200,30,,ハイルーフ,5000,1900,2000,2000,7,,https://www.repark.jp/parking_user/time/result/detail/?park=REP0026115&st=4&pref=13
千住河原町,repark-rep0000609,,35.742245949399,139.80084600912,self_propelled,4,TRUE,,,hourly,220,30,,ハイルーフ,5000,1900,2000,2000,4,,https://www.repark.jp/parking_user/time/result/detail/?park=REP0000609&st=4&pref=13
東伊興１丁目,repark-rep0011987,東京都足立区東伊興１丁目８ー５,35.803214102274,139.7821864184,self_propelled,6,TRUE,,,hourly,200,30,,ハイルーフ,5000,1900,2000,2000,6,,https://www.repark.jp/parking_user/time/result/detail/?park=REP0011987&st=4&pref=13
江北２丁目第２,repark-rep0019924,東京都足立区江北２丁目１１ー１０,35.769022993111,139.76373674701,self_propelled,5,TRUE,,,hourly,330,60,,ハイルーフ,5000,1900,2000,2000,5,,https://www.repark.jp/parking_user/time/result/detail/?park=REP0019924&st=4&pref=13
千住河原町第３,repark-rep0010215,,35.741393278225,139.8017404191,self_propelled,2,TRUE,,,hourly,220,30,,ハイルーフ,5000,1900,2000,2000,2,,https://www.repark.jp/parking_user/time/result/detail/?park=REP0010215&st=4&pref=13
千住緑町１丁目,repark-rep0026978,東京都足立区千住緑町１丁目４ー１６,35.742231919311,139.79268279871,self_propelled,25,TRUE,,,hourly,200,30,,ハイルーフ,5000,1900,2000,2000,25,,https://www.repark.jp/parking_user/time/result/detail/?park=REP0026978&st=4&pref=13
千住大橋駅前第２,repark-rep0028382,,35.741507050794,139.79577146458,self_propelled,4,TRUE,,,hourly,220,30,,ハイルーフ,5000,1900,2000,2000,4,,https://www.repark.jp/parking_user/time/result/detail/?park=REP0028382&st=4&pref=13
足立中川４丁目,repark-rep0007390,東京都足立区中川４丁目２２ー１,35.770302082528,139.8467047977,self_propelled,4,TRUE,,,hourly,220,30,,ハイルーフ,5000,1900,2000,2000,4,,https://www.repark.jp/parking_user/time/result/detail/?park=REP0007390&st=4&pref=13
千住橋戸町第２,repark-rep0010153,,35.740665498163,139.79716583253,self_propelled,7,TRUE,,,hourly,220,20,,ハイルーフ,5000,1900,2000,2000,7,,https://www.repark.jp/parking_user/time/result/detail/?park=REP0010153&st=4&pref=13
六木４丁目,repark-rep0019129,東京都足立区六木４丁目８ー２８,35.797193515772,139.83895142534,self_propelled,7,TRUE,,,hourly,220,30,,ハイルーフ,5000,1900,2000,2000,7,,https://www.repark.jp/parking_user/time/result/detail/?park=REP0019129&st=4&pref=13
椿２丁目第３,repark-rep0023916,東京都足立区椿２丁目１７ー４,35.779866213796,139.76010043871,self_propelled,10,TRUE,,,hourly,220,30,,ハイルーフ,5000,1900,2000,2000,10,,https://www.repark.jp/parking_user/time/result/detail/?park=REP0023916&st=4&pref=13
椿２丁目第２,repark-rep0017912,東京都足立区椿２丁目１３ー１０,35.779760657637,139.75944494201,self_propelled,5,TRUE,,,hourly,220,30,,ハイルーフ,5000,1900,2000,2000,5,,https://www.repark.jp/parking_user/time/result/detail/?park=REP0017912&st=4&pref=13
鹿浜４丁目,repark-rep0020289,東京都足立区鹿浜４丁目２ー１７,35.779149569111,139.75698961906,self_propelled,8,TRUE,,,hourly,220,30,,ハイルーフ,5000,1900,2000,2000,8,,https://www.repark.jp/parking_user/time/result/detail/?park=REP0020289&st=4&pref=13
足立加賀２丁目,repark-rep0019417,東京都足立区加賀２丁目２６ー２１,35.793009275817,139.76146360931,self_propelled,7,TRUE,,,hourly,220,30,,ハイルーフ,5000,1900,2000,2000,7,,https://www.repark.jp/parking_user/time/result/detail/?park=REP0019417&st=4&pref=13
足立加賀２丁目第２,repark-rep0019535,東京都足立区加賀２丁目２８ー１０,35.794920187013,139.76166905925,self_propelled,9,TRUE,,,hourly,220,30,,ハイルーフ,5000,1900,2000,2000,9,,https://www.repark.jp/parking_user/time/result/detail/?park=REP0019535&st=4&pref=13
皿沼１丁目,repark-rep0027336,東京都足立区皿沼１丁目２２ー６,35.795525679917,139.76182179669,self_propelled,8,TRUE,,,hourly,220,30,,ハイルーフ,5000,1900,2000,2000,8,,https://www.repark.jp/parking_user/time/result/detail/?park=REP0027336&st=4&pref=13
足立宮城２丁目,repark-rep0020292,東京都足立区宮城２丁目８ー１６,35.762281935847,139.75736536456,self_propelled,6,TRUE,,,hourly,220,30,,ハイルーフ,5000,1900,2000,2000,6,,https://www.repark.jp/parking_user/time/result/detail/?park=REP0020292&st=4&pref=13
足立加賀１丁目,repark-rep0028210,東京都足立区加賀１丁目１０ー８,35.787204261872,139.75689203427,self_propelled,7,TRUE,,,hourly,220,30,,ハイルーフ,5000,1900,2000,2000,7,,https://www.repark.jp/parking_user/time/result/detail/?park=REP0028210&st=4&pref=13
足立区小台２丁目,repark-rep0007948,東京都足立区小台２丁目９ー１４,35.756193742975,139.75993765327,self_propelled,6,TRUE,,,hourly,250,60,,ハイルーフ,5000,1900,2000,2000,6,,https://www.repark.jp/parking_user/time/result/detail/?park=REP0007948&st=4&pref=13
足立宮城１丁目第２,repark-rep0026425,東京都足立区宮城１丁目３３ー３,35.76078208201,139.75654883443,self_propelled,4,TRUE,,,hourly,350,60,,ハイルーフ,5000,1900,2000,2000,4,,https://www.repark.jp/parking_user/time/result/detail/?park=REP0026425&st=4&pref=13
鹿浜５丁目,repark-rep0015241,東京都足立区鹿浜５丁目３ー１５,35.784229522077,139.75357300189,self_propelled,6,TRUE,,,hourly,220,40,,ハイルーフ,5000,1900,2000,2000,6,,https://www.repark.jp/parking_user/time/result/detail/?park=REP0015241&st=4&pref=13
足立宮城１丁目,repark-rep0010374,東京都足立区宮城１丁目１１ー１０,35.757835176622,139.75662951943,self_propelled,5,TRUE,,,hourly,220,30,,ハイルーフ,5000,1900,2000,2000,5,,https://www.repark.jp/parking_user/time/result/detail/?park=REP0010374&st=4&pref=13
足立中川１丁目,repark-rep0020299,東京都足立区中川１丁目２０ー２６,35.766844294619,139.85673745671,self_propelled,10,TRUE,,,hourly,220,30,,ハイルーフ,5000,1900,2000,2000,10,,https://www.repark.jp/parking_user/time/result/detail/?park=REP0020299&st=4&pref=13
足立入谷１丁目,repark-rep0007058,東京都足立区入谷１丁目２７－７,35.805735749242,139.76470719792,self_propelled,7,TRUE,,,hourly,220,30,,ハイルーフ,5000,1900,2000,2000,7,,https://www.repark.jp/parking_user/time/result/detail/?park=REP0007058&st=4&pref=13
舎人５丁目,repark-rep0019719,東京都足立区舎人５丁目９ー１８,35.810410304796,139.76788727457,self_propelled,7,TRUE,,,hourly,220,30,,ハイルーフ,5000,1900,2000,2000,7,,https://www.repark.jp/parking_user/time/result/detail/?park=REP0019719&st=4&pref=13
足立新田３丁目,repark-rep0004929,東京都足立区新田３丁目２６,35.770528052268,139.74456604782,self_propelled,11,TRUE,,,hourly,220,30,,ハイルーフ,5000,1900,2000,2000,11,,https://www.repark.jp/parking_user/time/result/detail/?park=REP0004929&st=4&pref=13
足立新田３丁目第５,repark-rep0021877,東京都足立区新田３丁目７ー８,35.771514040436,139.74357164,self_propelled,4,TRUE,,,hourly,220,30,,ハイルーフ,5000,1900,2000,2000,4,,https://www.repark.jp/parking_user/time/result/detail/?park=REP0021877&st=4&pref=13
足立新田２丁目第３,repark-rep0024404,東京都足立区新田２丁目２８ー１３,35.773647129249,139.74259662276,self_propelled,3,TRUE,,,hourly,220,30,,ハイルーフ,5000,1900,2000,2000,3,,https://www.repark.jp/parking_user/time/result/detail/?park=REP0024404&st=4&pref=13
足立新田２丁目,repark-rep0015702,東京都足立区新田２丁目１２ー８,35.772724993723,139.74195782927,self_propelled,3,TRUE,,,hourly,220,30,,ハイルーフ,5000,1900,2000,2000,3,,https://www.repark.jp/parking_user/time/result/detail/?park=REP0015702&st=4&pref=13
足立新田２丁目第２,repark-rep0019050,東京都足立区新田２丁目６ー１７,35.771366786107,139.74081909838,self_propelled,3,TRUE,,,hourly,220,30,,ハイルーフ,5000,1900,2000,2000,3,,https://www.repark.jp/parking_user/time/result/detail/?park=REP0019050&st=4&pref=13
立石７丁目第２,repark-rep0022322,東京都葛飾区立石７丁目１６ー２,35.740802516346,139.84988367005,self_propelled,3,TRUE,,,hourly,220,15,,ハイルーフ,5000,1900,2000,2000,3,,https://www.repark.jp/parking_user/time/result/detail/?park=REP0022322&st=4&pref=13
立石７丁目第３,repark-rep0026655,東京都葛飾区立石７丁目２１ー２,35.740458110513,139.85001700784,self_propelled,4,TRUE,,,hourly,220,30,,ハイルーフ,5000,1900,2000,2000,4,,https://www.repark.jp/parking_user/time/result/detail/?park=REP0026655&st=4&pref=13
立石３丁目第２,repark-rep0008362,東京都葛飾区立石３丁目２２ー１５,35.739935856026,139.84495911894,self_propelled,3,TRUE,,,hourly,220,40,,ハイルーフ,5000,1900,2000,2000,3,,https://www.repark.jp/parking_user/time/result/detail/?park=REP0008362&st=4&pref=13
立石４丁目第２,repark-rep0018696,東京都葛飾区立石４丁目１８ー１,35.739252639332,139.84743394487,self_propelled,3,TRUE,,,hourly,220,40,,ハイルーフ,5000,1900,2000,2000,3,,https://www.repark.jp/parking_user/time/result/detail/?park=REP0018696&st=4&pref=13
四つ木５丁目,repark-rep0008521,東京都葛飾区四つ木５丁目２３ー２２,35.744332557922,139.8421063754,self_propelled,4,TRUE,,,hourly,110,15,,ハイルーフ,5000,1900,2000,2000,4,,https://www.repark.jp/parking_user/time/result/detail/?park=REP0008521&st=4&pref=13
立石４丁目第３,repark-rep0021011,東京都葛飾区立石４丁目２０ー８,35.738911014404,139.8477506003,self_propelled,5,TRUE,,,hourly,220,30,,ハイルーフ,5000,1900,2000,2000,5,,https://www.repark.jp/parking_user/time/result/detail/?park=REP0021011&st=4&pref=13
立石７丁目第４,repark-rep0026905,東京都葛飾区立石７丁目２４ー８,35.739469331981,139.85028647599,self_propelled,2,TRUE,,,hourly,220,30,,ハイルーフ,5000,1900,2000,2000,2,,https://www.repark.jp/parking_user/time/result/detail/?park=REP0026905&st=4&pref=13
立石６丁目,repark-rep0009533,東京都葛飾区立石６丁目３０ー１,35.744018891832,139.85294715653,self_propelled,9,TRUE,,,hourly,200,20,,ハイルーフ,5000,1900,2000,2000,9,,https://www.repark.jp/parking_user/time/result/detail/?park=REP0009533&st=4&pref=13
立石６丁目第２,repark-rep0025201,東京都葛飾区立石６丁目３４ー９,35.742402408339,139.85349718528,self_propelled,8,TRUE,,,hourly,400,20,,ハイルーフ,5000,1900,2000,2000,8,,https://www.repark.jp/parking_user/time/result/detail/?park=REP0025201&st=4&pref=13
青戸第一団地,repark-rep0016431,東京都葛飾区青戸３丁目１６ー２４,35.748132333769,139.85254144481,self_propelled,5,TRUE,,,hourly,220,30,,ハイルーフ,5000,1900,2000,2000,5,,https://www.repark.jp/parking_user/time/result/detail/?park=REP0016431&st=4&pref=13
青戸４丁目第２,repark-rep0003739,東京都葛飾区青戸４丁目２２－１９,35.748362871708,139.85291918083,self_propelled,3,TRUE,,,hourly,220,25,,ハイルーフ,5000,1900,2000,2000,3,,https://www.repark.jp/parking_user/time/result/detail/?park=REP0003739&st=4&pref=13
東立石３丁目,repark-rep0007833,東京都葛飾区東立石３丁目２５ー９,35.736591799907,139.84674523559,self_propelled,5,TRUE,,,hourly,220,30,,ハイルーフ,5000,1900,2000,2000,5,,https://www.repark.jp/parking_user/time/result/detail/?park=REP0007833&st=4&pref=13
お花茶屋,repark-rep0001451,東京都葛飾区宝町２丁目３４－２０,35.74712111348,139.84009252525,self_propelled,5,TRUE,,,hourly,220,20,,ハイルーフ,5000,1900,2000,2000,5,,https://www.repark.jp/parking_user/time/result/detail/?park=REP0001451&st=4&pref=13
白鳥４丁目第３,repark-rep0019839,東京都葛飾区白鳥４丁目４ー１４,35.750570884991,139.84813614338,self_propelled,4,TRUE,,,hourly,200,30,,ハイルーフ,5000,1900,2000,2000,4,,https://www.repark.jp/parking_user/time/result/detail/?park=REP0019839&st=4&pref=13
青戸３丁目第５,repark-rep0022732,東京都葛飾区青戸３丁目３８ー５,35.746218700881,139.85548573341,self_propelled,9,TRUE,,,hourly,600,30,,ハイルーフ,5000,1900,2000,2000,9,,https://www.repark.jp/parking_user/time/result/detail/?park=REP0022732&st=4&pref=13
青戸５丁目第３,repark-rep0005600,東京都葛飾区青戸５丁目１４番１４号,35.747304684806,139.85486073531,self_propelled,6,TRUE,,,hourly,220,40,,ハイルーフ,5000,1900,2000,2000,6,,https://www.repark.jp/parking_user/time/result/detail/?park=REP0005600&st=4&pref=13
立石２丁目第２,repark-rep0014957,東京都葛飾区立石２丁目１２ー１１,35.739271951437,139.84000122726,self_propelled,11,TRUE,,,hourly,220,20,,ハイルーフ,5000,1900,2000,2000,11,,https://www.repark.jp/parking_user/time/result/detail/?park=REP0014957&st=4&pref=13
お花茶屋１丁目,repark-rep0007331,東京都葛飾区お花茶屋１丁目２５ー１,35.74897924453,139.83990912192,self_propelled,9,TRUE,,,hourly,220,20,,ハイルーフ,5000,1900,2000,2000,9,,https://www.repark.jp/parking_user/time/result/detail/?park=REP0007331&st=4&pref=13
青戸５丁目第２,repark-rep0004027,東京都葛飾区青戸５丁目２８－３,35.748729541668,139.85539118064,self_propelled,6,TRUE,,,hourly,220,30,,ハイルーフ,5000,1900,2000,2000,6,,https://www.repark.jp/parking_user/time/result/detail/?park=REP0004027&st=4&pref=13
東立石４丁目,repark-rep0013464,東京都葛飾区東立石４丁目３７ー１４東立石駐車場,35.735930849019,139.85186428489,self_propelled,7,TRUE,,,hourly,220,30,,ハイルーフ,5000,1900,2000,2000,7,,https://www.repark.jp/parking_user/time/result/detail/?park=REP0013464&st=4&pref=13
立石１丁目第３,repark-rep0022851,東京都葛飾区立石１丁目１ー６,35.736116765572,139.84187066229,self_propelled,5,TRUE,,,hourly,220,30,,ハイルーフ,5000,1900,2000,2000,5,,https://www.repark.jp/parking_user/time/result/detail/?park=REP0022851&st=4&pref=13
お花茶屋１丁目第３,repark-rep0026237,東京都葛飾区お花茶屋１丁目２８ー６,35.750184680522,139.84042013497,self_propelled,5,TRUE,,,hourly,220,40,,ハイルーフ,5000,1900,2000,2000,5,,https://www.repark.jp/parking_user/time/result/detail/?park=REP0026237&st=4&pref=13
白鳥４丁目第４,repark-rep0028821,東京都葛飾区白鳥４丁目１２‐２１,35.752834553504,139.84937482428,self_propelled,10,TRUE,,,hourly,200,30,,ハイルーフ,5000,1900,2000,2000,10,,https://www.repark.jp/parking_user/time/result/detail/?park=REP0028821&st=4&pref=13
東立石２丁目,repark-rep0013662,東京都葛飾区東立石２丁目６ー２,35.733319892846,139.84473999678,self_propelled,4,TRUE,,,hourly,200,20,,ハイルーフ,5000,1900,2000,2000,4,,https://www.repark.jp/parking_user/time/result/detail/?park=REP0013662&st=4&pref=13
青戸２丁目第２,repark-rep0019257,東京都葛飾区青戸２丁目２１ー１８,35.748149118129,139.85936309951,self_propelled,4,TRUE,,,hourly,220,30,,ハイルーフ,5000,1900,2000,2000,4,,https://www.repark.jp/parking_user/time/result/detail/?park=REP0019257&st=4&pref=13
お花茶屋３丁目,repark-rep0021409,東京都葛飾区お花茶屋３丁目１８ー１６,35.753617677325,139.84219482951,self_propelled,3,TRUE,,,hourly,220,60,,ハイルーフ,5000,1900,2000,2000,3,,https://www.repark.jp/parking_user/time/result/detail/?park=REP0021409&st=4&pref=13
葛飾宝町２丁目,repark-rep0007309,東京都葛飾区宝町２丁目４ー１９,35.746448862132,139.83429581561,self_propelled,8,TRUE,,,hourly,220,40,,ハイルーフ,5000,1900,2000,2000,8,,https://www.repark.jp/parking_user/time/result/detail/?park=REP0007309&st=4&pref=13
葛飾高砂１丁目,repark-rep0015710,東京都葛飾区高砂１丁目２４ー１５,35.745327236727,139.86158249013,self_propelled,5,TRUE,,,hourly,330,60,,ハイルーフ,5000,1900,2000,2000,5,,https://www.repark.jp/parking_user/time/result/detail/?park=REP0015710&st=4&pref=13
青戸８丁目第２,repark-rep0020742,東京都葛飾区青戸８丁目５ー２,35.755045460091,139.851210682,self_propelled,9,TRUE,,,hourly,220,20,,ハイルーフ,5000,1900,2000,2000,9,,https://www.repark.jp/parking_user/time/result/detail/?park=REP0020742&st=4&pref=13
青戸６丁目,repark-rep0006377,東京都葛飾区青戸６丁目１７－１７,35.752284762032,139.85794636073,self_propelled,17,TRUE,,,hourly,200,15,,ハイルーフ,5000,1900,2000,2000,17,,https://www.repark.jp/parking_user/time/result/detail/?park=REP0006377&st=4&pref=13
青戸７丁目第２,repark-rep0014764,東京都葛飾区青戸７丁目１５ー９,35.754387258624,139.85471042166,self_propelled,6,TRUE,,,hourly,220,20,,ハイルーフ,5000,1900,2000,2000,6,,https://www.repark.jp/parking_user/time/result/detail/?park=REP0014764&st=4&pref=13
四つ木１丁目,repark-rep0008678,東京都葛飾区四つ木１丁目３２ー１３,35.735058442965,139.83598508881,self_propelled,2,TRUE,,,hourly,220,20,,ハイルーフ,5000,1900,2000,2000,2,,https://www.repark.jp/parking_user/time/result/detail/?park=REP0008678&st=4&pref=13
堀切１丁目,repark-rep0028073,東京都葛飾区堀切１丁目２９ー１７,35.740474465502,139.83225459324,self_propelled,5,TRUE,,,hourly,220,60,,ハイルーフ,5000,1900,2000,2000,5,,https://www.repark.jp/parking_user/time/result/detail/?park=REP0028073&st=4&pref=13
東四つ木４丁目,repark-rep0015887,東京都葛飾区東四つ木４丁目８ー５,35.732500427239,139.83848499899,self_propelled,4,TRUE,,,hourly,330,60,,ハイルーフ,5000,1900,2000,2000,4,,https://www.repark.jp/parking_user/time/result/detail/?park=REP0015887&st=4&pref=13
青戸８丁目第３,repark-rep0027104,東京都葛飾区青戸８丁目７ー１０,35.756017605521,139.85277995091,self_propelled,9,TRUE,,,hourly,330,60,,ハイルーフ,5000,1900,2000,2000,9,,https://www.repark.jp/parking_user/time/result/detail/?park=REP0027104&st=4&pref=13
四つ木１丁目第２,repark-rep0013915,東京都葛飾区四つ木１丁目３３ー２４,35.734241855061,139.83551294363,self_propelled,3,TRUE,,,hourly,220,30,,ハイルーフ,5000,1900,2000,2000,3,,https://www.repark.jp/parking_user/time/result/detail/?park=REP0013915&st=4&pref=13
葛飾高砂１丁目第２,repark-rep0024812,東京都葛飾区高砂１丁目３ー１４,35.742855319123,139.86392963102,self_propelled,5,TRUE,,,hourly,110,20,,ハイルーフ,5000,1900,2000,2000,5,,https://www.repark.jp/parking_user/time/result/detail/?park=REP0024812&st=4&pref=13
四ツ木駅前,repark-rep0018811,東京都葛飾区東四つ木４丁目１４ー２,35.731892111342,139.83579636129,self_propelled,8,TRUE,,,hourly,220,20,,ハイルーフ,5000,1900,2000,2000,8,,https://www.repark.jp/parking_user/time/result/detail/?park=REP0018811&st=4&pref=13
四ツ木駅北口,repark-rep0026360,東京都葛飾区四つ木１丁目１４ー４,35.732789216408,139.83453809148,self_propelled,3,TRUE,,,hourly,220,40,,ハイルーフ,5000,1900,2000,2000,3,,https://www.repark.jp/parking_user/time/result/detail/?park=REP0026360&st=4&pref=13
葛飾高砂２丁目,repark-rep0006822,東京都葛飾区高砂２丁目１９番５号,35.74918521762,139.86504869062,self_propelled,3,TRUE,,,hourly,220,30,,ハイルーフ,5000,1900,2000,2000,3,,https://www.repark.jp/parking_user/time/result/detail/?park=REP0006822&st=4&pref=13
堀切６丁目,repark-rep0007582,東京都葛飾区堀切６丁目２０ー４,35.753920261935,139.83297613618,self_propelled,9,TRUE,,,hourly,220,30,,ハイルーフ,5000,1900,2000,2000,9,,https://www.repark.jp/parking_user/time/result/detail/?park=REP0007582&st=4&pref=13
細田３丁目第２,repark-rep0019125,東京都葛飾区細田３丁目１３ー５,35.742983140118,139.86717379971,self_propelled,10,TRUE,,,hourly,200,60,,ハイルーフ,5000,1900,2000,2000,10,,https://www.repark.jp/parking_user/time/result/detail/?park=REP0019125&st=4&pref=13
葛飾高砂３丁目,repark-rep0027558,東京都葛飾区高砂３丁目１ー１７,35.747210465132,139.867126387,self_propelled,3,TRUE,,,hourly,220,40,,ハイルーフ,5000,1900,2000,2000,3,,https://www.repark.jp/parking_user/time/result/detail/?park=REP0027558&st=4&pref=13
葛飾高砂２丁目第２,repark-rep0019677,東京都葛飾区高砂２丁目３０ー２７,35.746593867092,139.86729862308,self_propelled,2,TRUE,,,hourly,220,60,,ハイルーフ,5000,1900,2000,2000,2,,https://www.repark.jp/parking_user/time/result/detail/?park=REP0019677&st=4&pref=13
堀切３丁目第４,repark-rep0008594,東京都葛飾区堀切３丁目２ー２２,35.74596545583,139.82719642747,self_propelled,3,TRUE,,,hourly,220,30,,ハイルーフ,5000,1900,2000,2000,3,,https://www.repark.jp/parking_user/time/result/detail/?park=REP0008594&st=4&pref=13
堀切２丁目第５,repark-rep0026217,東京都葛飾区堀切２丁目３７ー５,35.745096096619,139.82672706148,self_propelled,5,TRUE,,,hourly,220,30,,ハイルーフ,5000,1900,2000,2000,5,,https://www.repark.jp/parking_user/time/result/detail/?park=REP0026217&st=4&pref=13
細田３丁目,repark-rep0012646,東京都葛飾区細田３丁目３７ー１３,35.745063491891,139.86822083996,self_propelled,3,TRUE,,,hourly,220,40,,ハイルーフ,5000,1900,2000,2000,3,,https://www.repark.jp/parking_user/time/result/detail/?park=REP0012646&st=4&pref=13
西新小岩５丁目第２,repark-rep0013610,東京都葛飾区西新小岩５丁目３ー３,35.726315090292,139.84492363808,self_propelled,4,TRUE,,,hourly,220,40,,ハイルーフ,5000,1900,2000,2000,4,,https://www.repark.jp/parking_user/time/result/detail/?park=REP0013610&st=4&pref=13
細田４丁目第２,repark-rep0025557,東京都葛飾区細田４丁目１１ー４,35.74461354875,139.86872081916,self_propelled,6,TRUE,,,hourly,200,40,,ハイルーフ,5000,1900,2000,2000,6,,https://www.repark.jp/parking_user/time/result/detail/?park=REP0025557&st=4&pref=13
奥戸７丁目,repark-rep0010184,東京都葛飾区奥戸７丁目４ー６,35.734789550684,139.86592428077,self_propelled,20,TRUE,,,hourly,100,30,,ハイルーフ,5000,1900,2000,2000,20,,https://www.repark.jp/parking_user/time/result/detail/?park=REP0010184&st=4&pref=13
葛飾新宿１丁目,repark-rep0011622,東京都葛飾区新宿１丁目１３ー４,35.7567787824,139.86121254854,self_propelled,9,TRUE,,,hourly,220,60,,ハイルーフ,5000,1900,2000,2000,9,,https://www.repark.jp/parking_user/time/result/detail/?park=REP0011622&st=4&pref=13
葛飾高砂２丁目第３,repark-rep0027373,東京都葛飾区高砂２丁目３６ー８,35.750076829957,139.86737901203,self_propelled,3,TRUE,,,hourly,220,20,,ハイルーフ,5000,1900,2000,2000,3,,https://www.repark.jp/parking_user/time/result/detail/?park=REP0027373&st=4&pref=13
堀切４丁目第２,repark-rep0027607,東京都葛飾区堀切４丁目５７ー６,35.74903734458,139.82687131302,self_propelled,9,TRUE,,,hourly,220,30,,ハイルーフ,5000,1900,2000,2000,9,,https://www.repark.jp/parking_user/time/result/detail/?park=REP0027607&st=4&pref=13
西亀有３丁目第６,repark-rep0023652,東京都葛飾区西亀有３丁目１ー２,35.759078120578,139.837403309,self_propelled,7,TRUE,,,hourly,220,40,,ハイルーフ,5000,1900,2000,2000,7,,https://www.repark.jp/parking_user/time/result/detail/?park=REP0023652&st=4&pref=13
奥戸７丁目第２,repark-rep0010185,東京都葛飾区奥戸７丁目４ー６,35.734511805206,139.86608539218,self_propelled,11,TRUE,,,hourly,100,30,,ハイルーフ,5000,1900,2000,2000,11,,https://www.repark.jp/parking_user/time/result/detail/?park=REP0010185&st=4&pref=13
西亀有３丁目第５,repark-rep0015108,東京都葛飾区西亀有３丁目３６ー６,35.760533590374,139.84138068967,self_propelled,2,TRUE,,,hourly,220,30,,ハイルーフ,5000,1900,2000,2000,2,,https://www.repark.jp/parking_user/time/result/detail/?park=REP0015108&st=4&pref=13
亀有２丁目第２,repark-rep0013051,東京都葛飾区亀有２丁目３７ー１,35.761328066902,139.8481078724,self_propelled,5,TRUE,,,hourly,220,30,,ハイルーフ,5000,1900,2000,2000,5,,https://www.repark.jp/parking_user/time/result/detail/?park=REP0013051&st=4&pref=13
西亀有３丁目第４,repark-rep0014958,東京都葛飾区西亀有３丁目３１ー２１,35.760530797972,139.84053909269,self_propelled,3,TRUE,,,hourly,220,30,,ハイルーフ,5000,1900,2000,2000,3,,https://www.repark.jp/parking_user/time/result/detail/?park=REP0014958&st=4&pref=13
亀有２丁目第３,repark-rep0016236,東京都葛飾区亀有２丁目３７ー２,35.761472496842,139.8481300859,self_propelled,3,TRUE,,,hourly,220,30,,ハイルーフ,5000,1900,2000,2000,3,,https://www.repark.jp/parking_user/time/result/detail/?park=REP0016236&st=4&pref=13
堀切４丁目,repark-rep0008805,東京都葛飾区堀切４丁目１２ー４,35.747184739703,139.82543818435,self_propelled,3,TRUE,,,hourly,220,25,,ハイルーフ,5000,1900,2000,2000,3,,https://www.repark.jp/parking_user/time/result/detail/?park=REP0008805&st=4&pref=13
西亀有２丁目,repark-rep0004608,東京都葛飾区西亀有２丁目３１,35.758811434684,139.83463132949,self_propelled,5,TRUE,,,hourly,220,40,,ハイルーフ,5000,1900,2000,2000,5,,https://www.repark.jp/parking_user/time/result/detail/?park=REP0004608&st=4&pref=13
奥戸９丁目,repark-rep0015455,東京都葛飾区奥戸９丁目１６ー１３,35.737969837756,139.87005990287,self_propelled,7,TRUE,,,hourly,220,40,,ハイルーフ,5000,1900,2000,2000,7,,https://www.repark.jp/parking_user/time/result/detail/?park=REP0015455&st=4&pref=13
高砂３丁目第５,repark-rep0018037,東京都葛飾区高砂３丁目２１ー５,35.749499160951,139.87008159218,self_propelled,5,TRUE,,,hourly,220,40,,ハイルーフ,5000,1900,2000,2000,5,,https://www.repark.jp/parking_user/time/result/detail/?park=REP0018037&st=4&pref=13
葛飾新宿２丁目,repark-rep0017272,東京都葛飾区新宿２丁目１３ー３,35.761486535177,139.85676547909,self_propelled,7,TRUE,,,hourly,220,60,,ハイルーフ,5000,1900,2000,2000,7,,https://www.repark.jp/parking_user/time/result/detail/?park=REP0017272&st=4&pref=13
奥戸４丁目,repark-rep0026983,東京都葛飾区奥戸４丁目１ー２２,35.72789854997,139.86187215761,self_propelled,6,TRUE,,,hourly,200,60,,ハイルーフ,5000,1900,2000,2000,6,,https://www.repark.jp/parking_user/time/result/detail/?park=REP0026983&st=4&pref=13
西亀有３丁目第２,repark-rep0004067,東京都葛飾区西亀有３丁目１４－７,35.761911157083,139.83771981926,self_propelled,3,TRUE,,,hourly,220,40,,ハイルーフ,5000,1900,2000,2000,3,,https://www.repark.jp/parking_user/time/result/detail/?park=REP0004067&st=4&pref=13
高砂８丁目,repark-rep0020007,東京都葛飾区高砂８丁目２２ー９,35.754109760262,139.86902035701,self_propelled,4,TRUE,,,hourly,220,30,,ハイルーフ,5000,1900,2000,2000,4,,https://www.repark.jp/parking_user/time/result/detail/?park=REP0020007&st=4&pref=13
東新小岩６丁目,repark-rep0003421,東京都葛飾区東新小岩６丁目３,35.724832141918,139.85791984904,self_propelled,7,TRUE,,,hourly,220,40,,ハイルーフ,5000,1900,2000,2000,7,,https://www.repark.jp/parking_user/time/result/detail/?park=REP0003421&st=4&pref=13
亀有３丁目第４,repark-rep0022244,東京都葛飾区亀有３丁目４１ー５,35.764050057604,139.85147691126,self_propelled,7,TRUE,,,hourly,330,60,,ハイルーフ,5000,1900,2000,2000,7,,https://www.repark.jp/parking_user/time/result/detail/?park=REP0022244&st=4&pref=13
亀有４丁目第２,repark-rep0012391,東京都葛飾区亀有４丁目２９ー９,35.764016579453,139.8430192822,self_propelled,3,TRUE,,,hourly,220,40,,ハイルーフ,5000,1900,2000,2000,3,,https://www.repark.jp/parking_user/time/result/detail/?park=REP0012391&st=4&pref=13
アリオ亀有地下駐車場,repark-rep0013801,東京都葛飾区亀有３丁目４９ー３,35.764397270072,139.85305732002,self_propelled,367,FALSE,,,hourly,400,60,,ハイルーフ,5000,1900,2000,2000,367,,https://www.repark.jp/parking_user/time/result/detail/?park=REP0013801&st=4&pref=13
西新小岩４丁目,repark-rep0003137,東京都葛飾区西新小岩４丁目２５－１９,35.722573967445,139.85316756969,self_propelled,9,TRUE,,,hourly,250,60,,ハイルーフ,5000,1900,2000,2000,9,,https://www.repark.jp/parking_user/time/result/detail/?park=REP0003137&st=4&pref=13
西新小岩４丁目第２,repark-rep0009467,東京都葛飾区西新小岩４丁目３７ー３,35.722343438334,139.8532953477,self_propelled,10,TRUE,,,hourly,330,60,,ハイルーフ,5000,1900,2000,2000,10,,https://www.repark.jp/parking_user/time/result/detail/?park=REP0009467&st=4&pref=13
アリオ亀有駐車場,repark-rep0013683,東京都葛飾区亀有３丁目４９ー３,35.764769456143,139.85327950643,self_propelled,2001,FALSE,,,hourly,400,60,,ハイルーフ,5000,1900,2000,2000,2001,,https://www.repark.jp/parking_user/time/result/detail/?park=REP0013683&st=4&pref=13
小菅４丁目,repark-rep0008155,東京都葛飾区小菅４丁目２１ー７,35.756875378668,139.82592380879,self_propelled,5,TRUE,,,hourly,220,60,,ハイルーフ,5000,1900,2000,2000,5,,https://www.repark.jp/parking_user/time/result/detail/?park=REP0008155&st=4&pref=13
柴又１丁目第３,repark-rep0022976,東京都葛飾区柴又１丁目１３ー８,35.754720837581,139.87083406725,self_propelled,3,TRUE,,,hourly,110,20,,ハイルーフ,5000,1900,2000,2000,3,,https://www.repark.jp/parking_user/time/result/detail/?park=REP0022976&st=4&pref=13
葛飾新宿３丁目,repark-rep0008086,東京都葛飾区新宿３丁目２９ー１８,35.758287067435,139.86764527886,self_propelled,16,TRUE,,,hourly,220,40,,ハイルーフ,5000,1900,2000,2000,16,,https://www.repark.jp/parking_user/time/result/detail/?park=REP0008086&st=4&pref=13
グルメシティ柴又店駐車場,repark-rep0027619,東京都葛飾区柴又２丁目５ー２１,35.759256405861,139.86753690923,self_propelled,20,TRUE,,,hourly,200,30,,ハイルーフ,5000,1900,2000,2000,20,,https://www.repark.jp/parking_user/time/result/detail/?park=REP0027619&st=4&pref=13
亀有５丁目第２,repark-rep0002046,東京都葛飾区亀有５丁目１６－１５,35.766469146841,139.84598003438,self_propelled,17,TRUE,,,hourly,220,30,,ハイルーフ,5000,1900,2000,2000,17,,https://www.repark.jp/parking_user/time/result/detail/?park=REP0002046&st=4&pref=13
東新小岩５丁目,repark-rep0016558,東京都葛飾区東新小岩５丁目１２ー１７,35.721390803789,139.85561742072,self_propelled,3,TRUE,,,hourly,220,30,,ハイルーフ,5000,1900,2000,2000,3,,https://www.repark.jp/parking_user/time/result/detail/?park=REP0016558&st=4&pref=13
柴又２丁目第２,repark-rep0012907,東京都葛飾区柴又２丁目１４ー１８,35.760009109416,139.86788406873,self_propelled,13,TRUE,,,hourly,330,60,,ハイルーフ,5000,1900,2000,2000,13,,https://www.repark.jp/parking_user/time/result/detail/?park=REP0012907&st=4&pref=13
柴又１丁目第２,repark-rep0021442,東京都葛飾区柴又１丁目２３ー１３,35.755356909947,139.87251723117,self_propelled,5,TRUE,,,hourly,220,30,,ハイルーフ,5000,1900,2000,2000,5,,https://www.repark.jp/parking_user/time/result/detail/?park=REP0021442&st=4&pref=13
西新小岩４丁目第４,repark-rep0025558,東京都葛飾区西新小岩４丁目１９ー１１,35.720168661248,139.85273993796,self_propelled,5,TRUE,,,hourly,330,60,,ハイルーフ,5000,1900,2000,2000,5,,https://www.repark.jp/parking_user/time/result/detail/?park=REP0025558&st=4&pref=13
亀有５丁目第１１,repark-rep0021611,東京都葛飾区亀有５丁目３４ー４,35.767388527871,139.84800482389,self_propelled,3,TRUE,,,hourly,220,30,,ハイルーフ,5000,1900,2000,2000,3,,https://www.repark.jp/parking_user/time/result/detail/?park=REP0021611&st=4&pref=13
亀有５丁目第５,repark-rep0003304,東京都葛飾区亀有５丁目４５－２,35.767469092089,139.84896862914,self_propelled,12,TRUE,,,hourly,220,20,,ハイルーフ,5000,1900,2000,2000,12,,https://www.repark.jp/parking_user/time/result/detail/?park=REP0003304&st=4&pref=13
亀有公園前,repark-rep0006385,東京都葛飾区亀有５丁目３５－１,35.767516296814,139.84826868509,self_propelled,2,TRUE,,,hourly,220,30,,ハイルーフ,5000,1900,2000,2000,2,,https://www.repark.jp/parking_user/time/result/detail/?park=REP0006385&st=4&pref=13
柴又２丁目,repark-rep0010196,東京都葛飾区柴又２丁目２０ー１５,35.758870381902,139.87015615447,self_propelled,8,TRUE,,,hourly,220,40,,ハイルーフ,5000,1900,2000,2000,8,,https://www.repark.jp/parking_user/time/result/detail/?park=REP0010196&st=4&pref=13
柴又４丁目,repark-rep0016850,東京都葛飾区柴又４丁目５ー１２,35.753873771488,139.87457268376,self_propelled,5,TRUE,,,hourly,220,30,,ハイルーフ,5000,1900,2000,2000,5,,https://www.repark.jp/parking_user/time/result/detail/?park=REP0016850&st=4&pref=13
亀有５丁目第１２,repark-rep0023504,東京都葛飾区亀有５丁目４４ー２,35.768027360427,139.84868529396,self_propelled,5,TRUE,,,hourly,220,30,,ハイルーフ,5000,1900,2000,2000,5,,https://www.repark.jp/parking_user/time/result/detail/?park=REP0023504&st=4&pref=13
西新小岩４丁目第３,repark-rep0024493,東京都葛飾区西新小岩４丁目４２ー１１,35.719838200202,139.85609523053,self_propelled,3,TRUE,,,hourly,220,20,,ハイルーフ,5000,1900,2000,2000,3,,https://www.repark.jp/parking_user/time/result/detail/?park=REP0024493&st=4&pref=13
亀有５丁目第１３,repark-rep0024227,東京都葛飾区亀有５丁目２８ー１１,35.768332860705,139.84736594446,self_propelled,8,TRUE,,,hourly,220,20,,ハイルーフ,5000,1900,2000,2000,8,,https://www.repark.jp/parking_user/time/result/detail/?park=REP0024227&st=4&pref=13
柴又４丁目第２,repark-rep0027686,東京都葛飾区柴又４丁目２０ー８,35.752796133982,139.87601705843,self_propelled,6,TRUE,,,hourly,220,20,,ハイルーフ,5000,1900,2000,2000,6,,https://www.repark.jp/parking_user/time/result/detail/?park=REP0027686&st=4&pref=13
亀有５丁目第１０,repark-rep0020966,東京都葛飾区亀有５丁目２２ー３,35.768530027218,139.84539665493,self_propelled,3,TRUE,,,hourly,220,20,,ハイルーフ,5000,1900,2000,2000,3,,https://www.repark.jp/parking_user/time/result/detail/?park=REP0020966&st=4&pref=13
東新小岩１丁目第４,repark-rep0013427,東京都葛飾区東新小岩１丁目４ー７,35.71937160567,139.85738681175,self_propelled,15,TRUE,,,hourly,220,15,,ハイルーフ,5000,1900,2000,2000,15,,https://www.repark.jp/parking_user/time/result/detail/?park=REP0013427&st=4&pref=13
葛飾新宿５丁目第２,repark-rep0006427,東京都葛飾区新宿５丁目１６－５,35.766874929383,139.86143428823,self_propelled,7,TRUE,,,hourly,220,60,,ハイルーフ,5000,1900,2000,2000,7,,https://www.repark.jp/parking_user/time/result/detail/?park=REP0006427&st=4&pref=13
サンライズ綾瀬駐車場,repark-rep0028120,東京都葛飾区小菅４丁目１０ー３（仮称）セルツェ綾瀬駅前商業ビル【駐車場】,35.761930373039,139.82478200385,self_propelled,9,TRUE,,,hourly,200,20,,ハイルーフ,5000,1900,2000,2000,9,,https://www.repark.jp/parking_user/time/result/detail/?park=REP0028120&st=4&pref=13
東新小岩１丁目第５,repark-rep0021581,東京都葛飾区東新小岩１丁目７ー７,35.719274427201,139.85928388067,self_propelled,3,TRUE,,,hourly,220,15,,ハイルーフ,5000,1900,2000,2000,3,,https://www.repark.jp/parking_user/time/result/detail/?park=REP0021581&st=4&pref=13
綾瀬駅前第４,repark-rep0027750,東京都葛飾区小菅４丁目１０ー１,35.761830377427,139.82442092745,self_propelled,3,TRUE,,,hourly,330,15,,ハイルーフ,5000,1900,2000,2000,3,,https://www.repark.jp/parking_user/time/result/detail/?park=REP0027750&st=4&pref=13
東新小岩１丁目第３,repark-rep0011821,東京都葛飾区東新小岩１丁目７ー８,35.719196658441,139.85933665787,self_propelled,3,TRUE,,,hourly,220,15,,ハイルーフ,5000,1900,2000,2000,3,,https://www.repark.jp/parking_user/time/result/detail/?park=REP0011821&st=4&pref=13
葛飾鎌倉３丁目第２,repark-rep0009380,東京都葛飾区鎌倉３丁目５６ー９,35.744933161848,139.88035872692,self_propelled,9,TRUE,,,hourly,220,60,,ハイルーフ,5000,1900,2000,2000,9,,https://www.repark.jp/parking_user/time/result/detail/?park=REP0009380&st=4&pref=13
柴又３丁目第３,repark-rep0013050,東京都葛飾区柴又３丁目２１ー１０,35.762214503578,139.87218083234,self_propelled,4,TRUE,,,hourly,330,60,,ハイルーフ,5000,1900,2000,2000,4,,https://www.repark.jp/parking_user/time/result/detail/?park=REP0013050&st=4&pref=13
柴又５丁目第２,repark-rep0013790,東京都葛飾区柴又５丁目６ー８,35.750760312104,139.88010292385,self_propelled,8,TRUE,,,hourly,220,40,,ハイルーフ,5000,1900,2000,2000,8,,https://www.repark.jp/parking_user/time/result/detail/?park=REP0013790&st=4&pref=13
新小岩２丁目第４,repark-rep0025114,東京都葛飾区新小岩２丁目２ー２１,35.717794067482,139.86145599045,self_propelled,4,TRUE,,,hourly,330,20,,ハイルーフ,5000,1900,2000,2000,4,,https://www.repark.jp/parking_user/time/result/detail/?park=REP0025114&st=4&pref=13
金町２丁目第３,repark-rep0013991,東京都葛飾区金町２丁目２４ー４,35.763953208157,139.8722696339,self_propelled,8,TRUE,,,hourly,220,30,,ハイルーフ,5000,1900,2000,2000,8,,https://www.repark.jp/parking_user/time/result/detail/?park=REP0013991&st=4&pref=13
柴又５丁目,repark-rep0013204,東京都葛飾区柴又５丁目２６ー１,35.749971541676,139.88206113054,self_propelled,6,TRUE,,,hourly,220,60,,ハイルーフ,5000,1900,2000,2000,6,,https://www.repark.jp/parking_user/time/result/detail/?park=REP0013204&st=4&pref=13
新小岩４丁目,repark-rep0015015,東京都葛飾区新小岩４丁目１６ー１０,35.71772190196,139.86424742894,self_propelled,6,TRUE,,,hourly,220,25,,ハイルーフ,5000,1900,2000,2000,6,,https://www.repark.jp/parking_user/time/result/detail/?park=REP0015015&st=4&pref=13
新小岩１丁目第２,repark-rep0003399,東京都葛飾区新小岩１丁目４９,35.715941458075,139.85970622107,self_propelled,12,TRUE,,,hourly,220,60,,ハイルーフ,5000,1900,2000,2000,12,,https://www.repark.jp/parking_user/time/result/detail/?park=REP0003399&st=4&pref=13
新小岩１丁目第７,repark-rep0017027,東京都葛飾区新小岩１丁目２６ー１８,35.715141498277,139.85710925158,self_propelled,2,TRUE,,,hourly,330,30,,ハイルーフ,5000,1900,2000,2000,2,,https://www.repark.jp/parking_user/time/result/detail/?park=REP0017027&st=4&pref=13
金町２丁目,repark-rep0008255,東京都葛飾区金町２丁目２６ー１１,35.765172517595,139.87197515722,self_propelled,4,TRUE,,,hourly,220,40,,ハイルーフ,5000,1900,2000,2000,4,,https://www.repark.jp/parking_user/time/result/detail/?park=REP0008255&st=4&pref=13
新小岩２丁目第３,repark-rep0020403,東京都葛飾区新小岩２丁目１９ー１６,35.716469231846,139.86275316572,self_propelled,3,TRUE,,,hourly,330,20,,ハイルーフ,5000,1900,2000,2000,3,,https://www.repark.jp/parking_user/time/result/detail/?park=REP0020403&st=4&pref=13
金町５丁目,repark-rep0009485,東京都葛飾区金町５丁目１５ー１１,35.768430428767,139.86777535599,self_propelled,3,TRUE,,,hourly,220,30,,ハイルーフ,5000,1900,2000,2000,3,,https://www.repark.jp/parking_user/time/result/detail/?park=REP0009485&st=4&pref=13
新小岩１丁目第６,repark-rep0014209,東京都葛飾区新小岩１丁目２２ー６,35.714691560472,139.8579147604,self_propelled,4,TRUE,,,hourly,110,60,,ハイルーフ,5000,1900,2000,2000,4,,https://www.repark.jp/parking_user/time/result/detail/?park=REP0014209&st=4&pref=13
新小岩１丁目第８,repark-rep0019508,東京都葛飾区新小岩１丁目２２ー１６,35.714261051151,139.85795088823,self_propelled,2,TRUE,,,hourly,220,40,,ハイルーフ,5000,1900,2000,2000,2,,https://www.repark.jp/parking_user/time/result/detail/?park=REP0019508&st=4&pref=13
新小岩１丁目第９,repark-rep0025771,東京都葛飾区新小岩１丁目３４ー４,35.714480493929,139.85916744409,self_propelled,12,TRUE,,,hourly,220,30,,ハイルーフ,5000,1900,2000,2000,12,,https://www.repark.jp/parking_user/time/result/detail/?park=REP0025771&st=4&pref=13
南水元１丁目第２,repark-rep0013079,東京都葛飾区南水元１丁目８ー５,35.77373525046,139.85822035025,self_propelled,6,TRUE,,,hourly,330,60,,ハイルーフ,5000,1900,2000,2000,6,,https://www.repark.jp/parking_user/time/result/detail/?park=REP0013079&st=4&pref=13
金町駅北口第６,repark-rep0019363,東京都葛飾区東金町１丁目２１ー２,35.770055277289,139.86905295307,self_propelled,2,TRUE,,,hourly,330,20,,ハイルーフ,5000,1900,2000,2000,2,,https://www.repark.jp/parking_user/time/result/detail/?park=REP0019363&st=4&pref=13
金町駅北口第５,repark-rep0018938,東京都葛飾区東金町１丁目２１ー１３,35.770071947406,139.869333485,self_propelled,2,TRUE,,,hourly,330,20,,ハイルーフ,5000,1900,2000,2000,2,,https://www.repark.jp/parking_user/time/result/detail/?park=REP0018938&st=4&pref=13
東金町１丁目第３,repark-rep0008103,東京都葛飾区東金町１丁目２０ー７,35.770599656153,139.8686001876,self_propelled,3,TRUE,,,hourly,330,20,,ハイルーフ,5000,1900,2000,2000,3,,https://www.repark.jp/parking_user/time/result/detail/?park=REP0008103&st=4&pref=13
金町駅北口第８,repark-rep0020906,東京都葛飾区東金町１丁目２１ー４,35.770391351517,139.86900571951,self_propelled,2,TRUE,,,hourly,330,20,,ハイルーフ,5000,1900,2000,2000,2,,https://www.repark.jp/parking_user/time/result/detail/?park=REP0020906&st=4&pref=13
金町駅北口第７,repark-rep0019405,東京都葛飾区東金町１丁目２０ー９,35.770580218084,139.86887794343,self_propelled,2,TRUE,,,hourly,220,20,,ハイルーフ,5000,1900,2000,2000,2,,https://www.repark.jp/parking_user/time/result/detail/?park=REP0019405&st=4&pref=13
東金町１丁目第７,repark-rep0021480,東京都葛飾区東金町１丁目１９ー１２,35.770882963216,139.8688501538,self_propelled,3,TRUE,,,hourly,220,20,,ハイルーフ,5000,1900,2000,2000,3,,https://www.repark.jp/parking_user/time/result/detail/?park=REP0021480&st=4&pref=13
南水元１丁目第３,repark-rep0026122,東京都葛飾区南水元１丁目１０ー１６,35.774926782947,139.85787310123,self_propelled,7,TRUE,,,hourly,200,30,,ハイルーフ,5000,1900,2000,2000,7,,https://www.repark.jp/parking_user/time/result/detail/?park=REP0026122&st=4&pref=13
金町駅北口第９,repark-rep0028252,東京都葛飾区東金町１丁目２６ー４,35.771107946478,139.86926955361,self_propelled,3,TRUE,,,hourly,220,15,,ハイルーフ,5000,1900,2000,2000,3,,https://www.repark.jp/parking_user/time/result/detail/?park=REP0028252&st=4&pref=13
東金町１丁目第４,repark-rep0008804,東京都葛飾区東金町１丁目１７ー８,35.772007846439,139.86905286316,self_propelled,3,TRUE,,,hourly,220,20,,ハイルーフ,5000,1900,2000,2000,3,,https://www.repark.jp/parking_user/time/result/detail/?park=REP0008804&st=4&pref=13
東金町１丁目第８,repark-rep0028172,東京都葛飾区東金町１丁目２７ー１０,35.772307818865,139.8693111609,self_propelled,4,TRUE,,,hourly,220,25,,ハイルーフ,5000,1900,2000,2000,4,,https://www.repark.jp/parking_user/time/result/detail/?park=REP0028172&st=4&pref=13
東金町３丁目第３,repark-rep0007045,東京都葛飾区東金町３丁目１６－３,35.770385868956,139.87311926714,self_propelled,3,TRUE,,,hourly,200,30,,ハイルーフ,5000,1900,2000,2000,3,,https://www.repark.jp/parking_user/time/result/detail/?park=REP0007045&st=4&pref=13
東金町３丁目第４,repark-rep0011963,東京都葛飾区東金町３丁目１５ー５,35.770363660848,139.87383587465,self_propelled,5,TRUE,,,hourly,220,30,,ハイルーフ,5000,1900,2000,2000,5,,https://www.repark.jp/parking_user/time/result/detail/?park=REP0011963&st=4&pref=13
金町第二団地,repark-rep0018743,東京都葛飾区南水元３丁目６ー２,35.77616844784,139.86535575662,self_propelled,5,TRUE,,,hourly,220,30,,ハイルーフ,5000,1900,2000,2000,5,,https://www.repark.jp/parking_user/time/result/detail/?park=REP0018743&st=4&pref=13
南水元４丁目,repark-rep0027160,東京都葛飾区南水元４丁目２ー２,35.777568240188,139.8620393006,self_propelled,9,TRUE,,,hourly,220,40,,ハイルーフ,5000,1900,2000,2000,9,,https://www.repark.jp/parking_user/time/result/detail/?park=REP0027160&st=4&pref=13
東金町３丁目第２,repark-rep0006511,東京都葛飾区東金町３丁目４０－６,35.773918799131,139.87169144504,self_propelled,4,TRUE,,,hourly,220,30,,ハイルーフ,5000,1900,2000,2000,4,,https://www.repark.jp/parking_user/time/result/detail/?park=REP0006511&st=4&pref=13
東金町４丁目,repark-rep0010784,東京都葛飾区東金町４丁目３８ー１８,35.775213135786,139.87347179258,self_propelled,8,TRUE,,,hourly,220,30,,ハイルーフ,5000,1900,2000,2000,8,,https://www.repark.jp/parking_user/time/result/detail/?park=REP0010784&st=4&pref=13
東水元１丁目,repark-rep0018469,東京都葛飾区東水元１丁目５ー９,35.778262700147,139.86720550657,self_propelled,4,TRUE,,,hourly,220,30,,ハイルーフ,5000,1900,2000,2000,4,,https://www.repark.jp/parking_user/time/result/detail/?park=REP0018469&st=4&pref=13
水元３丁目,repark-rep0027218,東京都葛飾区水元３丁目１３ー８,35.782212224042,139.86413335785,self_propelled,10,TRUE,,,hourly,200,30,,ハイルーフ,5000,1900,2000,2000,10,,https://www.repark.jp/parking_user/time/result/detail/?park=REP0027218&st=4&pref=13
東金町５丁目第２,repark-rep0019367,東京都葛飾区東金町５丁目３４ー１５,35.776835277315,139.87874072531,self_propelled,7,TRUE,,,hourly,220,40,,ハイルーフ,5000,1900,2000,2000,7,,https://www.repark.jp/parking_user/time/result/detail/?park=REP0019367&st=4&pref=13
東金町５丁目,repark-rep0015804,東京都葛飾区東金町５丁目１７ー１２,35.777957346936,139.8768880495,self_propelled,14,TRUE,,,hourly,200,30,,ハイルーフ,5000,1900,2000,2000,14,,https://www.repark.jp/parking_user/time/result/detail/?park=REP0015804&st=4&pref=13
東水元３丁目,repark-rep0013428,東京都葛飾区東水元３丁目１５ー１６,35.782859444378,139.86794412256,self_propelled,3,TRUE,,,hourly,220,40,,ハイルーフ,5000,1900,2000,2000,3,,https://www.repark.jp/parking_user/time/result/detail/?park=REP0013428&st=4&pref=13
西水元２丁目,repark-rep0010273,東京都葛飾区西水元２丁目９ー１９,35.786867037537,139.85012875058,self_propelled,7,TRUE,,,hourly,220,40,,ハイルーフ,5000,1900,2000,2000,7,,https://www.repark.jp/parking_user/time/result/detail/?park=REP0010273&st=4&pref=13
東金町５丁目第３,repark-rep0023158,東京都葛飾区東金町５丁目２６ー１２,35.778571207198,139.8790017347,self_propelled,8,TRUE,,,hourly,220,40,,ハイルーフ,5000,1900,2000,2000,8,,https://www.repark.jp/parking_user/time/result/detail/?park=REP0023158&st=4&pref=13
西水元３丁目第２,repark-rep0025917,東京都葛飾区西水元３丁目２ー１７,35.788355707438,139.84670118868,self_propelled,6,TRUE,,,hourly,220,60,,ハイルーフ,5000,1900,2000,2000,6,,https://www.repark.jp/parking_user/time/result/detail/?park=REP0025917&st=4&pref=13
西水元３丁目,repark-rep0006856,東京都葛飾区西水元３丁目２６－１７,35.788680754711,139.85139800565,self_propelled,4,TRUE,,,hourly,250,60,,ハイルーフ,5000,1900,2000,2000,4,,https://www.repark.jp/parking_user/time/result/detail/?park=REP0006856&st=4&pref=13
水元５丁目,repark-rep0022254,東京都葛飾区水元５丁目１３ー２,35.790266863779,139.86099991319,self_propelled,11,TRUE,,,hourly,550,1440,,ハイルーフ,5000,1900,2000,2000,11,,https://www.repark.jp/parking_user/time/result/detail/?park=REP0022254&st=4&pref=13
江戸川中央１丁目,repark-rep0002532,東京都江戸川区中央１丁目１２,35.706192661943,139.86893090387,self_propelled,19,TRUE,,,hourly,220,30,,ハイルーフ,5000,1900,2000,2000,19,,https://www.repark.jp/parking_user/time/result/detail/?park=REP0002532&st=4&pref=13
吉野家１４号線西小松川店,repark-rep0017429,,35.702354113171,139.86490363708,self_propelled,15,TRUE,,,hourly,300,30,,ハイルーフ,5000,1900,2000,2000,15,,https://www.repark.jp/parking_user/time/result/detail/?park=REP0017429&st=4&pref=13
東小松川１丁目,repark-rep0009519,東京都江戸川区東小松川１丁目１２ー１９,35.700287714645,139.86762017363,self_propelled,3,TRUE,,,hourly,220,20,,ハイルーフ,5000,1900,2000,2000,3,,https://www.repark.jp/parking_user/time/result/detail/?park=REP0009519&st=4&pref=13
新小岩第４,repark-rep0004657,東京都江戸川区松島３丁目１５－１４,35.712736295894,139.86262557021,self_propelled,2,TRUE,,,hourly,330,30,,ハイルーフ,5000,1900,2000,2000,2,,https://www.repark.jp/parking_user/time/result/detail/?park=REP0004657&st=4&pref=13
西小松川町,repark-rep0014704,,35.698907257086,139.86474547593,self_propelled,4,TRUE,,,hourly,220,25,,ハイルーフ,5000,1900,2000,2000,4,,https://www.repark.jp/parking_user/time/result/detail/?park=REP0014704&st=4&pref=13
松江２丁目,repark-rep0011007,東京都江戸川区松江２丁目４１ー８,35.70093778775,139.87578613252,self_propelled,9,TRUE,,,hourly,220,20,,ハイルーフ,5000,1900,2000,2000,9,,https://www.repark.jp/parking_user/time/result/detail/?park=REP0011007&st=4&pref=13
西小松川町第２,repark-rep0027045,,35.698751708263,139.86420386108,self_propelled,5,TRUE,,,hourly,220,30,,ハイルーフ,5000,1900,2000,2000,5,,https://www.repark.jp/parking_user/time/result/detail/?park=REP0027045&st=4&pref=13
大杉５丁目第３,repark-rep0020137,東京都江戸川区大杉５丁目２３ー３,35.707542690939,139.87885779528,self_propelled,7,TRUE,,,hourly,220,40,,ハイルーフ,5000,1900,2000,2000,7,,https://www.repark.jp/parking_user/time/result/detail/?park=REP0020137&st=4&pref=13
松島４丁目第３,repark-rep0026394,東京都江戸川区松島４丁目２６ー７,35.712075177691,139.85816486011,self_propelled,4,TRUE,,,hourly,220,30,,ハイルーフ,5000,1900,2000,2000,4,,https://www.repark.jp/parking_user/time/result/detail/?park=REP0026394&st=4&pref=13
江戸川中央３丁目,repark-rep0010860,東京都江戸川区中央３丁目１７,35.715264004869,139.87415227453,self_propelled,5,TRUE,,,hourly,200,30,,ハイルーフ,5000,1900,2000,2000,5,,https://www.repark.jp/parking_user/time/result/detail/?park=REP0010860&st=4&pref=13
新小岩第３,repark-rep0002154,東京都江戸川区松島４丁目４５－５,35.713916673339,139.85963132052,self_propelled,9,TRUE,,,hourly,220,20,,ハイルーフ,5000,1900,2000,2000,9,,https://www.repark.jp/parking_user/time/result/detail/?park=REP0002154&st=4&pref=13
松島４丁目第２,repark-rep0013485,東京都江戸川区松島４丁目２２ー４,35.711794622784,139.85650945551,self_propelled,5,TRUE,,,hourly,220,30,,ハイルーフ,5000,1900,2000,2000,5,,https://www.repark.jp/parking_user/time/result/detail/?park=REP0013485&st=4&pref=13
大杉４丁目,repark-rep0011365,東京都江戸川区大杉４丁目２１ー１３,35.708262113394,139.88202972073,self_propelled,7,TRUE,,,hourly,220,40,,ハイルーフ,5000,1900,2000,2000,7,,https://www.repark.jp/parking_user/time/result/detail/?park=REP0011365&st=4&pref=13
松江３丁目,repark-rep0009568,東京都江戸川区松江３丁目７ー３,35.694779979056,139.86809538777,self_propelled,3,TRUE,,,hourly,220,25,,ハイルーフ,5000,1900,2000,2000,3,,https://www.repark.jp/parking_user/time/result/detail/?park=REP0009568&st=4&pref=13
西一之江３丁目,repark-rep0011530,東京都江戸川区西一之江３丁目２ー２,35.694771765091,139.87491704362,self_propelled,9,TRUE,,,hourly,220,25,,ハイルーフ,5000,1900,2000,2000,9,,https://www.repark.jp/parking_user/time/result/detail/?park=REP0011530&st=4&pref=13
鹿骨６丁目,repark-rep0028321,東京都江戸川区鹿骨６丁目６ー６,35.713258829951,139.88369046373,self_propelled,10,TRUE,,,hourly,500,1440,,ハイルーフ,5000,1900,2000,2000,10,,https://www.repark.jp/parking_user/time/result/detail/?park=REP0028321&st=4&pref=13
松江７丁目,repark-rep0010092,東京都江戸川区松江７丁目１１ー１６,35.693388566504,139.87414217166,self_propelled,7,TRUE,,,hourly,220,30,,ハイルーフ,5000,1900,2000,2000,7,,https://www.repark.jp/parking_user/time/result/detail/?park=REP0010092&st=4&pref=13
東小松川３丁目,repark-rep0027245,東京都江戸川区東小松川３丁目１７ー３,35.692563479176,139.86409026646,self_propelled,7,TRUE,,,hourly,220,40,,ハイルーフ,5000,1900,2000,2000,7,,https://www.repark.jp/parking_user/time/result/detail/?park=REP0027245&st=4&pref=13
松江４丁目第３,repark-rep0017356,東京都江戸川区松江４丁目１８ー２０,35.692183075821,139.87044253442,self_propelled,10,TRUE,,,hourly,220,30,,ハイルーフ,5000,1900,2000,2000,10,,https://www.repark.jp/parking_user/time/result/detail/?park=REP0017356&st=4&pref=13
江戸川区興宮町,repark-rep0015545,,35.71968303355,139.87743513241,self_propelled,4,TRUE,,,hourly,200,40,,ハイルーフ,5000,1900,2000,2000,4,,https://www.repark.jp/parking_user/time/result/detail/?park=REP0015545&st=4&pref=13
一之江５丁目,repark-rep0027079,東京都江戸川区一之江５丁目１１ー１７,35.695599555366,139.88068874817,self_propelled,8,TRUE,,,hourly,200,30,,ハイルーフ,5000,1900,2000,2000,8,,https://www.repark.jp/parking_user/time/result/detail/?park=REP0027079&st=4&pref=13
平井４丁目第９,repark-rep0016861,東京都江戸川区平井４丁目２１ー２２,35.706870009995,139.84852145666,self_propelled,3,TRUE,,,hourly,220,20,,ハイルーフ,5000,1900,2000,2000,3,,https://www.repark.jp/parking_user/time/result/detail/?park=REP0016861&st=4&pref=13
平井４丁目第８,repark-rep0016552,東京都江戸川区平井４丁目１７ー１９,35.705917324076,139.84790210697,self_propelled,3,TRUE,,,hourly,220,20,,ハイルーフ,5000,1900,2000,2000,3,,https://www.repark.jp/parking_user/time/result/detail/?park=REP0016552&st=4&pref=13
松江５丁目,repark-rep0017571,東京都江戸川区松江５丁目１１ー２,35.689577770446,139.86883723271,self_propelled,4,TRUE,,,hourly,220,20,,ハイルーフ,5000,1900,2000,2000,4,,https://www.repark.jp/parking_user/time/result/detail/?park=REP0017571&st=4&pref=13
平井４丁目第７,repark-rep0016319,東京都江戸川区平井４丁目１５ー２,35.706364458612,139.84563283084,self_propelled,4,TRUE,,,hourly,220,30,,ハイルーフ,5000,1900,2000,2000,4,,https://www.repark.jp/parking_user/time/result/detail/?park=REP0016319&st=4&pref=13
東松本１丁目,repark-rep0018084,東京都江戸川区東松本１丁目３ー１６,35.72012476552,139.88385957853,self_propelled,10,TRUE,,,hourly,220,40,,ハイルーフ,5000,1900,2000,2000,10,,https://www.repark.jp/parking_user/time/result/detail/?park=REP0018084&st=4&pref=13
東小松川４丁目,repark-rep0013730,東京都江戸川区東小松川４丁目３７ー１１,35.688716657721,139.86346549548,self_propelled,6,TRUE,,,hourly,220,25,,ハイルーフ,5000,1900,2000,2000,6,,https://www.repark.jp/parking_user/time/result/detail/?park=REP0013730&st=4&pref=13
東小松川４丁目第２,repark-rep0014988,東京都江戸川区東小松川４丁目２１－３,35.688636106019,139.86321829772,self_propelled,5,TRUE,,,hourly,220,25,,ハイルーフ,5000,1900,2000,2000,5,,https://www.repark.jp/parking_user/time/result/detail/?park=REP0014988&st=4&pref=13
南小岩５丁目第３,repark-rep0027010,東京都江戸川区南小岩５丁目２ー８,35.722916080249,139.88078470536,self_propelled,10,TRUE,,,hourly,220,30,,ハイルーフ,5000,1900,2000,2000,10,,https://www.repark.jp/parking_user/time/result/detail/?park=REP0027010&st=4&pref=13
上一色２丁目,repark-rep0021967,東京都江戸川区上一色２丁目１７ー１１,35.726440587891,139.87417953562,self_propelled,5,TRUE,,,hourly,220,30,,ハイルーフ,5000,1900,2000,2000,5,,https://www.repark.jp/parking_user/time/result/detail/?park=REP0021967&st=4&pref=13
松江５丁目第２,repark-rep0019487,東京都江戸川区松江５丁目２４ー６,35.686500347956,139.87034558215,self_propelled,8,TRUE,,,hourly,330,30,,ハイルーフ,5000,1900,2000,2000,8,,https://www.repark.jp/parking_user/time/result/detail/?park=REP0019487&st=4&pref=13
南小岩１丁目,repark-rep0006879,東京都江戸川区南小岩１丁目１０－１４,35.719197165237,139.88835369201,self_propelled,8,TRUE,,,hourly,110,15,,ハイルーフ,5000,1900,2000,2000,8,,https://www.repark.jp/parking_user/time/result/detail/?park=REP0006879&st=4&pref=13
平井２丁目,repark-rep0007014,東京都江戸川区平井２丁目１５－９,35.70215376151,139.84354430918,self_propelled,12,TRUE,,,hourly,220,30,,ハイルーフ,5000,1900,2000,2000,12,,https://www.repark.jp/parking_user/time/result/detail/?park=REP0007014&st=4&pref=13
谷河内１丁目,repark-rep0027287,東京都江戸川区谷河内１丁目１ー１,35.701990754943,139.89306520402,self_propelled,8,TRUE,,,hourly,220,30,,ハイルーフ,5000,1900,2000,2000,8,,https://www.repark.jp/parking_user/time/result/detail/?park=REP0027287&st=4&pref=13
平井２丁目第２,repark-rep0026660,東京都江戸川区平井２丁目３ー１２,35.701426052808,139.84305549428,self_propelled,6,TRUE,,,hourly,220,30,,ハイルーフ,5000,1900,2000,2000,6,,https://www.repark.jp/parking_user/time/result/detail/?park=REP0026660&st=4&pref=13
南小岩５丁目,repark-rep0022241,東京都江戸川区南小岩５丁目２１ー１０,35.724521502198,139.8829983356,self_propelled,9,TRUE,,,hourly,220,30,,ハイルーフ,5000,1900,2000,2000,9,,https://www.repark.jp/parking_user/time/result/detail/?park=REP0022241&st=4&pref=13
南小岩４丁目第２,repark-rep0007893,東京都江戸川区南小岩４丁目１８ー１７,35.724293770341,139.88424546551,self_propelled,5,TRUE,,,hourly,220,30,,ハイルーフ,5000,1900,2000,2000,5,,https://www.repark.jp/parking_user/time/result/detail/?park=REP0007893&st=4&pref=13
南小岩５丁目第２,repark-rep0023407,東京都江戸川区南小岩５丁目１６ー１８,35.726429602559,139.88130672222,self_propelled,3,TRUE,,,hourly,220,30,,ハイルーフ,5000,1900,2000,2000,3,,https://www.repark.jp/parking_user/time/result/detail/?park=REP0023407&st=4&pref=13
東小岩１丁目第３,repark-rep0025700,東京都江戸川区東小岩１丁目２ー２５,35.718463979989,139.89232284013,self_propelled,5,TRUE,,,hourly,220,15,,ハイルーフ,5000,1900,2000,2000,5,,https://www.repark.jp/parking_user/time/result/detail/?park=REP0025700&st=4&pref=13
西瑞江２丁目,repark-rep0010214,東京都江戸川区瑞江４丁目１１ー３８,35.693466633364,139.89115742197,self_propelled,5,TRUE,,,hourly,220,40,,ハイルーフ,5000,1900,2000,2000,5,,https://www.repark.jp/parking_user/time/result/detail/?park=REP0010214&st=4&pref=13
一之江７丁目,repark-rep0009713,東京都江戸川区一之江７丁目６１ー１６,35.684209064578,139.87822003369,self_propelled,8,TRUE,,,hourly,220,25,,ハイルーフ,5000,1900,2000,2000,8,,https://www.repark.jp/parking_user/time/result/detail/?park=REP0009713&st=4&pref=13
南小岩７丁目第４,repark-rep0003222,東京都江戸川区南小岩７丁目７－３,35.728148880516,139.88232878017,self_propelled,9,TRUE,,,hourly,220,30,,ハイルーフ,5000,1900,2000,2000,9,,https://www.repark.jp/parking_user/time/result/detail/?park=REP0003222&st=4&pref=13
一之江７丁目第２,repark-rep0024201,東京都江戸川区一之江７丁目６６ー８,35.683572998198,139.87693683654,self_propelled,8,TRUE,,,hourly,220,30,,ハイルーフ,5000,1900,2000,2000,8,,https://www.repark.jp/parking_user/time/result/detail/?park=REP0024201&st=4&pref=13
西瑞江２丁目第２,repark-rep0010239,東京都江戸川区瑞江４丁目２８ー９,35.693522219873,139.89330168533,self_propelled,4,TRUE,,,hourly,220,40,,ハイルーフ,5000,1900,2000,2000,4,,https://www.repark.jp/parking_user/time/result/detail/?park=REP0010239&st=4&pref=13
南小岩６丁目第２,repark-rep0018856,東京都江戸川区南小岩６丁目２０ー５,35.729512577903,139.87970949091,self_propelled,3,TRUE,,,hourly,220,25,,ハイルーフ,5000,1900,2000,2000,3,,https://www.repark.jp/parking_user/time/result/detail/?park=REP0018856&st=4&pref=13
平井７丁目第４,repark-rep0009593,東京都江戸川区平井７丁目１６ー２５,35.713807991021,139.83902470389,self_propelled,2,TRUE,,,hourly,110,20,,ハイルーフ,5000,1900,2000,2000,2,,https://www.repark.jp/parking_user/time/result/detail/?park=REP0009593&st=4&pref=13
東小岩１丁目第２,repark-rep0021434,東京都江戸川区東小岩１丁目２２ー６,35.721272026124,139.89309486972,self_propelled,4,TRUE,,,hourly,220,30,,ハイルーフ,5000,1900,2000,2000,4,,https://www.repark.jp/parking_user/time/result/detail/?park=REP0021434&st=4&pref=13
南小岩３丁目第２,repark-rep0022381,東京都江戸川区南小岩３丁目１７ー９,35.727162939307,139.8860118527,self_propelled,6,TRUE,,,hourly,220,20,,ハイルーフ,5000,1900,2000,2000,6,,https://www.repark.jp/parking_user/time/result/detail/?park=REP0022381&st=4&pref=13
平井７丁目第３,repark-rep0009486,東京都江戸川区平井７丁目１７ー２９,35.715080065877,139.83833303576,self_propelled,8,TRUE,,,hourly,220,30,,ハイルーフ,5000,1900,2000,2000,8,,https://www.repark.jp/parking_user/time/result/detail/?park=REP0009486&st=4&pref=13
平井７丁目第２,repark-rep0009828,東京都江戸川区平井７丁目１７ー２９,35.715071729567,139.83814971837,self_propelled,5,TRUE,,,hourly,220,30,,ハイルーフ,5000,1900,2000,2000,5,,https://www.repark.jp/parking_user/time/result/detail/?park=REP0009828&st=4&pref=13
瑞江２丁目,repark-rep0021446,東京都江戸川区瑞江２丁目３４ー２３,35.696580297368,139.8973428759,self_propelled,4,TRUE,,,hourly,220,30,,ハイルーフ,5000,1900,2000,2000,4,,https://www.repark.jp/parking_user/time/result/detail/?park=REP0021446&st=4&pref=13
上篠崎４丁目第２,repark-rep0027935,東京都江戸川区上篠崎４丁目１７ー１７,35.708376305778,139.90009765895,self_propelled,6,TRUE,,,hourly,200,30,,ハイルーフ,5000,1900,2000,2000,6,,https://www.repark.jp/parking_user/time/result/detail/?park=REP0027935&st=4&pref=13
西瑞江５丁目,repark-rep0009743,東京都江戸川区西瑞江５丁目５ー１,35.682084326824,139.8802227432,self_propelled,3,TRUE,,,hourly,110,15,,ハイルーフ,5000,1900,2000,2000,3,,https://www.repark.jp/parking_user/time/result/detail/?park=REP0009743&st=4&pref=13
西小岩１丁目第４,repark-rep0027889,東京都江戸川区西小岩１丁目１９ー３,35.732078958027,139.87900109757,self_propelled,13,TRUE,,,hourly,220,20,,ハイルーフ,5000,1900,2000,2000,13,,https://www.repark.jp/parking_user/time/result/detail/?park=REP0027889&st=4&pref=13
南小岩７丁目第３,repark-rep0001785,東京都江戸川区南小岩７丁目３２－１２,35.730448678191,139.88482846668,self_propelled,19,TRUE,,,hourly,200,25,,ハイルーフ,5000,1900,2000,2000,19,,https://www.repark.jp/parking_user/time/result/detail/?park=REP0001785&st=4&pref=13
篠崎町７丁目第３,repark-rep0028698,東京都江戸川区篠崎町７丁目１７‐１９,35.706526535944,139.90194759049,self_propelled,6,TRUE,,,hourly,300,30,,ハイルーフ,5000,1900,2000,2000,6,,https://www.repark.jp/parking_user/time/result/detail/?park=REP0028698&st=4&pref=13
西小岩２丁目第２,repark-rep0028773,東京都江戸川区西小岩２丁目１０‐４,35.734150871811,139.87404308092,self_propelled,6,TRUE,,,hourly,200,40,,ハイルーフ,5000,1900,2000,2000,6,,https://www.repark.jp/parking_user/time/result/detail/?park=REP0028773&st=4&pref=13
篠崎町７丁目第２,repark-rep0027044,東京都江戸川区篠崎町７丁目１４ー１７,35.704149024763,139.90266430744,self_propelled,10,TRUE,,,hourly,110,20,,ハイルーフ,5000,1900,2000,2000,10,,https://www.repark.jp/parking_user/time/result/detail/?park=REP0027044&st=4&pref=13
東小岩４丁目第２,repark-rep0025873,東京都江戸川区東小岩４丁目２９ー６,35.728501764913,139.8905808566,self_propelled,7,TRUE,,,hourly,330,30,,ハイルーフ,5000,1900,2000,2000,7,,https://www.repark.jp/parking_user/time/result/detail/?park=REP0025873&st=4&pref=13
西瑞江２丁目第３,repark-rep0010246,東京都江戸川区東瑞江１丁目２２ー９,35.690994780747,139.8971681476,self_propelled,4,TRUE,,,hourly,200,30,,ハイルーフ,5000,1900,2000,2000,4,,https://www.repark.jp/parking_user/time/result/detail/?park=REP0010246&st=4&pref=13
上篠崎２丁目,repark-rep0028553,東京都江戸川区上篠崎２丁目９‐１８,35.709734545508,139.90307512713,self_propelled,6,TRUE,,,hourly,220,30,,ハイルーフ,5000,1900,2000,2000,6,,https://www.repark.jp/parking_user/time/result/detail/?park=REP0028553&st=4&pref=13
上篠崎４丁目,repark-rep0011064,東京都江戸川区上篠崎４丁目３０ー５,35.708223598741,139.90322518424,self_propelled,9,TRUE,,,hourly,200,30,,ハイルーフ,5000,1900,2000,2000,9,,https://www.repark.jp/parking_user/time/result/detail/?park=REP0011064&st=4&pref=13
篠崎町１丁目,repark-rep0026009,東京都江戸川区篠崎町１丁目３ー１２,35.709565122784,139.90325567594,self_propelled,6,TRUE,,,hourly,220,30,,ハイルーフ,5000,1900,2000,2000,6,,https://www.repark.jp/parking_user/time/result/detail/?park=REP0026009&st=4&pref=13
東小岩５丁目第４,repark-rep0027254,東京都江戸川区東小岩５丁目３ー８,35.73154581423,139.88662548892,self_propelled,4,TRUE,,,hourly,200,40,,ハイルーフ,5000,1900,2000,2000,4,,https://www.repark.jp/parking_user/time/result/detail/?park=REP0027254&st=4&pref=13
南小岩８丁目第２,repark-rep0002176,東京都江戸川区南小岩８丁目２２－２３,35.731740233923,139.88636716842,self_propelled,4,TRUE,,,hourly,220,30,,ハイルーフ,5000,1900,2000,2000,4,,https://www.repark.jp/parking_user/time/result/detail/?park=REP0002176&st=4&pref=13
江戸川３丁目第２,repark-rep0019365,東京都江戸川区江戸川３丁目３９ー４７,35.684409273762,139.89142170608,self_propelled,6,TRUE,,,hourly,200,30,,ハイルーフ,5000,1900,2000,2000,6,,https://www.repark.jp/parking_user/time/result/detail/?park=REP0019365&st=4&pref=13
小岩駅南口第５,repark-rep0008397,東京都江戸川区南小岩８丁目１２,35.733209486662,139.88441448493,self_propelled,15,TRUE,,,hourly,200,25,,ハイルーフ,5000,1900,2000,2000,15,,https://www.repark.jp/parking_user/time/result/detail/?park=REP0008397&st=4&pref=13
篠崎駅前第２,repark-rep0009475,東京都江戸川区篠崎町２丁目４０３－９,35.705657238779,139.90503070847,self_propelled,5,TRUE,,,hourly,200,20,,ハイルーフ,5000,1900,2000,2000,5,,https://www.repark.jp/parking_user/time/result/detail/?park=REP0009475&st=4&pref=13
西小岩３丁目第３,repark-rep0016354,東京都江戸川区西小岩３丁目３２番１１号,35.735673031621,139.87980364342,self_propelled,13,TRUE,,,hourly,220,30,,ハイルーフ,5000,1900,2000,2000,13,,https://www.repark.jp/parking_user/time/result/detail/?park=REP0016354&st=4&pref=13
南篠崎町１丁目,repark-rep0023954,東京都江戸川区南篠崎町１丁目６ー９,35.695230536735,139.90278137539,self_propelled,4,TRUE,,,hourly,200,30,,ハイルーフ,5000,1900,2000,2000,4,,https://www.repark.jp/parking_user/time/result/detail/?park=REP0023954&st=4&pref=13
江戸川３丁目第３,repark-rep0028697,東京都江戸川区江戸川３丁目２７ー１９,35.684195448289,139.89374929962,self_propelled,8,TRUE,,,hourly,200,30,,ハイルーフ,5000,1900,2000,2000,8,,https://www.repark.jp/parking_user/time/result/detail/?park=REP0028697&st=4&pref=13
篠崎町２丁目第２,repark-rep0024378,東京都江戸川区篠崎町２丁目２０ー５,35.705368402554,139.90628339573,self_propelled,4,TRUE,,,hourly,100,15,,ハイルーフ,5000,1900,2000,2000,4,,https://www.repark.jp/parking_user/time/result/detail/?park=REP0024378&st=4&pref=13
宇喜田町,repark-rep0009758,,35.675931886544,139.86188288261,self_propelled,5,TRUE,,,hourly,110,15,,ハイルーフ,5000,1900,2000,2000,5,,https://www.repark.jp/parking_user/time/result/detail/?park=REP0009758&st=4&pref=13
西小岩３丁目,repark-rep0000560,東京都江戸川区西小岩３丁目２８－１４,35.737014529807,139.87835370207,self_propelled,6,TRUE,,,hourly,200,30,,ハイルーフ,5000,1900,2000,2000,6,,https://www.repark.jp/parking_user/time/result/detail/?park=REP0000560&st=4&pref=13
西小岩４丁目,repark-rep0007336,東京都江戸川区西小岩４丁目２ー１２,35.736953460368,139.88035909433,self_propelled,7,TRUE,,,hourly,400,60,,ハイルーフ,5000,1900,2000,2000,7,,https://www.repark.jp/parking_user/time/result/detail/?park=REP0007336&st=4&pref=13
江戸川６丁目,repark-rep0014745,東京都江戸川区江戸川６丁目２９ー１２,35.674682197103,139.87200987712,self_propelled,3,TRUE,,,hourly,200,30,,ハイルーフ,5000,1900,2000,2000,3,,https://www.repark.jp/parking_user/time/result/detail/?park=REP0014745&st=4&pref=13
江戸川６丁目第２,repark-rep0020843,東京都江戸川区江戸川６丁目２８,35.674648859101,139.87157658064,self_propelled,6,TRUE,,,hourly,200,30,,ハイルーフ,5000,1900,2000,2000,6,,https://www.repark.jp/parking_user/time/result/detail/?park=REP0020843&st=4&pref=13
西小岩５丁目第３,repark-rep0022010,東京都江戸川区西小岩５丁目１０ー４,35.737214588994,139.88296719871,self_propelled,7,TRUE,,,hourly,220,30,,ハイルーフ,5000,1900,2000,2000,7,,https://www.repark.jp/parking_user/time/result/detail/?park=REP0022010&st=4&pref=13
江戸川２丁目,repark-rep0027142,東京都江戸川区江戸川２丁目４ー１６,35.684376062324,139.89823503077,self_propelled,5,TRUE,,,hourly,200,30,,ハイルーフ,5000,1900,2000,2000,5,,https://www.repark.jp/parking_user/time/result/detail/?park=REP0027142&st=4&pref=13
中葛西１丁目第３,repark-rep0005463,東京都江戸川区中葛西１丁目４９－１３,35.673668410717,139.87167661748,self_propelled,4,TRUE,,,hourly,220,20,,ハイルーフ,5000,1900,2000,2000,4,,https://www.repark.jp/parking_user/time/result/detail/?park=REP0005463&st=4&pref=13
北小岩２丁目第５,repark-rep0017499,東京都江戸川区北小岩２丁目２１ー１６,35.736878565266,139.88590585913,self_propelled,2,TRUE,,,hourly,220,25,,ハイルーフ,5000,1900,2000,2000,2,,https://www.repark.jp/parking_user/time/result/detail/?park=REP0017499&st=4&pref=13
西小岩３丁目第２,repark-rep0007974,東京都江戸川区西小岩３丁目３７ー９,35.739097643245,139.8785397017,self_propelled,7,TRUE,,,hourly,220,30,,ハイルーフ,5000,1900,2000,2000,7,,https://www.repark.jp/parking_user/time/result/detail/?park=REP0007974&st=4&pref=13
北小岩１丁目,repark-rep0027507,東京都江戸川区北小岩１丁目１１ー８,35.737025837059,139.88965831871,self_propelled,10,TRUE,,,hourly,200,30,,ハイルーフ,5000,1900,2000,2000,10,,https://www.repark.jp/parking_user/time/result/detail/?park=REP0027507&st=4&pref=13
篠崎町４丁目,repark-rep0020397,東京都江戸川区篠崎町４丁目１９ー１８,35.700380126965,139.91085546772,self_propelled,6,TRUE,,,hourly,220,30,,ハイルーフ,5000,1900,2000,2000,6,,https://www.repark.jp/parking_user/time/result/detail/?park=REP0020397&st=4&pref=13
北小岩２丁目第８,repark-rep0028558,東京都江戸川区北小岩２丁目２５ー７,35.739147774214,139.8863446072,self_propelled,4,TRUE,,,hourly,220,30,,ハイルーフ,5000,1900,2000,2000,4,,https://www.repark.jp/parking_user/time/result/detail/?park=REP0028558&st=4&pref=13
中葛西２丁目第３,repark-rep0026793,東京都江戸川区中葛西２丁目１８ー１５,35.671604801197,139.87504032214,self_propelled,4,TRUE,,,hourly,220,30,,ハイルーフ,5000,1900,2000,2000,4,,https://www.repark.jp/parking_user/time/result/detail/?park=REP0026793&st=4&pref=13
中葛西２丁目,repark-rep0001509,東京都江戸川区中葛西２丁目４－３７,35.671288154821,139.8742820667,self_propelled,3,TRUE,,,hourly,220,30,,ハイルーフ,5000,1900,2000,2000,3,,https://www.repark.jp/parking_user/time/result/detail/?park=REP0001509&st=4&pref=13
西葛西１丁目,repark-rep0007037,東京都江戸川区西葛西１丁目５５９－３,35.672104406883,139.85552525385,self_propelled,5,TRUE,,,hourly,220,25,,ハイルーフ,5000,1900,2000,2000,5,,https://www.repark.jp/parking_user/time/result/detail/?park=REP0007037&st=4&pref=13
北小岩２丁目第３,repark-rep0009239,東京都江戸川区北小岩２丁目１３ー１０,35.741328049753,139.88363917549,self_propelled,4,TRUE,,,hourly,220,30,,ハイルーフ,5000,1900,2000,2000,4,,https://www.repark.jp/parking_user/time/result/detail/?park=REP0009239&st=4&pref=13
北小岩２丁目第６,repark-rep0019370,東京都江戸川区北小岩２丁目７ー４,35.741644662384,139.88252258664,self_propelled,10,TRUE,,,hourly,400,60,,ハイルーフ,5000,1900,2000,2000,10,,https://www.repark.jp/parking_user/time/result/detail/?park=REP0019370&st=4&pref=13
西葛西１丁目第２,repark-rep0018553,東京都江戸川区西葛西１丁目１３ー５,35.67087677989,139.85665299372,self_propelled,2,TRUE,,,hourly,220,30,,ハイルーフ,5000,1900,2000,2000,2,,https://www.repark.jp/parking_user/time/result/detail/?park=REP0018553&st=4&pref=13
中葛西２丁目第２,repark-rep0021598,東京都江戸川区中葛西２丁目２４ー１２,35.669882746022,139.87404604001,self_propelled,4,TRUE,,,hourly,220,30,,ハイルーフ,5000,1900,2000,2000,4,,https://www.repark.jp/parking_user/time/result/detail/?park=REP0021598&st=4&pref=13
北小岩５丁目,repark-rep0006870,東京都江戸川区北小岩５丁目４番１６号,35.740753172859,139.887166687,self_propelled,8,TRUE,,,hourly,220,25,,ハイルーフ,5000,1900,2000,2000,8,,https://www.repark.jp/parking_user/time/result/detail/?park=REP0006870&st=4&pref=13
北小岩６丁目第９,repark-rep0028486,東京都江戸川区北小岩６丁目１６ー５,35.74260292911,139.88453904205,self_propelled,6,TRUE,,,hourly,300,20,,ハイルーフ,5000,1900,2000,2000,6,,https://www.repark.jp/parking_user/time/result/detail/?park=REP0028486&st=4&pref=13
北小岩４丁目第２,repark-rep0026785,東京都江戸川区北小岩４丁目３ー１２,35.739336761719,139.89314125604,self_propelled,9,TRUE,,,hourly,200,30,,ハイルーフ,5000,1900,2000,2000,9,,https://www.repark.jp/parking_user/time/result/detail/?park=REP0026785&st=4&pref=13
北小岩６丁目第８,repark-rep0025360,東京都江戸川区北小岩６丁目１６ー１２,35.742705700793,139.88486401033,self_propelled,7,TRUE,,,hourly,220,40,,ハイルーフ,5000,1900,2000,2000,7,,https://www.repark.jp/parking_user/time/result/detail/?park=REP0025360&st=4&pref=13
北小岩６丁目第３,repark-rep0004915,東京都江戸川区北小岩６丁目１６番１０号,35.742736259783,139.88522231217,self_propelled,12,TRUE,,,hourly,200,30,,ハイルーフ,5000,1900,2000,2000,12,,https://www.repark.jp/parking_user/time/result/detail/?park=REP0004915&st=4&pref=13
中葛西３丁目第２,repark-rep0008738,東京都江戸川区中葛西３丁目２４ー６,35.668057872562,139.87011589444,self_propelled,3,TRUE,,,hourly,220,40,,ハイルーフ,5000,1900,2000,2000,3,,https://www.repark.jp/parking_user/time/result/detail/?park=REP0008738&st=4&pref=13
東葛西５丁目,repark-rep0007492,東京都江戸川区東葛西５丁目１９ー５,35.667166397366,139.87563769991,self_propelled,6,TRUE,,,hourly,220,30,,ハイルーフ,5000,1900,2000,2000,6,,https://www.repark.jp/parking_user/time/result/detail/?park=REP0007492&st=4&pref=13
北小岩４丁目,repark-rep0011541,東京都江戸川区北小岩４丁目２９ー１６,35.74056167582,139.89572431812,self_propelled,7,TRUE,,,hourly,200,30,,ハイルーフ,5000,1900,2000,2000,7,,https://www.repark.jp/parking_user/time/result/detail/?park=REP0011541&st=4&pref=13
北小岩６丁目第６,repark-rep0015629,東京都江戸川区北小岩６丁目２７ー１５,35.745083231282,139.88525275757,self_propelled,5,TRUE,,,hourly,220,30,,ハイルーフ,5000,1900,2000,2000,5,,https://www.repark.jp/parking_user/time/result/detail/?park=REP0015629&st=4&pref=13
東葛西５丁目第３,repark-rep0009577,東京都江戸川区東葛西５丁目３３ー５,35.666583185792,139.87901800103,self_propelled,11,TRUE,,,hourly,220,30,,ハイルーフ,5000,1900,2000,2000,11,,https://www.repark.jp/parking_user/time/result/detail/?park=REP0009577&st=4&pref=13
中葛西３丁目第４,repark-rep0009607,東京都江戸川区中葛西３丁目２０ー２,35.665338727042,139.87061042358,self_propelled,5,TRUE,,,hourly,220,25,,ハイルーフ,5000,1900,2000,2000,5,,https://www.repark.jp/parking_user/time/result/detail/?park=REP0009607&st=4&pref=13
中葛西４丁目,repark-rep0008409,東京都江戸川区中葛西４丁目３ー１８,35.665294201349,139.86566083669,self_propelled,5,TRUE,,,hourly,220,25,,ハイルーフ,5000,1900,2000,2000,5,,https://www.repark.jp/parking_user/time/result/detail/?park=REP0008409&st=4&pref=13
西葛西３丁目,repark-rep0007772,東京都江戸川区西葛西３丁目３ー３,35.666582769906,139.85520608961,self_propelled,5,TRUE,,,hourly,220,15,,ハイルーフ,5000,1900,2000,2000,5,,https://www.repark.jp/parking_user/time/result/detail/?park=REP0007772&st=4&pref=13
東葛西５丁目第２,repark-rep0008163,東京都江戸川区東葛西５丁目１７ー２０,35.665297153497,139.87564889605,self_propelled,8,TRUE,,,hourly,220,25,,ハイルーフ,5000,1900,2000,2000,8,,https://www.repark.jp/parking_user/time/result/detail/?park=REP0008163&st=4&pref=13
北小岩６丁目第７,repark-rep0022394,東京都江戸川区北小岩６丁目５３ー７,35.745838763864,139.8885385609,self_propelled,7,TRUE,,,hourly,220,30,,ハイルーフ,5000,1900,2000,2000,7,,https://www.repark.jp/parking_user/time/result/detail/?park=REP0022394&st=4&pref=13
西葛西駅前第４,repark-rep0008904,東京都江戸川区西葛西５丁目６ー２１,35.66465529132,139.860544624,self_propelled,3,TRUE,,,hourly,200,15,,ハイルーフ,5000,1900,2000,2000,3,,https://www.repark.jp/parking_user/time/result/detail/?park=REP0008904&st=4&pref=13
中葛西３丁目第３,repark-rep0009442,東京都江戸川区中葛西３丁目１８ー３,35.66419995417,139.870285503,self_propelled,11,TRUE,,,hourly,220,25,,ハイルーフ,5000,1900,2000,2000,11,,https://www.repark.jp/parking_user/time/result/detail/?park=REP0009442&st=4&pref=13
中葛西５丁目,repark-rep0004026,東京都江戸川区中葛西５丁目１２,35.66396380628,139.86672747536,self_propelled,4,TRUE,,,hourly,200,30,,ハイルーフ,5000,1900,2000,2000,4,,https://www.repark.jp/parking_user/time/result/detail/?park=REP0004026&st=4&pref=13
西葛西６丁目第２,repark-rep0025824,東京都江戸川区西葛西６丁目１０ー３,35.663627582346,139.85820319878,self_propelled,9,TRUE,,,hourly,220,25,,ハイルーフ,5000,1900,2000,2000,9,,https://www.repark.jp/parking_user/time/result/detail/?park=REP0025824&st=4&pref=13
東葛西５丁目第６,repark-rep0024031,東京都江戸川区東葛西５丁目５３ー８,35.663891858864,139.88200676574,self_propelled,4,TRUE,,,hourly,220,40,,ハイルーフ,5000,1900,2000,2000,4,,https://www.repark.jp/parking_user/time/result/detail/?park=REP0024031&st=4&pref=13
葛西駅前第２,repark-rep0028443,東京都江戸川区東葛西６丁目５ー１５,35.66252243345,139.87468521485,self_propelled,2,TRUE,,,hourly,200,15,,ハイルーフ,5000,1900,2000,2000,2,,https://www.repark.jp/parking_user/time/result/detail/?park=REP0028443&st=4&pref=13
中葛西５丁目第４,repark-rep0023583,東京都江戸川区中葛西５丁目１ー２,35.662294500563,139.86442218868,self_propelled,3,TRUE,,,hourly,220,25,,ハイルーフ,5000,1900,2000,2000,3,,https://www.repark.jp/parking_user/time/result/detail/?park=REP0023583&st=4&pref=13
中葛西５丁目第５,repark-rep0027743,東京都江戸川区中葛西５丁目２７ー１５,35.661322480001,139.87000232501,self_propelled,6,TRUE,,,hourly,300,30,,ハイルーフ,5000,1900,2000,2000,6,,https://www.repark.jp/parking_user/time/result/detail/?park=REP0027743&st=4&pref=13
葛西駅前,repark-rep0003213,東京都江戸川区中葛西５丁目４１,35.661322527687,139.87273265426,self_propelled,12,TRUE,,,hourly,300,30,,ハイルーフ,5000,1900,2000,2000,12,,https://www.repark.jp/parking_user/time/result/detail/?park=REP0003213&st=4&pref=13
西葛西７丁目,repark-rep0007274,東京都江戸川区西葛西７丁目１１,35.661188992364,139.86038924152,self_propelled,8,TRUE,,,hourly,200,20,,ハイルーフ,5000,1900,2000,2000,8,,https://www.repark.jp/parking_user/time/result/detail/?park=REP0007274&st=4&pref=13
中葛西５丁目第３,repark-rep0017545,東京都江戸川区中葛西５丁目４０ー１３,35.660736478838,139.87270212778,self_propelled,15,TRUE,,,hourly,300,30,,ハイルーフ,5000,1900,2000,2000,15,,https://www.repark.jp/parking_user/time/result/detail/?park=REP0017545&st=4&pref=13
西葛西７丁目第２,repark-rep0013771,東京都江戸川区西葛西７丁目４ー６,35.661247288738,139.85859216508,self_propelled,14,TRUE,,,hourly,200,20,,ハイルーフ,5000,1900,2000,2000,14,,https://www.repark.jp/parking_user/time/result/detail/?park=REP0013771&st=4&pref=13
西葛西７丁目第３,repark-rep0021426,東京都江戸川区西葛西７丁目１３ー１,35.660247433478,139.86075592042,self_propelled,5,TRUE,,,hourly,220,20,,ハイルーフ,5000,1900,2000,2000,5,,https://www.repark.jp/parking_user/time/result/detail/?park=REP0021426&st=4&pref=13
東葛西９丁目,repark-rep0007767,東京都江戸川区東葛西９丁目１２ー１４,35.657709229376,139.88442351673,self_propelled,6,TRUE,,,hourly,220,30,,ハイルーフ,5000,1900,2000,2000,6,,https://www.repark.jp/parking_user/time/result/detail/?park=REP0007767&st=4&pref=13
南葛西１丁目,repark-rep0021373,東京都江戸川区南葛西１丁目８ー１１,35.655725872748,139.87098305727,self_propelled,4,TRUE,,,hourly,220,40,,ハイルーフ,5000,1900,2000,2000,4,,https://www.repark.jp/parking_user/time/result/detail/?park=REP0021373&st=4&pref=13
東葛西９丁目第２,repark-rep0010417,東京都江戸川区東葛西９丁目１３－１０,35.656820434763,139.88438467188,self_propelled,4,TRUE,,,hourly,220,40,,ハイルーフ,5000,1900,2000,2000,4,,https://www.repark.jp/parking_user/time/result/detail/?park=REP0010417&st=4&pref=13
南葛西住宅,repark-rep0025593,東京都江戸川区南葛西１丁目１ー２,35.654320403843,139.86730564939,self_propelled,5,TRUE,,,hourly,300,60,,ハイルーフ,5000,1900,2000,2000,5,,https://www.repark.jp/parking_user/time/result/detail/?park=REP0025593&st=4&pref=13
南葛西２丁目,repark-rep0007252,東京都江戸川区南葛西２丁目１１ー２,35.652676241878,139.87344132654,self_propelled,6,TRUE,,,hourly,220,40,,ハイルーフ,5000,1900,2000,2000,6,,https://www.repark.jp/parking_user/time/result/detail/?park=REP0007252&st=4&pref=13
南葛西６丁目,repark-rep0010315,東京都江戸川区南葛西６丁目８ー１３,35.6466713804,139.87637469343,self_propelled,6,TRUE,,,hourly,220,30,,ハイルーフ,5000,1900,2000,2000,6,,https://www.repark.jp/parking_user/time/result/detail/?park=REP0010315&st=4&pref=13
南葛西５丁目,repark-rep0008271,東京都江戸川区南葛西５丁目３ー３０,35.644771512778,139.87231956169,self_propelled,7,TRUE,,,hourly,300,40,,ハイルーフ,5000,1900,2000,2000,7,,https://www.repark.jp/parking_user/time/result/detail/?park=REP0008271&st=4&pref=13